{"type":"FeatureCollection", "features": [
{"type":"Feature","geometry":{"type":"Polygon","coordinates":[[[126.97689,37.57565],[126.9758,37.57565],[126.97433,37.57575],[126.97394,37.57824],[126.97392,37.57849],[126.97382,37.57937],[126.97135,37.57951],[126.9699,37.5793],[126.96967,37.57911],[126.96967,37.57899],[126.96967,37.57874],[126.96966,37.57853],[126.96941,37.57812],[126.96921,37.57794],[126.96896,37.57794],[126.96807,37.57825],[126.96746,37.57898],[126.96743,37.57919],[126.96742,37.57926],[126.96742,37.5796],[126.96281,37.57945],[126.96284,37.57666],[126.96309,37.57649],[126.96366,37.57517],[126.96601,37.57155],[126.96593,37.57032],[126.96573,37.57018],[126.9661,37.56986],[126.96628,37.5697],[126.96665,37.56949],[126.96854,37.56843],[126.96905,37.56819],[126.97433,37.56926],[126.97537,37.56932],[126.97597,37.56934],[126.97703,37.56919],[126.97689,37.57565]]]},"properties":{"adm_cd2":"1111053000","adm_nm":"서울특별시 종로구 사직동","sggnm":"종로구"}},
{"type":"Feature","geometry":{"type":"Polygon","coordinates":[[[126.98269,37.59507],[126.98106,37.59507],[126.97585,37.59656],[126.97359,37.59329],[126.97364,37.59259],[126.97569,37.58968],[126.97615,37.58955],[126.97657,37.5893],[126.97888,37.58727],[126.97897,37.58718],[126.97942,37.5859],[126.9803,37.58099],[126.98003,37.58009],[126.97974,37.57913],[126.97969,37.57861],[126.97962,37.57716],[126.97961,37.57661],[126.97959,37.57598],[126.97984,37.57594],[126.98315,37.57553],[126.98434,37.57606],[126.98495,37.57634],[126.98553,37.57667],[126.98464,37.57734],[126.98403,37.57843],[126.98299,37.58206],[126.98286,37.58261],[126.98284,37.58272],[126.98284,37.58285],[126.98285,37.58323],[126.98292,37.58346],[126.98371,37.58497],[126.98447,37.58537],[126.98497,37.58563],[126.98534,37.58615],[126.98579,37.58708],[126.98596,37.58742],[126.98601,37.58802],[126.98601,37.5882],[126.98621,37.58902],[126.9879,37.59056],[126.98908,37.59139],[126.98948,37.5918],[126.98911,37.59195],[126.98876,37.5921],[126.98753,37.59225],[126.98648,37.59251],[126.98576,37.59279],[126.98533,37.59301],[126.98529,37.59303],[126.98523,37.59306],[126.98468,37.59333],[126.98427,37.59358],[126.98401,37.59376],[126.98387,37.59385],[126.98337,37.59435],[126.98269,37.59507]]]},"properties":{"adm_cd2":"1111054000","adm_nm":"서울특별시 종로구 삼청동","sggnm":"종로구"}},
{"type":"Feature","geometry":{"type":"Polygon","coordinates":[[[126.97585,37.59656],[126.97401,37.59694],[126.97383,37.59703],[126.97368,37.5971],[126.97419,37.59761],[126.9741,37.59797],[126.9733,37.59882],[126.96715,37.60029],[126.96661,37.6006],[126.96616,37.60088],[126.96566,37.60137],[126.96433,37.60331],[126.96326,37.604],[126.96316,37.60419],[126.9627,37.60506],[126.96223,37.60562],[126.9621,37.6058],[126.96197,37.60603],[126.96189,37.60619],[126.96183,37.60631],[126.96177,37.60642],[126.96176,37.60645],[126.9617,37.6066],[126.96167,37.60667],[126.96166,37.60671],[126.96164,37.60678],[126.96153,37.60706],[126.96107,37.60697],[126.96001,37.60586],[126.95909,37.60474],[126.95873,37.60381],[126.95863,37.60374],[126.95842,37.60362],[126.95825,37.60354],[126.95815,37.60353],[126.95463,37.60457],[126.95424,37.60471],[126.95401,37.6048],[126.95386,37.60493],[126.95338,37.60537],[126.95344,37.60517],[126.95354,37.60462],[126.95354,37.60457],[126.95354,37.60449],[126.95351,37.60427],[126.95326,37.6032],[126.9532,37.60301],[126.95308,37.60291],[126.95301,37.60287],[126.95288,37.60279],[126.9528,37.60269],[126.95278,37.60226],[126.95278,37.60221],[126.95277,37.60144],[126.95276,37.60128],[126.95275,37.60041],[126.95351,37.59912],[126.95383,37.59881],[126.95394,37.5987],[126.95397,37.59867],[126.95409,37.59855],[126.95552,37.59848],[126.95613,37.59846],[126.95613,37.59852],[126.95612,37.59855],[126.95621,37.5986],[126.95635,37.59866],[126.95673,37.59866],[126.95688,37.59863],[126.95697,37.59861],[126.95705,37.59855],[126.9571,37.59846],[126.95714,37.59839],[126.95715,37.59824],[126.95704,37.59791],[126.95698,37.59772],[126.95695,37.59762],[126.95661,37.59654],[126.9563,37.59566],[126.95631,37.59554],[126.95631,37.59548],[126.95633,37.59515],[126.9565,37.59471],[126.95677,37.59401],[126.95725,37.59314],[126.95751,37.59267],[126.95793,37.58879],[126.95747,37.5876],[126.95717,37.58647],[126.95689,37.58542],[126.9579,37.58381],[126.95775,37.58487],[126.9578,37.58499],[126.95805,37.58521],[126.95887,37.58596],[126.95918,37.5861],[126.95931,37.58606],[126.95947,37.58601],[126.95968,37.58604],[126.96051,37.58626],[126.96171,37.58668],[126.96198,37.58683],[126.96204,37.58687],[126.96223,37.58699],[126.96317,37.58786],[126.96342,37.58814],[126.96412,37.58898],[126.96424,37.58914],[126.96424,37.58934],[126.96414,37.58958],[126.96414,37.58964],[126.96411,37.58998],[126.96457,37.59097],[126.96469,37.59112],[126.96643,37.59293],[126.96804,37.59359],[126.96814,37.59361],[126.96847,37.59353],[126.96853,37.5935],[126.96864,37.59347],[126.96871,37.59342],[126.96878,37.59337],[126.96887,37.59336],[126.96892,37.59336],[126.96984,37.59348],[126.97155,37.5937],[126.97194,37.59389],[126.97359,37.59329],[126.97585,37.59656]]]},"properties":{"adm_cd2":"1111055000","adm_nm":"서울특별시 종로구 부암동","sggnm":"종로구"}},
{"type":"Feature","geometry":{"type":"Polygon","coordinates":[[[126.98269,37.59507],[126.98265,37.5951],[126.98235,37.59545],[126.98219,37.59563],[126.98201,37.59584],[126.98157,37.59717],[126.98157,37.59804],[126.98157,37.59914],[126.98223,37.59928],[126.98267,37.59938],[126.98272,37.59939],[126.9829,37.59939],[126.98491,37.59944],[126.98637,37.60008],[126.98774,37.60122],[126.98659,37.60513],[126.98619,37.60628],[126.9859,37.60714],[126.98596,37.60811],[126.98597,37.60838],[126.986,37.6088],[126.98627,37.60994],[126.98677,37.6104],[126.98696,37.61057],[126.98707,37.61355],[126.9867,37.61468],[126.98534,37.61555],[126.98454,37.61587],[126.98398,37.6161],[126.98324,37.61632],[126.98281,37.61669],[126.98202,37.61871],[126.9818,37.61931],[126.98208,37.61992],[126.98137,37.62173],[126.98087,37.62275],[126.98017,37.62355],[126.97921,37.62457],[126.97944,37.62696],[126.97948,37.62716],[126.97967,37.62797],[126.98013,37.62835],[126.9805,37.62865],[126.98051,37.62905],[126.98009,37.62927],[126.97952,37.6292],[126.97821,37.62844],[126.97667,37.62884],[126.97635,37.62927],[126.97649,37.63009],[126.97507,37.63139],[126.97179,37.63229],[126.9702,37.63086],[126.96925,37.63022],[126.96882,37.6301],[126.96834,37.62999],[126.96763,37.62981],[126.96234,37.62885],[126.95954,37.62848],[126.95748,37.62617],[126.95675,37.62537],[126.95318,37.62517],[126.95235,37.62489],[126.95217,37.62482],[126.95172,37.62433],[126.95124,37.62279],[126.95033,37.61836],[126.9504,37.61613],[126.95069,37.61489],[126.95094,37.61236],[126.95085,37.6118],[126.95063,37.61096],[126.94998,37.60971],[126.95038,37.60788],[126.95074,37.60832],[126.95312,37.6056],[126.95338,37.60537],[126.95386,37.60493],[126.95401,37.6048],[126.95424,37.60471],[126.95463,37.60457],[126.95815,37.60353],[126.95825,37.60354],[126.95842,37.60362],[126.95863,37.60374],[126.95873,37.60381],[126.95909,37.60474],[126.96001,37.60586],[126.96107,37.60697],[126.96153,37.60706],[126.96164,37.60678],[126.96166,37.60671],[126.96167,37.60667],[126.9617,37.6066],[126.96176,37.60645],[126.96177,37.60642],[126.96183,37.60631],[126.96189,37.60619],[126.96197,37.60603],[126.9621,37.6058],[126.96223,37.60562],[126.9627,37.60506],[126.96316,37.60419],[126.96326,37.604],[126.96433,37.60331],[126.96566,37.60137],[126.96616,37.60088],[126.96661,37.6006],[126.96715,37.60029],[126.9733,37.59882],[126.9741,37.59797],[126.97419,37.59761],[126.97368,37.5971],[126.97383,37.59703],[126.97401,37.59694],[126.97585,37.59656],[126.98106,37.59507],[126.98269,37.59507]]]},"properties":{"adm_cd2":"1111056000","adm_nm":"서울특별시 종로구 평창동","sggnm":"종로구"}},
{"type":"Feature","geometry":{"type":"Polygon","coordinates":[[[126.96281,37.57945],[126.96067,37.5808],[126.95878,37.58162],[126.95827,37.5817],[126.95712,37.58162],[126.957,37.58158],[126.95646,37.58128],[126.95579,37.58073],[126.95577,37.58005],[126.95577,37.58002],[126.95575,37.5793],[126.95556,37.57909],[126.95546,37.57897],[126.95495,37.57893],[126.95481,37.57892],[126.95416,37.5789],[126.95356,37.57888],[126.95392,37.57849],[126.95957,37.57296],[126.96041,37.57303],[126.96069,37.57322],[126.96178,37.57514],[126.96284,37.57666],[126.96281,37.57945]]]},"properties":{"adm_cd2":"1111057000","adm_nm":"서울특별시 종로구 무악동","sggnm":"종로구"}},
{"type":"Feature","geometry":{"type":"Polygon","coordinates":[[[126.96284,37.57666],[126.96178,37.57514],[126.96069,37.57322],[126.96041,37.57303],[126.95957,37.57296],[126.9619,37.57065],[126.96581,37.56667],[126.96677,37.56579],[126.96719,37.56626],[126.96713,37.5663],[126.96719,37.56636],[126.9673,37.56647],[126.96734,37.5665],[126.96793,37.5671],[126.96801,37.56718],[126.96905,37.56819],[126.96854,37.56843],[126.96665,37.56949],[126.96628,37.5697],[126.9661,37.56986],[126.96573,37.57018],[126.96593,37.57032],[126.96601,37.57155],[126.96366,37.57517],[126.96309,37.57649],[126.96284,37.57666]]]},"properties":{"adm_cd2":"1111058000","adm_nm":"서울특별시 종로구 교남동","sggnm":"종로구"}},
{"type":"Feature","geometry":{"type":"Polygon","coordinates":[[[126.98553,37.57667],[126.98824,37.57737],[126.98897,37.57737],[126.9893,37.57739],[126.98977,37.58225],[126.98977,37.58232],[126.98939,37.5837],[126.98886,37.5855],[126.98803,37.58555],[126.98831,37.58747],[126.98914,37.59131],[126.98908,37.59139],[126.9879,37.59056],[126.98621,37.58902],[126.98601,37.5882],[126.98601,37.58802],[126.98596,37.58742],[126.98579,37.58708],[126.98534,37.58615],[126.98497,37.58563],[126.98447,37.58537],[126.98371,37.58497],[126.98292,37.58346],[126.98285,37.58323],[126.98284,37.58285],[126.98284,37.58272],[126.98286,37.58261],[126.98299,37.58206],[126.98403,37.57843],[126.98464,37.57734],[126.98553,37.57667]]]},"properties":{"adm_cd2":"1111060000","adm_nm":"서울특별시 종로구 가회동","sggnm":"종로구"}},
{"type":"Feature","geometry":{"type":"Polygon","coordinates":[[[126.97703,37.56919],[126.97758,37.56924],[126.9778,37.56925],[126.98269,37.56889],[126.98273,37.56889],[126.98397,37.56869],[126.98442,37.56862],[126.98572,37.56838],[126.9866,37.56821],[126.98679,37.5682],[126.98686,37.5682],[126.9889,37.56811],[126.98952,37.56815],[126.99059,37.56822],[126.99087,37.56824],[126.9967,37.56871],[126.9968,37.56872],[126.99698,37.56875],[126.99792,37.56889],[126.9983,37.56894],[126.99835,37.56895],[127.00162,37.56959],[127.0009,37.57032],[127.00083,37.57039],[127.00047,37.57075],[126.99806,37.57378],[126.99799,37.57403],[126.99797,37.5743],[126.99938,37.57584],[126.99968,37.5759],[126.99718,37.57693],[126.99676,37.57842],[126.99661,37.57935],[126.99641,37.58065],[126.9965,37.58102],[126.99654,37.58157],[126.99627,37.58271],[126.99603,37.58329],[126.99587,37.58351],[126.99329,37.58693],[126.99229,37.5872],[126.9913,37.58707],[126.9893,37.58728],[126.98843,37.58742],[126.98831,37.58747],[126.98803,37.58555],[126.98886,37.5855],[126.98939,37.5837],[126.98977,37.58232],[126.98977,37.58225],[126.9893,37.57739],[126.98897,37.57737],[126.98824,37.57737],[126.98553,37.57667],[126.98495,37.57634],[126.98434,37.57606],[126.98315,37.57553],[126.97984,37.57594],[126.97959,37.57598],[126.97689,37.57565],[126.97703,37.56919]]]},"properties":{"adm_cd2":"1111061500","adm_nm":"서울특별시 종로구 종로1·2·3·4가동","sggnm":"종로구"}},
{"type":"Feature","geometry":{"type":"Polygon","coordinates":[[[127.00162,37.56959],[127.00668,37.56965],[127.00959,37.56978],[127.01016,37.57157],[127.00973,37.57149],[127.00884,37.57274],[127.0084,37.57585],[127.00842,37.57616],[127.00843,37.57623],[127.0085,37.57643],[127.00856,37.57658],[127.00861,37.57671],[127.00783,37.57664],[126.99968,37.5759],[126.99938,37.57584],[126.99797,37.5743],[126.99799,37.57403],[126.99806,37.57378],[127.00047,37.57075],[127.00083,37.57039],[127.0009,37.57032],[127.00162,37.56959]]]},"properties":{"adm_cd2":"1111063000","adm_nm":"서울특별시 종로구 종로5·6가동","sggnm":"종로구"}},
{"type":"Feature","geometry":{"type":"Polygon","coordinates":[[[126.99968,37.5759],[127.00783,37.57664],[127.00861,37.57671],[127.00884,37.58045],[127.00733,37.5832],[127.00618,37.58396],[127.0058,37.58476],[127.00272,37.58372],[127.00172,37.58313],[127.0018,37.58253],[126.99823,37.58127],[126.9965,37.58102],[126.99641,37.58065],[126.99661,37.57935],[126.99676,37.57842],[126.99718,37.57693],[126.99968,37.5759]]]},"properties":{"adm_cd2":"1111064000","adm_nm":"서울특별시 종로구 이화동","sggnm":"종로구"}},
{"type":"Feature","geometry":{"type":"Polygon","coordinates":[[[127.00959,37.56978],[127.0101,37.56978],[127.01129,37.56978],[127.01162,37.56978],[127.01538,37.56981],[127.01567,37.56981],[127.01576,37.56981],[127.01587,37.56982],[127.01601,37.56982],[127.01618,37.56986],[127.01638,37.56991],[127.01664,37.56999],[127.01674,37.57002],[127.01687,37.57006],[127.017,37.5701],[127.01714,37.57015],[127.01728,37.5702],[127.01751,37.57029],[127.01882,37.57098],[127.01573,37.57298],[127.01567,37.57558],[127.01548,37.57681],[127.01265,37.57538],[127.01261,37.57468],[127.01196,37.57264],[127.01016,37.57157],[127.00959,37.56978]]]},"properties":{"adm_cd2":"1111067000","adm_nm":"서울특별시 종로구 창신1동","sggnm":"종로구"}},
{"type":"Feature","geometry":{"type":"Polygon","coordinates":[[[127.01016,37.57157],[127.01196,37.57264],[127.01261,37.57468],[127.01265,37.57538],[127.01173,37.57618],[127.01111,37.57891],[127.01048,37.58034],[127.00997,37.58021],[127.00884,37.58045],[127.00861,37.57671],[127.00856,37.57658],[127.0085,37.57643],[127.00843,37.57623],[127.00842,37.57616],[127.0084,37.57585],[127.00884,37.57274],[127.00973,37.57149],[127.01016,37.57157]]]},"properties":{"adm_cd2":"1111068000","adm_nm":"서울특별시 종로구 창신2동","sggnm":"종로구"}},
{"type":"Feature","geometry":{"type":"Polygon","coordinates":[[[127.01548,37.57681],[127.01495,37.58141],[127.01495,37.58213],[127.01469,37.58223],[127.01383,37.58171],[127.01312,37.58144],[127.0128,37.58132],[127.01216,37.58151],[127.01048,37.58034],[127.01111,37.57891],[127.01173,37.57618],[127.01265,37.57538],[127.01548,37.57681]]]},"properties":{"adm_cd2":"1111069000","adm_nm":"서울특별시 종로구 창신3동","sggnm":"종로구"}},
{"type":"Feature","geometry":{"type":"Polygon","coordinates":[[[127.01573,37.57298],[127.01653,37.57318],[127.01721,37.57334],[127.01759,37.57347],[127.01764,37.57349],[127.01888,37.57396],[127.01917,37.57475],[127.01911,37.57516],[127.01875,37.57753],[127.01801,37.57806],[127.0176,37.57969],[127.01679,37.58154],[127.01639,37.58184],[127.01607,37.58184],[127.01495,37.58213],[127.01495,37.58141],[127.01548,37.57681],[127.01567,37.57558],[127.01573,37.57298]]]},"properties":{"adm_cd2":"1111070000","adm_nm":"서울특별시 종로구 숭인1동","sggnm":"종로구"}},
{"type":"Feature","geometry":{"type":"Polygon","coordinates":[[[127.01882,37.57098],[127.02337,37.57174],[127.02317,37.57804],[127.02251,37.5781],[127.01875,37.57753],[127.01911,37.57516],[127.01917,37.57475],[127.01888,37.57396],[127.01764,37.57349],[127.01759,37.57347],[127.01721,37.57334],[127.01653,37.57318],[127.01573,37.57298],[127.01882,37.57098]]]},"properties":{"adm_cd2":"1111071000","adm_nm":"서울특별시 종로구 숭인2동","sggnm":"종로구"}},
{"type":"Feature","geometry":{"type":"Polygon","coordinates":[[[126.97689,37.57565],[126.97959,37.57598],[126.97961,37.57661],[126.97962,37.57716],[126.97969,37.57861],[126.97974,37.57913],[126.98003,37.58009],[126.9803,37.58099],[126.97942,37.5859],[126.97897,37.58718],[126.97888,37.58727],[126.97657,37.5893],[126.97615,37.58955],[126.97569,37.58968],[126.97364,37.59259],[126.97359,37.59329],[126.97194,37.59389],[126.97155,37.5937],[126.96984,37.59348],[126.96892,37.59336],[126.96887,37.59336],[126.96878,37.59337],[126.96871,37.59342],[126.96864,37.59347],[126.96853,37.5935],[126.96847,37.59353],[126.96814,37.59361],[126.96804,37.59359],[126.96643,37.59293],[126.96469,37.59112],[126.96457,37.59097],[126.96411,37.58998],[126.96414,37.58964],[126.96414,37.58958],[126.96424,37.58934],[126.96424,37.58914],[126.96412,37.58898],[126.96342,37.58814],[126.96317,37.58786],[126.96223,37.58699],[126.96204,37.58687],[126.96198,37.58683],[126.96171,37.58668],[126.96051,37.58626],[126.95968,37.58604],[126.95947,37.58601],[126.95931,37.58606],[126.95918,37.5861],[126.95887,37.58596],[126.95805,37.58521],[126.9578,37.58499],[126.95775,37.58487],[126.9579,37.58381],[126.96067,37.5808],[126.96281,37.57945],[126.96742,37.5796],[126.96742,37.57926],[126.96743,37.57919],[126.96746,37.57898],[126.96807,37.57825],[126.96896,37.57794],[126.96921,37.57794],[126.96941,37.57812],[126.96966,37.57853],[126.96967,37.57874],[126.96967,37.57899],[126.96967,37.57911],[126.9699,37.5793],[126.97135,37.57951],[126.97382,37.57937],[126.97392,37.57849],[126.97394,37.57824],[126.97433,37.57575],[126.9758,37.57565],[126.97689,37.57565]]]},"properties":{"adm_cd2":"1111051500","adm_nm":"서울특별시 종로구 청운효자동","sggnm":"종로구"}},
{"type":"Feature","geometry":{"type":"Polygon","coordinates":[[[126.98831,37.58747],[126.98843,37.58742],[126.9893,37.58728],[126.9913,37.58707],[126.99229,37.5872],[126.99329,37.58693],[126.99587,37.58351],[126.99603,37.58329],[126.99627,37.58271],[126.99654,37.58157],[126.9965,37.58102],[126.99823,37.58127],[127.0018,37.58253],[127.00172,37.58313],[127.00272,37.58372],[127.0058,37.58476],[127.00618,37.58396],[127.00733,37.5832],[127.00735,37.58336],[127.00715,37.58406],[127.00653,37.58613],[127.00593,37.58691],[127.00574,37.58694],[127.00561,37.58695],[127.00554,37.58696],[127.00512,37.58695],[127.0047,37.58699],[127.00461,37.587],[127.0043,37.58709],[127.00416,37.58729],[127.00418,37.58771],[127.00419,37.58777],[127.00419,37.58795],[127.00342,37.58836],[127.00243,37.58906],[127.00239,37.5891],[127.00234,37.58915],[127.00166,37.5901],[127.0017,37.5906],[127.00179,37.59086],[127.00191,37.59125],[127.00168,37.59175],[127.00158,37.59189],[127.00156,37.59192],[127.00094,37.59239],[127.00079,37.59245],[127.00062,37.59245],[126.99937,37.59237],[126.99897,37.59247],[126.99875,37.59252],[126.99853,37.59251],[126.98914,37.59131],[126.98831,37.58747]]]},"properties":{"adm_cd2":"1111065000","adm_nm":"서울특별시 종로구 혜화동","sggnm":"종로구"}},
{"type":"Feature","geometry":{"type":"Polygon","coordinates":[[[126.96905,37.56819],[126.96801,37.56718],[126.96793,37.5671],[126.96734,37.5665],[126.9673,37.56647],[126.96719,37.56636],[126.96713,37.5663],[126.96719,37.56626],[126.96677,37.56579],[126.96959,37.56201],[126.9714,37.5596],[126.97194,37.55963],[126.97201,37.55964],[126.97287,37.55972],[126.97407,37.55983],[126.98031,37.56143],[126.9805,37.56152],[126.98109,37.5618],[126.98141,37.56216],[126.98204,37.56296],[126.98228,37.56367],[126.98241,37.56407],[126.98263,37.56558],[126.98264,37.5659],[126.98265,37.56595],[126.98059,37.56595],[126.97972,37.56588],[126.97835,37.56544],[126.97564,37.56776],[126.97529,37.56866],[126.97528,37.56873],[126.97537,37.56932],[126.97433,37.56926],[126.96905,37.56819]]]},"properties":{"adm_cd2":"1114052000","adm_nm":"서울특별시 중구 소공동","sggnm":"중구"}},
{"type":"Feature","geometry":{"type":"Polygon","coordinates":[[[126.9714,37.5596],[126.97057,37.55931],[126.9693,37.55802],[126.96849,37.55538],[126.96907,37.5539],[126.97236,37.55439],[126.97666,37.55271],[126.97649,37.55313],[126.9765,37.55324],[126.97655,37.55447],[126.97656,37.55461],[126.97658,37.55486],[126.97663,37.55496],[126.97673,37.55503],[126.97693,37.55506],[126.97696,37.55505],[126.97705,37.55502],[126.97715,37.55498],[126.97841,37.55427],[126.97983,37.55342],[126.98084,37.55393],[126.98148,37.55392],[126.98257,37.5536],[126.98307,37.5534],[126.98374,37.55304],[126.98415,37.55307],[126.98447,37.55309],[126.98488,37.5533],[126.98543,37.55374],[126.98536,37.55424],[126.98501,37.55417],[126.98384,37.55396],[126.98358,37.5542],[126.98345,37.5547],[126.98343,37.55511],[126.98339,37.55575],[126.98337,37.55605],[126.98328,37.55729],[126.98325,37.55751],[126.98325,37.55754],[126.98325,37.55757],[126.98323,37.55766],[126.98315,37.55795],[126.98307,37.55816],[126.98286,37.55867],[126.98274,37.55896],[126.98263,37.5592],[126.98252,37.55945],[126.98236,37.55981],[126.98228,37.55998],[126.98223,37.56009],[126.98126,37.56126],[126.98109,37.5618],[126.9805,37.56152],[126.98031,37.56143],[126.97407,37.55983],[126.97287,37.55972],[126.97201,37.55964],[126.97194,37.55963],[126.9714,37.5596]]]},"properties":{"adm_cd2":"1114054000","adm_nm":"서울특별시 중구 회현동","sggnm":"중구"}},
{"type":"Feature","geometry":{"type":"Polygon","coordinates":[[[126.97537,37.56932],[126.97528,37.56873],[126.97529,37.56866],[126.97564,37.56776],[126.97835,37.56544],[126.97972,37.56588],[126.98059,37.56595],[126.98265,37.56595],[126.98264,37.5659],[126.98263,37.56558],[126.98241,37.56407],[126.98228,37.56367],[126.98204,37.56296],[126.98141,37.56216],[126.98109,37.5618],[126.98126,37.56126],[126.98223,37.56009],[126.98228,37.55998],[126.98236,37.55981],[126.98252,37.55945],[126.98263,37.5592],[126.98274,37.55896],[126.98286,37.55867],[126.98307,37.55816],[126.98315,37.55795],[126.98323,37.55766],[126.98325,37.55757],[126.98325,37.55754],[126.98325,37.55751],[126.98328,37.55729],[126.98337,37.55605],[126.98339,37.55575],[126.98343,37.55511],[126.98345,37.5547],[126.98358,37.5542],[126.98384,37.55396],[126.98501,37.55417],[126.98536,37.55424],[126.98486,37.55561],[126.98479,37.5558],[126.98476,37.55589],[126.98474,37.55612],[126.98476,37.55616],[126.98486,37.5563],[126.98509,37.55658],[126.98542,37.55664],[126.98582,37.55676],[126.98677,37.55732],[126.98692,37.55745],[126.98738,37.55839],[126.98854,37.56039],[126.99052,37.5612],[126.99049,37.56151],[126.99048,37.56162],[126.99034,37.56278],[126.99033,37.56289],[126.99032,37.56296],[126.98989,37.56288],[126.98941,37.56287],[126.98876,37.56291],[126.98858,37.56358],[126.98851,37.56458],[126.98851,37.56474],[126.98859,37.56525],[126.98976,37.56613],[126.9906,37.56618],[126.99083,37.56683],[126.99087,37.56824],[126.99059,37.56822],[126.98952,37.56815],[126.9889,37.56811],[126.98686,37.5682],[126.98679,37.5682],[126.9866,37.56821],[126.98572,37.56838],[126.98442,37.56862],[126.98397,37.56869],[126.98273,37.56889],[126.98269,37.56889],[126.9778,37.56925],[126.97758,37.56924],[126.97703,37.56919],[126.97597,37.56934],[126.97537,37.56932]]]},"properties":{"adm_cd2":"1114055000","adm_nm":"서울특별시 중구 명동","sggnm":"중구"}},
{"type":"Feature","geometry":{"type":"Polygon","coordinates":[[[126.98543,37.55374],[126.98781,37.55149],[126.99236,37.55009],[126.99258,37.55069],[126.9942,37.55208],[126.99438,37.55223],[126.99444,37.55228],[126.99513,37.55227],[126.99639,37.55184],[126.9974,37.55128],[126.99838,37.55323],[126.99849,37.55403],[126.99857,37.55426],[127.00029,37.55524],[127.00109,37.55542],[127.00139,37.55547],[127.00251,37.55585],[127.00272,37.556],[127.00309,37.5563],[127.00328,37.55647],[127.00339,37.55659],[127.00348,37.5567],[127.00388,37.55814],[127.00351,37.55883],[127.0034,37.55882],[127.00264,37.55847],[127.0004,37.55939],[127.001,37.56106],[127.0011,37.56216],[127.00117,37.56288],[126.99987,37.56256],[126.99532,37.56152],[126.99475,37.56143],[126.99449,37.56148],[126.9943,37.56153],[126.99372,37.56172],[126.99368,37.56177],[126.99364,37.56186],[126.99336,37.56261],[126.99339,37.56271],[126.99347,37.563],[126.99143,37.5633],[126.99032,37.56296],[126.99033,37.56289],[126.99034,37.56278],[126.99048,37.56162],[126.99049,37.56151],[126.99052,37.5612],[126.98854,37.56039],[126.98738,37.55839],[126.98692,37.55745],[126.98677,37.55732],[126.98582,37.55676],[126.98542,37.55664],[126.98509,37.55658],[126.98486,37.5563],[126.98476,37.55616],[126.98474,37.55612],[126.98476,37.55589],[126.98479,37.5558],[126.98486,37.55561],[126.98536,37.55424],[126.98543,37.55374]]]},"properties":{"adm_cd2":"1114057000","adm_nm":"서울특별시 중구 필동","sggnm":"중구"}},
{"type":"Feature","geometry":{"type":"Polygon","coordinates":[[[126.99236,37.55009],[126.99319,37.54906],[126.99532,37.54724],[126.99774,37.54936],[126.99852,37.54993],[126.99886,37.54991],[126.9991,37.54989],[126.99937,37.54979],[126.99981,37.54962],[126.99987,37.54959],[126.99995,37.54956],[127.00022,37.54951],[127.00025,37.54951],[127.00268,37.5496],[127.00389,37.5502],[127.00423,37.55038],[127.00386,37.55135],[127.00382,37.55158],[127.00378,37.55191],[127.00453,37.55393],[127.0049,37.55428],[127.00506,37.55443],[127.00515,37.55451],[127.00523,37.55457],[127.00645,37.55561],[127.00727,37.55628],[127.00986,37.56033],[127.00985,37.56043],[127.00985,37.56049],[127.00936,37.56205],[127.00957,37.56303],[127.0067,37.56357],[127.00617,37.56287],[127.00522,37.5625],[127.00349,37.56244],[127.00298,37.56243],[127.00265,37.56243],[127.00117,37.56288],[127.0011,37.56216],[127.001,37.56106],[127.0004,37.55939],[127.00264,37.55847],[127.0034,37.55882],[127.00351,37.55883],[127.00388,37.55814],[127.00348,37.5567],[127.00339,37.55659],[127.00328,37.55647],[127.00309,37.5563],[127.00272,37.556],[127.00251,37.55585],[127.00139,37.55547],[127.00109,37.55542],[127.00029,37.55524],[126.99857,37.55426],[126.99849,37.55403],[126.99838,37.55323],[126.9974,37.55128],[126.99639,37.55184],[126.99513,37.55227],[126.99444,37.55228],[126.99438,37.55223],[126.9942,37.55208],[126.99258,37.55069],[126.99236,37.55009]]]},"properties":{"adm_cd2":"1114058000","adm_nm":"서울특별시 중구 장충동","sggnm":"중구"}},
{"type":"Feature","geometry":{"type":"Polygon","coordinates":[[[127.00668,37.56965],[127.00546,37.56931],[127.00499,37.56882],[127.00416,37.56676],[127.00404,37.56655],[127.0038,37.56616],[127.00359,37.56582],[127.00348,37.56565],[127.00323,37.56529],[127.00274,37.56549],[127.00153,37.56588],[126.99982,37.56581],[126.99677,37.56566],[126.99589,37.56547],[126.99505,37.56509],[126.99347,37.563],[126.99339,37.56271],[126.99336,37.56261],[126.99364,37.56186],[126.99368,37.56177],[126.99372,37.56172],[126.9943,37.56153],[126.99449,37.56148],[126.99475,37.56143],[126.99532,37.56152],[126.99987,37.56256],[127.00117,37.56288],[127.00265,37.56243],[127.00298,37.56243],[127.00349,37.56244],[127.00522,37.5625],[127.00617,37.56287],[127.0067,37.56357],[127.00957,37.56303],[127.00998,37.56426],[127.01051,37.56577],[127.01109,37.56587],[127.01189,37.56609],[127.0119,37.56624],[127.01192,37.56647],[127.01176,37.56781],[127.01169,37.56789],[127.00994,37.56932],[127.00959,37.56978],[127.00668,37.56965]]]},"properties":{"adm_cd2":"1114059000","adm_nm":"서울특별시 중구 광희동","sggnm":"중구"}},
{"type":"Feature","geometry":{"type":"Polygon","coordinates":[[[126.99087,37.56824],[126.99083,37.56683],[126.9906,37.56618],[126.98976,37.56613],[126.98859,37.56525],[126.98851,37.56474],[126.98851,37.56458],[126.98858,37.56358],[126.98876,37.56291],[126.98941,37.56287],[126.98989,37.56288],[126.99032,37.56296],[126.99143,37.5633],[126.99347,37.563],[126.99505,37.56509],[126.99589,37.56547],[126.99677,37.56566],[126.99982,37.56581],[127.00153,37.56588],[127.00274,37.56549],[127.00323,37.56529],[127.00348,37.56565],[127.00359,37.56582],[127.0038,37.56616],[127.00404,37.56655],[127.00416,37.56676],[127.00499,37.56882],[127.00546,37.56931],[127.00668,37.56965],[127.00162,37.56959],[126.99835,37.56895],[126.9983,37.56894],[126.99792,37.56889],[126.99698,37.56875],[126.9968,37.56872],[126.9967,37.56871],[126.99087,37.56824]]]},"properties":{"adm_cd2":"1114060500","adm_nm":"서울특별시 중구 을지로동","sggnm":"중구"}},
{"type":"Feature","geometry":{"type":"Polygon","coordinates":[[[127.02362,37.56517],[127.02059,37.56576],[127.01807,37.56557],[127.01599,37.56412],[127.01877,37.56339],[127.0205,37.56166],[127.02067,37.56152],[127.02088,37.56137],[127.02095,37.56132],[127.02132,37.56112],[127.02179,37.56095],[127.02203,37.56088],[127.02231,37.56084],[127.02288,37.56076],[127.02333,37.56074],[127.02349,37.56072],[127.02353,37.56073],[127.02627,37.56299],[127.0264,37.56321],[127.02648,37.56336],[127.0265,37.56339],[127.02659,37.56358],[127.02671,37.56388],[127.02676,37.56429],[127.02671,37.56499],[127.02362,37.56517]]]},"properties":{"adm_cd2":"1114065000","adm_nm":"서울특별시 중구 신당5동","sggnm":"중구"}},
{"type":"Feature","geometry":{"type":"Polygon","coordinates":[[[127.01751,37.57029],[127.0177,37.56999],[127.01807,37.56557],[127.02059,37.56576],[127.02362,37.56517],[127.0236,37.5658],[127.02337,37.57174],[127.01882,37.57098],[127.01751,37.57029]]]},"properties":{"adm_cd2":"1114067000","adm_nm":"서울특별시 중구 황학동","sggnm":"중구"}},
{"type":"Feature","geometry":{"type":"Polygon","coordinates":[[[126.96959,37.56201],[126.9689,37.56186],[126.96808,37.56168],[126.96792,37.56164],[126.96738,37.5615],[126.9669,37.56131],[126.96661,37.56113],[126.96654,37.56108],[126.96619,37.56085],[126.96554,37.56038],[126.96524,37.56017],[126.96433,37.55965],[126.96418,37.55957],[126.96387,37.55941],[126.96376,37.55935],[126.96371,37.55934],[126.96366,37.55932],[126.96361,37.55931],[126.96207,37.55926],[126.96148,37.55885],[126.96304,37.55818],[126.96322,37.55715],[126.9631,37.55642],[126.96293,37.55623],[126.96205,37.55533],[126.96202,37.55534],[126.96198,37.55535],[126.96184,37.55541],[126.9617,37.55534],[126.96166,37.55334],[126.96171,37.55297],[126.96207,37.55208],[126.96214,37.55192],[126.96239,37.5515],[126.96485,37.55349],[126.9652,37.55375],[126.96572,37.55411],[126.96849,37.55538],[126.9693,37.55802],[126.97057,37.55931],[126.9714,37.5596],[126.96959,37.56201]]]},"properties":{"adm_cd2":"1114068000","adm_nm":"서울특별시 중구 중림동","sggnm":"중구"}},
{"type":"Feature","geometry":{"type":"Polygon","coordinates":[[[127.00959,37.56978],[127.00994,37.56932],[127.01169,37.56789],[127.01176,37.56781],[127.01192,37.56647],[127.0119,37.56624],[127.01189,37.56609],[127.01109,37.56587],[127.01051,37.56577],[127.00998,37.56426],[127.00957,37.56303],[127.00936,37.56205],[127.0097,37.56199],[127.01285,37.56058],[127.01426,37.56108],[127.01599,37.56412],[127.01807,37.56557],[127.0177,37.56999],[127.01751,37.57029],[127.01728,37.5702],[127.01714,37.57015],[127.017,37.5701],[127.01687,37.57006],[127.01674,37.57002],[127.01664,37.56999],[127.01638,37.56991],[127.01618,37.56986],[127.01601,37.56982],[127.01587,37.56982],[127.01576,37.56981],[127.01567,37.56981],[127.01538,37.56981],[127.01162,37.56978],[127.01129,37.56978],[127.0101,37.56978],[127.00959,37.56978]]]},"properties":{"adm_cd2":"1114061500","adm_nm":"서울특별시 중구 신당동","sggnm":"중구"}},
{"type":"Feature","geometry":{"type":"Polygon","coordinates":[[[127.00423,37.55038],[127.0044,37.54966],[127.00438,37.54956],[127.00439,37.54919],[127.00447,37.54897],[127.00463,37.54856],[127.00472,37.54835],[127.00532,37.5483],[127.00542,37.54829],[127.00554,37.54827],[127.00574,37.54823],[127.00578,37.54823],[127.00589,37.5482],[127.00531,37.54781],[127.00531,37.54777],[127.00531,37.54774],[127.00531,37.54771],[127.00569,37.5477],[127.00592,37.54771],[127.00658,37.54787],[127.00686,37.54797],[127.00694,37.54805],[127.00698,37.54808],[127.00704,37.54813],[127.00718,37.54829],[127.00737,37.54869],[127.0074,37.54893],[127.00742,37.54909],[127.0096,37.5534],[127.01106,37.55553],[127.01272,37.55846],[127.01364,37.56022],[127.01285,37.56058],[127.0097,37.56199],[127.00936,37.56205],[127.00985,37.56049],[127.00985,37.56043],[127.00986,37.56033],[127.00727,37.55628],[127.00645,37.55561],[127.00523,37.55457],[127.00515,37.55451],[127.00506,37.55443],[127.0049,37.55428],[127.00453,37.55393],[127.00378,37.55191],[127.00382,37.55158],[127.00386,37.55135],[127.00423,37.55038]]]},"properties":{"adm_cd2":"1114062500","adm_nm":"서울특별시 중구 다산동","sggnm":"중구"}},
{"type":"Feature","geometry":{"type":"Polygon","coordinates":[[[127.00531,37.54771],[127.00484,37.54618],[127.00726,37.54381],[127.00861,37.54398],[127.01068,37.54808],[127.01078,37.54809],[127.01081,37.5481],[127.01087,37.54812],[127.01148,37.54842],[127.01166,37.54851],[127.01321,37.54994],[127.01631,37.55301],[127.01574,37.5535],[127.01468,37.55438],[127.0145,37.55444],[127.0143,37.5544],[127.01421,37.55437],[127.0141,37.55434],[127.01407,37.55426],[127.01405,37.55422],[127.01401,37.55403],[127.01354,37.55365],[127.01327,37.55371],[127.01292,37.55379],[127.01254,37.55395],[127.01196,37.55478],[127.01197,37.5548],[127.01216,37.55506],[127.01106,37.55553],[127.0096,37.5534],[127.00742,37.54909],[127.0074,37.54893],[127.00737,37.54869],[127.00718,37.54829],[127.00704,37.54813],[127.00698,37.54808],[127.00694,37.54805],[127.00686,37.54797],[127.00658,37.54787],[127.00592,37.54771],[127.00569,37.5477],[127.00531,37.54771]]]},"properties":{"adm_cd2":"1114063500","adm_nm":"서울특별시 중구 약수동","sggnm":"중구"}},
{"type":"Feature","geometry":{"type":"Polygon","coordinates":[[[127.01285,37.56058],[127.01364,37.56022],[127.01272,37.55846],[127.01106,37.55553],[127.01216,37.55506],[127.01197,37.5548],[127.01196,37.55478],[127.01254,37.55395],[127.01292,37.55379],[127.01327,37.55371],[127.01354,37.55365],[127.01401,37.55403],[127.01405,37.55422],[127.01407,37.55426],[127.0141,37.55434],[127.01421,37.55437],[127.0143,37.5544],[127.0145,37.55444],[127.01468,37.55438],[127.01574,37.5535],[127.01631,37.55301],[127.01741,37.55598],[127.01788,37.55657],[127.01792,37.5566],[127.018,37.55666],[127.01837,37.55687],[127.01859,37.55699],[127.01877,37.55707],[127.01891,37.55713],[127.01946,37.55734],[127.01937,37.5575],[127.01886,37.55843],[127.0167,37.55931],[127.01664,37.55931],[127.01656,37.5593],[127.01646,37.5593],[127.01633,37.55932],[127.01621,37.55935],[127.01586,37.55946],[127.01578,37.55948],[127.01474,37.55989],[127.01393,37.56028],[127.01435,37.56105],[127.01426,37.56108],[127.01285,37.56058]]]},"properties":{"adm_cd2":"1114064500","adm_nm":"서울특별시 중구 청구동","sggnm":"중구"}},
{"type":"Feature","geometry":{"type":"Polygon","coordinates":[[[127.01599,37.56412],[127.01426,37.56108],[127.01435,37.56105],[127.01393,37.56028],[127.01474,37.55989],[127.01578,37.55948],[127.01586,37.55946],[127.01621,37.55935],[127.01633,37.55932],[127.01646,37.5593],[127.01656,37.5593],[127.01664,37.55931],[127.0167,37.55931],[127.01886,37.55843],[127.01937,37.5575],[127.02182,37.55771],[127.02286,37.55787],[127.02333,37.56074],[127.02288,37.56076],[127.02231,37.56084],[127.02203,37.56088],[127.02179,37.56095],[127.02132,37.56112],[127.02095,37.56132],[127.02088,37.56137],[127.02067,37.56152],[127.0205,37.56166],[127.01877,37.56339],[127.01599,37.56412]]]},"properties":{"adm_cd2":"1114066500","adm_nm":"서울특별시 중구 동화동","sggnm":"중구"}},
{"type":"Feature","geometry":{"type":"Polygon","coordinates":[[[126.97666,37.55271],[126.97579,37.55225],[126.97515,37.55113],[126.97441,37.54898],[126.97429,37.54753],[126.97511,37.54551],[126.97851,37.54604],[126.98361,37.54651],[126.9838,37.54653],[126.98399,37.54663],[126.98603,37.54785],[126.98737,37.5495],[126.98781,37.55149],[126.98543,37.55374],[126.98488,37.5533],[126.98447,37.55309],[126.98415,37.55307],[126.98374,37.55304],[126.98307,37.5534],[126.98257,37.5536],[126.98148,37.55392],[126.98084,37.55393],[126.97983,37.55342],[126.97841,37.55427],[126.97715,37.55498],[126.97705,37.55502],[126.97696,37.55505],[126.97693,37.55506],[126.97673,37.55503],[126.97663,37.55496],[126.97658,37.55486],[126.97656,37.55461],[126.97655,37.55447],[126.9765,37.55324],[126.97649,37.55313],[126.97666,37.55271]]]},"properties":{"adm_cd2":"1117051000","adm_nm":"서울특별시 용산구 후암동","sggnm":"용산구"}},
{"type":"Feature","geometry":{"type":"Polygon","coordinates":[[[126.98781,37.55149],[126.98737,37.5495],[126.98603,37.54785],[126.98399,37.54663],[126.9838,37.54653],[126.98361,37.54651],[126.97851,37.54604],[126.97912,37.5441],[126.9806,37.53471],[126.97977,37.52608],[126.98659,37.52711],[126.99167,37.52722],[126.99133,37.52947],[126.99136,37.52991],[126.99112,37.53026],[126.99105,37.53036],[126.99085,37.53066],[126.99057,37.53101],[126.98998,37.53181],[126.98982,37.53201],[126.98971,37.5322],[126.98955,37.53246],[126.98945,37.53262],[126.98936,37.53277],[126.98899,37.5333],[126.98892,37.53339],[126.98878,37.53357],[126.98875,37.5336],[126.98861,37.53376],[126.98853,37.53384],[126.98846,37.53391],[126.98835,37.53401],[126.98829,37.53405],[126.98822,37.53411],[126.98809,37.53421],[126.98797,37.53431],[126.98789,37.53438],[126.98781,37.53428],[126.98738,37.53444],[126.98695,37.53568],[126.98679,37.53746],[126.98678,37.5382],[126.9868,37.53827],[126.98682,37.53834],[126.98683,37.53837],[126.98697,37.5389],[126.9884,37.54263],[126.98843,37.54271],[126.98847,37.5428],[126.98856,37.54305],[126.98918,37.5437],[126.99035,37.54543],[126.99095,37.54637],[126.99142,37.54783],[126.99319,37.54906],[126.99236,37.55009],[126.98781,37.55149]]]},"properties":{"adm_cd2":"1117052000","adm_nm":"서울특별시 용산구 용산2가동","sggnm":"용산구"}},
{"type":"Feature","geometry":{"type":"Polygon","coordinates":[[[126.96907,37.5539],[126.96909,37.55326],[126.96909,37.5532],[126.9691,37.55305],[126.96911,37.55302],[126.96917,37.55269],[126.9693,37.55204],[126.97005,37.55218],[126.9709,37.54853],[126.97091,37.54832],[126.97096,37.54773],[126.97103,37.54372],[126.97104,37.5426],[126.97103,37.54172],[126.97071,37.5416],[126.97086,37.53914],[126.97156,37.53935],[126.97321,37.54032],[126.97338,37.53982],[126.97386,37.53798],[126.97391,37.53777],[126.97507,37.53537],[126.97613,37.53457],[126.97878,37.53468],[126.9806,37.53471],[126.97912,37.5441],[126.97851,37.54604],[126.97511,37.54551],[126.97429,37.54753],[126.97441,37.54898],[126.97515,37.55113],[126.97579,37.55225],[126.97666,37.55271],[126.97236,37.55439],[126.96907,37.5539]]]},"properties":{"adm_cd2":"1117053000","adm_nm":"서울특별시 용산구 남영동","sggnm":"용산구"}},
{"type":"Feature","geometry":{"type":"Polygon","coordinates":[[[126.9607,37.5357],[126.96067,37.53574],[126.95828,37.53656],[126.95812,37.53661],[126.95495,37.53744],[126.95386,37.53729],[126.95301,37.53785],[126.95301,37.53781],[126.95301,37.53767],[126.95299,37.53757],[126.95299,37.53752],[126.95297,37.53743],[126.95283,37.53728],[126.95223,37.5368],[126.95131,37.53629],[126.95113,37.53621],[126.95076,37.53612],[126.94942,37.53587],[126.94781,37.53562],[126.9464,37.53574],[126.94619,37.53565],[126.94605,37.5356],[126.94543,37.53519],[126.94508,37.53493],[126.94467,37.53375],[126.94864,37.52855],[126.95024,37.52943],[126.95196,37.53036],[126.95365,37.53119],[126.95407,37.53139],[126.95461,37.53153],[126.95484,37.53164],[126.95511,37.53176],[126.95667,37.53244],[126.95741,37.53274],[126.95874,37.53312],[126.95961,37.53331],[126.95968,37.53332],[126.96142,37.53316],[126.96159,37.53315],[126.96065,37.53554],[126.9607,37.5357]]]},"properties":{"adm_cd2":"1117057000","adm_nm":"서울특별시 용산구 원효로2동","sggnm":"용산구"}},
{"type":"Feature","geometry":{"type":"Polygon","coordinates":[[[126.9632,37.54868],[126.96293,37.54878],[126.96162,37.5477],[126.95863,37.54558],[126.9578,37.5429],[126.9577,37.54208],[126.95651,37.5407],[126.95757,37.54012],[126.95791,37.53988],[126.95961,37.53941],[126.9602,37.53927],[126.96049,37.53921],[126.96059,37.5394],[126.96075,37.53955],[126.96089,37.53949],[126.96159,37.53923],[126.96239,37.53901],[126.96249,37.53899],[126.96256,37.53897],[126.96307,37.53884],[126.96311,37.53883],[126.96376,37.53864],[126.96386,37.53861],[126.96488,37.54147],[126.96461,37.54249],[126.96222,37.54187],[126.96207,37.54404],[126.9625,37.5457],[126.96348,37.54671],[126.96341,37.5484],[126.9632,37.54868]]]},"properties":{"adm_cd2":"1117058000","adm_nm":"서울특별시 용산구 효창동","sggnm":"용산구"}},
{"type":"Feature","geometry":{"type":"Polygon","coordinates":[[[126.9607,37.5357],[126.96072,37.53576],[126.96106,37.53608],[126.96197,37.53676],[126.96317,37.53742],[126.9637,37.53829],[126.96386,37.53861],[126.96376,37.53864],[126.96311,37.53883],[126.96307,37.53884],[126.96256,37.53897],[126.96249,37.53899],[126.96239,37.53901],[126.96159,37.53923],[126.96089,37.53949],[126.96075,37.53955],[126.96059,37.5394],[126.96049,37.53921],[126.9602,37.53927],[126.95961,37.53941],[126.95791,37.53988],[126.95757,37.54012],[126.95651,37.5407],[126.9564,37.54058],[126.95384,37.53849],[126.95301,37.53785],[126.95386,37.53729],[126.95495,37.53744],[126.95812,37.53661],[126.95828,37.53656],[126.96067,37.53574],[126.9607,37.5357]]]},"properties":{"adm_cd2":"1117059000","adm_nm":"서울특별시 용산구 용문동","sggnm":"용산구"}},
{"type":"Feature","geometry":{"type":"Polygon","coordinates":[[[126.97623,37.52179],[126.97263,37.52292],[126.97252,37.52296],[126.97206,37.52304],[126.97018,37.52287],[126.96989,37.52283],[126.96967,37.5228],[126.96936,37.52275],[126.96786,37.52246],[126.96701,37.52229],[126.96633,37.52216],[126.96589,37.5221],[126.96549,37.52205],[126.96538,37.52204],[126.96514,37.52201],[126.96457,37.52199],[126.96444,37.52199],[126.96397,37.52202],[126.96379,37.52204],[126.96325,37.52217],[126.9632,37.52218],[126.96221,37.52244],[126.96182,37.5226],[126.96176,37.52263],[126.95952,37.51875],[126.95909,37.51803],[126.95868,37.51744],[126.95818,37.51674],[126.9577,37.51607],[126.9572,37.51541],[126.96174,37.51283],[126.96585,37.51051],[126.97405,37.50733],[126.98013,37.50649],[126.98073,37.50657],[126.98278,37.51458],[126.98301,37.5158],[126.98307,37.51608],[126.98309,37.51627],[126.9831,37.51652],[126.9831,37.51713],[126.9831,37.51756],[126.98309,37.51781],[126.98306,37.51871],[126.98301,37.51916],[126.98299,37.51923],[126.98296,37.51939],[126.98281,37.51961],[126.98246,37.51987],[126.98112,37.52027],[126.97986,37.52065],[126.97753,37.52138],[126.97623,37.52179]]]},"properties":{"adm_cd2":"1117063000","adm_nm":"서울특별시 용산구 이촌1동","sggnm":"용산구"}},
{"type":"Feature","geometry":{"type":"Polygon","coordinates":[[[126.94864,37.52855],[126.94965,37.52676],[126.94962,37.52116],[126.94956,37.51781],[126.9572,37.51541],[126.9577,37.51607],[126.95818,37.51674],[126.95868,37.51744],[126.95909,37.51803],[126.95952,37.51875],[126.96176,37.52263],[126.96114,37.52289],[126.96043,37.52324],[126.9602,37.52335],[126.95933,37.52386],[126.95796,37.5247],[126.95753,37.52497],[126.9572,37.52524],[126.95701,37.5254],[126.95698,37.52543],[126.95689,37.52551],[126.95666,37.52572],[126.95545,37.52697],[126.95461,37.53153],[126.95407,37.53139],[126.95365,37.53119],[126.95196,37.53036],[126.95024,37.52943],[126.94864,37.52855]]]},"properties":{"adm_cd2":"1117064000","adm_nm":"서울특별시 용산구 이촌2동","sggnm":"용산구"}},
{"type":"Feature","geometry":{"type":"Polygon","coordinates":[[[126.99133,37.52947],[126.9948,37.52873],[126.99787,37.53261],[126.99704,37.53335],[126.99512,37.53822],[126.99534,37.53897],[126.9951,37.5387],[126.99456,37.53835],[126.98976,37.53565],[126.98789,37.53438],[126.98797,37.53431],[126.98809,37.53421],[126.98822,37.53411],[126.98829,37.53405],[126.98835,37.53401],[126.98846,37.53391],[126.98853,37.53384],[126.98861,37.53376],[126.98875,37.5336],[126.98878,37.53357],[126.98892,37.53339],[126.98899,37.5333],[126.98936,37.53277],[126.98945,37.53262],[126.98955,37.53246],[126.98971,37.5322],[126.98982,37.53201],[126.98998,37.53181],[126.99057,37.53101],[126.99085,37.53066],[126.99105,37.53036],[126.99112,37.53026],[126.99136,37.52991],[126.99133,37.52947]]]},"properties":{"adm_cd2":"1117065000","adm_nm":"서울특별시 용산구 이태원1동","sggnm":"용산구"}},
{"type":"Feature","geometry":{"type":"Polygon","coordinates":[[[126.99319,37.54906],[126.99142,37.54783],[126.99095,37.54637],[126.99035,37.54543],[126.98918,37.5437],[126.98856,37.54305],[126.98847,37.5428],[126.98843,37.54271],[126.9884,37.54263],[126.98697,37.5389],[126.98683,37.53837],[126.98682,37.53834],[126.9868,37.53827],[126.98678,37.5382],[126.98679,37.53746],[126.98695,37.53568],[126.98738,37.53444],[126.98781,37.53428],[126.98789,37.53438],[126.98976,37.53565],[126.99456,37.53835],[126.9951,37.5387],[126.99534,37.53897],[126.99534,37.53917],[126.99536,37.53925],[126.99537,37.53932],[126.9954,37.5394],[126.99542,37.53947],[126.99552,37.53962],[126.99566,37.53971],[126.99586,37.53984],[126.9965,37.54027],[126.99694,37.54054],[126.99734,37.54072],[126.9974,37.54077],[126.99754,37.5409],[126.99756,37.54093],[126.99778,37.54122],[126.99781,37.54125],[126.99784,37.54182],[126.99786,37.54222],[126.99651,37.54602],[126.99532,37.54724],[126.99319,37.54906]]]},"properties":{"adm_cd2":"1117066000","adm_nm":"서울특별시 용산구 이태원2동","sggnm":"용산구"}},
{"type":"Feature","geometry":{"type":"Polygon","coordinates":[[[126.97977,37.52608],[126.97623,37.52179],[126.97753,37.52138],[126.97986,37.52065],[126.98112,37.52027],[126.98246,37.51987],[126.98281,37.51961],[126.98296,37.51939],[126.98299,37.51923],[126.98301,37.51916],[126.98306,37.51871],[126.98309,37.51781],[126.9831,37.51756],[126.9831,37.51713],[126.9831,37.51652],[126.98309,37.51627],[126.98307,37.51608],[126.98301,37.5158],[126.98278,37.51458],[126.98073,37.50657],[126.98568,37.50663],[126.99062,37.51303],[126.99594,37.51574],[127.00039,37.51795],[127.0004,37.52211],[127.00026,37.52248],[127.00008,37.52276],[126.99968,37.52309],[126.99754,37.52475],[126.99701,37.52499],[126.99691,37.52519],[126.99659,37.52589],[126.99669,37.52628],[126.99693,37.52666],[126.99709,37.52692],[126.99682,37.5278],[126.99674,37.52788],[126.99663,37.52795],[126.99536,37.52864],[126.9948,37.52873],[126.99133,37.52947],[126.99167,37.52722],[126.98659,37.52711],[126.97977,37.52608]]]},"properties":{"adm_cd2":"1117069000","adm_nm":"서울특별시 용산구 서빙고동","sggnm":"용산구"}},
{"type":"Feature","geometry":{"type":"Polygon","coordinates":[[[126.9948,37.52873],[126.99536,37.52864],[126.99663,37.52795],[126.99674,37.52788],[126.99682,37.5278],[126.99709,37.52692],[126.99693,37.52666],[126.99669,37.52628],[126.99659,37.52589],[126.99691,37.52519],[126.99701,37.52499],[126.99754,37.52475],[126.99968,37.52309],[127.00008,37.52276],[127.00026,37.52248],[127.0004,37.52211],[127.00039,37.51795],[127.00443,37.52026],[127.00797,37.52459],[127.0073,37.52514],[127.00479,37.52673],[127.00423,37.52699],[127.00389,37.52717],[127.00285,37.52814],[127.00285,37.52817],[127.00289,37.52838],[127.00316,37.52883],[127.00338,37.52907],[127.00345,37.52914],[127.00369,37.52927],[127.00373,37.52947],[127.0036,37.52993],[127.00354,37.53001],[127.00332,37.53019],[127.00299,37.53042],[127.00092,37.53167],[126.9981,37.53264],[126.99787,37.53261],[126.9948,37.52873]]]},"properties":{"adm_cd2":"1117070000","adm_nm":"서울특별시 용산구 보광동","sggnm":"용산구"}},
{"type":"Feature","geometry":{"type":"Polygon","coordinates":[[[126.96849,37.55538],[126.96572,37.55411],[126.9652,37.55375],[126.96485,37.55349],[126.96239,37.5515],[126.96394,37.5498],[126.96369,37.5489],[126.9632,37.54868],[126.96341,37.5484],[126.96348,37.54671],[126.9625,37.5457],[126.96207,37.54404],[126.96222,37.54187],[126.96461,37.54249],[126.96488,37.54147],[126.97071,37.5416],[126.97103,37.54172],[126.97104,37.5426],[126.97103,37.54372],[126.97096,37.54773],[126.97091,37.54832],[126.9709,37.54853],[126.97005,37.55218],[126.9693,37.55204],[126.96917,37.55269],[126.96911,37.55302],[126.9691,37.55305],[126.96909,37.5532],[126.96909,37.55326],[126.96907,37.5539],[126.96849,37.55538]]]},"properties":{"adm_cd2":"1117055500","adm_nm":"서울특별시 용산구 청파동","sggnm":"용산구"}},
{"type":"Feature","geometry":{"type":"Polygon","coordinates":[[[126.97071,37.5416],[126.96488,37.54147],[126.96386,37.53861],[126.9637,37.53829],[126.96317,37.53742],[126.96197,37.53676],[126.96106,37.53608],[126.96072,37.53576],[126.9607,37.5357],[126.96065,37.53554],[126.96159,37.53315],[126.96325,37.53412],[126.96333,37.53417],[126.96339,37.5342],[126.96357,37.53428],[126.96378,37.53433],[126.96382,37.53434],[126.96474,37.53453],[126.96482,37.53454],[126.96488,37.53455],[126.96496,37.53455],[126.96505,37.53455],[126.96603,37.53432],[126.96638,37.53423],[126.9667,37.53406],[126.9668,37.53381],[126.9688,37.53402],[126.96919,37.53415],[126.96946,37.53431],[126.97027,37.53554],[126.97049,37.53599],[126.97062,37.53627],[126.97077,37.53668],[126.97086,37.53824],[126.97086,37.53893],[126.97086,37.53914],[126.97071,37.5416]]]},"properties":{"adm_cd2":"1117056000","adm_nm":"서울특별시 용산구 원효로1동","sggnm":"용산구"}},
{"type":"Feature","geometry":{"type":"Polygon","coordinates":[[[126.97086,37.53914],[126.97086,37.53893],[126.97086,37.53824],[126.97077,37.53668],[126.97062,37.53627],[126.97049,37.53599],[126.97027,37.53554],[126.96946,37.53431],[126.96919,37.53415],[126.9688,37.53402],[126.9668,37.53381],[126.9667,37.53406],[126.96638,37.53423],[126.96603,37.53432],[126.96505,37.53455],[126.96496,37.53455],[126.96488,37.53455],[126.96482,37.53454],[126.96474,37.53453],[126.96382,37.53434],[126.96378,37.53433],[126.96357,37.53428],[126.96339,37.5342],[126.96333,37.53417],[126.96325,37.53412],[126.96159,37.53315],[126.96142,37.53316],[126.95968,37.53332],[126.95961,37.53331],[126.95874,37.53312],[126.95741,37.53274],[126.95667,37.53244],[126.95511,37.53176],[126.95484,37.53164],[126.95461,37.53153],[126.95545,37.52697],[126.95666,37.52572],[126.95689,37.52551],[126.95698,37.52543],[126.95701,37.5254],[126.9572,37.52524],[126.95753,37.52497],[126.95796,37.5247],[126.95933,37.52386],[126.9602,37.52335],[126.96043,37.52324],[126.96114,37.52289],[126.96176,37.52263],[126.96182,37.5226],[126.96221,37.52244],[126.9632,37.52218],[126.96325,37.52217],[126.96379,37.52204],[126.96397,37.52202],[126.96444,37.52199],[126.96457,37.52199],[126.96514,37.52201],[126.96538,37.52204],[126.96549,37.52205],[126.96589,37.5221],[126.96633,37.52216],[126.96701,37.52229],[126.96786,37.52246],[126.96936,37.52275],[126.96967,37.5228],[126.96989,37.52283],[126.97018,37.52287],[126.97206,37.52304],[126.97252,37.52296],[126.97263,37.52292],[126.97623,37.52179],[126.97977,37.52608],[126.9806,37.53471],[126.97878,37.53468],[126.97613,37.53457],[126.97507,37.53537],[126.97391,37.53777],[126.97386,37.53798],[126.97338,37.53982],[126.97321,37.54032],[126.97156,37.53935],[126.97086,37.53914]]]},"properties":{"adm_cd2":"1117062500","adm_nm":"서울특별시 용산구 한강로동","sggnm":"용산구"}},
{"type":"Feature","geometry":{"type":"Polygon","coordinates":[[[126.99532,37.54724],[126.99651,37.54602],[126.99786,37.54222],[126.99784,37.54182],[126.99781,37.54125],[126.99778,37.54122],[126.99756,37.54093],[126.99754,37.5409],[126.9974,37.54077],[126.99734,37.54072],[126.99694,37.54054],[126.9965,37.54027],[126.99586,37.53984],[126.99566,37.53971],[126.99552,37.53962],[126.99542,37.53947],[126.9954,37.5394],[126.99537,37.53932],[126.99536,37.53925],[126.99534,37.53917],[126.99534,37.53897],[126.99512,37.53822],[126.99704,37.53335],[126.99787,37.53261],[126.9981,37.53264],[127.00092,37.53167],[127.00299,37.53042],[127.00332,37.53019],[127.00354,37.53001],[127.0036,37.52993],[127.00373,37.52947],[127.00369,37.52927],[127.00345,37.52914],[127.00338,37.52907],[127.00316,37.52883],[127.00289,37.52838],[127.00285,37.52817],[127.00285,37.52814],[127.00389,37.52717],[127.00423,37.52699],[127.00479,37.52673],[127.0073,37.52514],[127.00797,37.52459],[127.01187,37.52784],[127.01261,37.52831],[127.01546,37.5307],[127.01637,37.53147],[127.01704,37.53203],[127.01822,37.53302],[127.01951,37.53411],[127.02006,37.53456],[127.02018,37.53464],[127.02092,37.53512],[127.01719,37.53742],[127.01576,37.53831],[127.01479,37.5389],[127.01289,37.53931],[127.01214,37.53919],[127.01213,37.53915],[127.01176,37.53904],[127.01153,37.53898],[127.00993,37.53937],[127.00947,37.53958],[127.00932,37.53968],[127.00834,37.54186],[127.00843,37.54286],[127.00858,37.54389],[127.00861,37.54398],[127.00726,37.54381],[127.00484,37.54618],[127.00531,37.54771],[127.00531,37.54774],[127.00531,37.54777],[127.00531,37.54781],[127.00589,37.5482],[127.00578,37.54823],[127.00574,37.54823],[127.00554,37.54827],[127.00542,37.54829],[127.00532,37.5483],[127.00472,37.54835],[127.00463,37.54856],[127.00447,37.54897],[127.00439,37.54919],[127.00438,37.54956],[127.0044,37.54966],[127.00423,37.55038],[127.00389,37.5502],[127.00268,37.5496],[127.00025,37.54951],[127.00022,37.54951],[126.99995,37.54956],[126.99987,37.54959],[126.99981,37.54962],[126.99937,37.54979],[126.9991,37.54989],[126.99886,37.54991],[126.99852,37.54993],[126.99774,37.54936],[126.99532,37.54724]]]},"properties":{"adm_cd2":"1117068500","adm_nm":"서울특별시 용산구 한남동","sggnm":"용산구"}},
{"type":"Feature","geometry":{"type":"Polygon","coordinates":[[[127.02333,37.56074],[127.02286,37.55787],[127.02431,37.5579],[127.02671,37.55957],[127.02675,37.55959],[127.02678,37.55961],[127.02707,37.55977],[127.02809,37.56024],[127.0282,37.56027],[127.03025,37.56044],[127.03037,37.5604],[127.03058,37.56031],[127.03107,37.56033],[127.03351,37.56252],[127.02742,37.56487],[127.02671,37.56499],[127.02676,37.56429],[127.02671,37.56388],[127.02659,37.56358],[127.0265,37.56339],[127.02648,37.56336],[127.0264,37.56321],[127.02627,37.56299],[127.02353,37.56073],[127.02349,37.56072],[127.02333,37.56074]]]},"properties":{"adm_cd2":"1120052000","adm_nm":"서울특별시 성동구 왕십리2동","sggnm":"성동구"}},
{"type":"Feature","geometry":{"type":"Polygon","coordinates":[[[127.04823,37.56538],[127.04776,37.56658],[127.04673,37.56839],[127.04662,37.56857],[127.04601,37.56957],[127.04598,37.56961],[127.04588,37.56969],[127.04529,37.57011],[127.04384,37.57094],[127.04289,37.57208],[127.04218,37.57302],[127.03865,37.57296],[127.03798,37.5729],[127.03793,37.5729],[127.03653,37.57252],[127.03648,37.5725],[127.03637,37.57246],[127.03545,37.57213],[127.0351,37.57196],[127.03476,37.57175],[127.03231,37.57014],[127.03304,37.56792],[127.03472,37.56625],[127.0348,37.56624],[127.0365,37.56604],[127.03882,37.5629],[127.03883,37.56285],[127.03919,37.56204],[127.03938,37.56194],[127.04151,37.56197],[127.04517,37.56217],[127.04529,37.5622],[127.04532,37.56222],[127.04554,37.56237],[127.04569,37.56259],[127.04624,37.56346],[127.0464,37.56376],[127.04672,37.56435],[127.0468,37.56495],[127.04689,37.56529],[127.0469,37.56533],[127.047,37.56534],[127.04737,37.56535],[127.04823,37.56538]]]},"properties":{"adm_cd2":"1120054000","adm_nm":"서울특별시 성동구 마장동","sggnm":"성동구"}},
{"type":"Feature","geometry":{"type":"Polygon","coordinates":[[[127.03883,37.56285],[127.03917,37.56086],[127.03952,37.55609],[127.03954,37.55574],[127.03954,37.55564],[127.03953,37.55537],[127.03953,37.55523],[127.0395,37.55508],[127.03946,37.55488],[127.03935,37.55448],[127.0392,37.55418],[127.03914,37.55408],[127.03902,37.55386],[127.03983,37.55292],[127.04176,37.5527],[127.0445,37.55301],[127.04664,37.55302],[127.04669,37.55301],[127.04691,37.55299],[127.04701,37.55298],[127.04793,37.55288],[127.048,37.55288],[127.04934,37.55264],[127.04978,37.55311],[127.05048,37.55386],[127.05061,37.554],[127.05116,37.555],[127.05167,37.55689],[127.05166,37.55827],[127.05075,37.5608],[127.05043,37.5617],[127.05039,37.56182],[127.05,37.56271],[127.04979,37.56312],[127.0486,37.56494],[127.04823,37.56538],[127.04737,37.56535],[127.047,37.56534],[127.0469,37.56533],[127.04689,37.56529],[127.0468,37.56495],[127.04672,37.56435],[127.0464,37.56376],[127.04624,37.56346],[127.04569,37.56259],[127.04554,37.56237],[127.04532,37.56222],[127.04529,37.5622],[127.04517,37.56217],[127.04151,37.56197],[127.03938,37.56194],[127.03919,37.56204],[127.03883,37.56285]]]},"properties":{"adm_cd2":"1120055000","adm_nm":"서울특별시 성동구 사근동","sggnm":"성동구"}},
{"type":"Feature","geometry":{"type":"Polygon","coordinates":[[[127.03107,37.56033],[127.03063,37.55847],[127.03065,37.55838],[127.03071,37.55813],[127.03077,37.55786],[127.03281,37.55827],[127.03345,37.5584],[127.03398,37.55851],[127.03408,37.55737],[127.03428,37.55486],[127.03423,37.5546],[127.03902,37.55386],[127.03914,37.55408],[127.0392,37.55418],[127.03935,37.55448],[127.03946,37.55488],[127.0395,37.55508],[127.03953,37.55523],[127.03953,37.55537],[127.03954,37.55564],[127.03954,37.55574],[127.03952,37.55609],[127.03917,37.56086],[127.03883,37.56285],[127.03882,37.5629],[127.0365,37.56604],[127.03632,37.56471],[127.03629,37.56451],[127.03621,37.56389],[127.03617,37.56359],[127.03615,37.56345],[127.03599,37.56245],[127.03585,37.56213],[127.0358,37.56199],[127.03559,37.56152],[127.03545,37.56128],[127.0345,37.56188],[127.03446,37.5619],[127.03351,37.56252],[127.03107,37.56033]]]},"properties":{"adm_cd2":"1120056000","adm_nm":"서울특별시 성동구 행당1동","sggnm":"성동구"}},
{"type":"Feature","geometry":{"type":"Polygon","coordinates":[[[127.02431,37.5579],[127.02488,37.55573],[127.0249,37.5557],[127.02574,37.55502],[127.02589,37.55495],[127.02593,37.55493],[127.0281,37.55412],[127.0291,37.55387],[127.0293,37.55386],[127.02951,37.55391],[127.03136,37.55292],[127.03172,37.55293],[127.03194,37.55296],[127.034,37.55452],[127.03408,37.55461],[127.03421,37.55477],[127.03428,37.55486],[127.03408,37.55737],[127.03398,37.55851],[127.03345,37.5584],[127.03281,37.55827],[127.03077,37.55786],[127.03071,37.55813],[127.03065,37.55838],[127.03063,37.55847],[127.03107,37.56033],[127.03058,37.56031],[127.03037,37.5604],[127.03025,37.56044],[127.0282,37.56027],[127.02809,37.56024],[127.02707,37.55977],[127.02678,37.55961],[127.02675,37.55959],[127.02671,37.55957],[127.02431,37.5579]]]},"properties":{"adm_cd2":"1120057000","adm_nm":"서울특별시 성동구 행당2동","sggnm":"성동구"}},
{"type":"Feature","geometry":{"type":"Polygon","coordinates":[[[127.03902,37.55386],[127.03423,37.5546],[127.03428,37.55486],[127.03421,37.55477],[127.03408,37.55461],[127.034,37.55452],[127.03194,37.55296],[127.03172,37.55293],[127.03136,37.55292],[127.02951,37.55391],[127.02898,37.5491],[127.02953,37.5492],[127.0304,37.54627],[127.03122,37.54657],[127.03236,37.54672],[127.0325,37.54675],[127.03438,37.54816],[127.04006,37.55133],[127.04046,37.5525],[127.04005,37.55277],[127.03983,37.55292],[127.03902,37.55386]]]},"properties":{"adm_cd2":"1120058000","adm_nm":"서울특별시 성동구 응봉동","sggnm":"성동구"}},
{"type":"Feature","geometry":{"type":"Polygon","coordinates":[[[127.01946,37.55734],[127.01998,37.5557],[127.02274,37.55326],[127.02308,37.55317],[127.02332,37.5531],[127.0234,37.55308],[127.02343,37.55307],[127.02412,37.5528],[127.02426,37.55274],[127.02445,37.55266],[127.02478,37.55252],[127.02524,37.55212],[127.0253,37.552],[127.02549,37.55163],[127.02593,37.55039],[127.02608,37.54996],[127.02607,37.54943],[127.02607,37.54935],[127.02587,37.54832],[127.02898,37.5491],[127.02951,37.55391],[127.0293,37.55386],[127.0291,37.55387],[127.0281,37.55412],[127.02593,37.55493],[127.02589,37.55495],[127.02574,37.55502],[127.0249,37.5557],[127.02488,37.55573],[127.02431,37.5579],[127.02286,37.55787],[127.02182,37.55771],[127.01937,37.5575],[127.01946,37.55734]]]},"properties":{"adm_cd2":"1120059000","adm_nm":"서울특별시 성동구 금호1가동","sggnm":"성동구"}},
{"type":"Feature","geometry":{"type":"Polygon","coordinates":[[[127.02898,37.5491],[127.02587,37.54832],[127.02542,37.54808],[127.01924,37.54832],[127.01679,37.54847],[127.01488,37.5483],[127.01445,37.5481],[127.01519,37.54707],[127.01683,37.54573],[127.01971,37.54515],[127.0213,37.54336],[127.02269,37.54169],[127.02287,37.54145],[127.0315,37.54251],[127.03089,37.54526],[127.031,37.54563],[127.03109,37.54596],[127.03091,37.54606],[127.03075,37.54615],[127.0304,37.54627],[127.02953,37.5492],[127.02898,37.5491]]]},"properties":{"adm_cd2":"1120062000","adm_nm":"서울특별시 성동구 금호4가동","sggnm":"성동구"}},
{"type":"Feature","geometry":{"type":"Polygon","coordinates":[[[127.0304,37.54627],[127.03075,37.54615],[127.03091,37.54606],[127.03109,37.54596],[127.031,37.54563],[127.03089,37.54526],[127.0315,37.54251],[127.0334,37.5413],[127.03599,37.53789],[127.0359,37.53584],[127.04031,37.5359],[127.04667,37.534],[127.04906,37.53255],[127.04976,37.53466],[127.05045,37.53671],[127.05084,37.5373],[127.05044,37.54002],[127.05045,37.54006],[127.05046,37.54011],[127.05055,37.54047],[127.05057,37.54055],[127.05063,37.54072],[127.05065,37.54079],[127.05101,37.54191],[127.05105,37.54201],[127.05107,37.54205],[127.05112,37.54215],[127.05116,37.54222],[127.05188,37.54347],[127.04958,37.54417],[127.04912,37.54481],[127.04736,37.54549],[127.04678,37.5457],[127.04539,37.54614],[127.04476,37.54621],[127.04397,37.54623],[127.0438,37.54599],[127.04359,37.54596],[127.03918,37.5469],[127.03672,37.54756],[127.0365,37.54728],[127.03641,37.54717],[127.03559,37.54631],[127.03436,37.54543],[127.03112,37.54607],[127.03116,37.54628],[127.03122,37.54657],[127.0304,37.54627]]]},"properties":{"adm_cd2":"1120065000","adm_nm":"서울특별시 성동구 성수1가1동","sggnm":"성동구"}},
{"type":"Feature","geometry":{"type":"Polygon","coordinates":[[[127.03983,37.55292],[127.04005,37.55277],[127.04046,37.5525],[127.04006,37.55133],[127.03438,37.54816],[127.0325,37.54675],[127.03236,37.54672],[127.03122,37.54657],[127.03116,37.54628],[127.03112,37.54607],[127.03436,37.54543],[127.03559,37.54631],[127.03641,37.54717],[127.0365,37.54728],[127.03672,37.54756],[127.03918,37.5469],[127.04359,37.54596],[127.0438,37.54599],[127.04397,37.54623],[127.04476,37.54621],[127.04539,37.54614],[127.04678,37.5457],[127.04736,37.54549],[127.04912,37.54481],[127.04958,37.54417],[127.05218,37.55084],[127.05252,37.55169],[127.04934,37.55264],[127.048,37.55288],[127.04793,37.55288],[127.04701,37.55298],[127.04691,37.55299],[127.04669,37.55301],[127.04664,37.55302],[127.0445,37.55301],[127.04176,37.5527],[127.03983,37.55292]]]},"properties":{"adm_cd2":"1120066000","adm_nm":"서울특별시 성동구 성수1가2동","sggnm":"성동구"}},
{"type":"Feature","geometry":{"type":"Polygon","coordinates":[[[127.04906,37.53255],[127.05657,37.5291],[127.06283,37.54019],[127.05188,37.54347],[127.05116,37.54222],[127.05112,37.54215],[127.05107,37.54205],[127.05105,37.54201],[127.05101,37.54191],[127.05065,37.54079],[127.05063,37.54072],[127.05057,37.54055],[127.05055,37.54047],[127.05046,37.54011],[127.05045,37.54006],[127.05044,37.54002],[127.05084,37.5373],[127.05045,37.53671],[127.04976,37.53466],[127.04906,37.53255]]]},"properties":{"adm_cd2":"1120067000","adm_nm":"서울특별시 성동구 성수2가1동","sggnm":"성동구"}},
{"type":"Feature","geometry":{"type":"Polygon","coordinates":[[[127.05188,37.54347],[127.06283,37.54019],[127.06394,37.54215],[127.0675,37.54831],[127.06659,37.54826],[127.06311,37.54809],[127.06225,37.5481],[127.06206,37.54812],[127.06113,37.54821],[127.06004,37.54833],[127.05925,37.54851],[127.05865,37.54865],[127.05829,37.54875],[127.05737,37.54901],[127.05726,37.54905],[127.05669,37.54926],[127.05643,37.54936],[127.05609,37.54949],[127.05458,37.55009],[127.05218,37.55084],[127.04958,37.54417],[127.05188,37.54347]]]},"properties":{"adm_cd2":"1120069000","adm_nm":"서울특별시 성동구 성수2가3동","sggnm":"성동구"}},
{"type":"Feature","geometry":{"type":"Polygon","coordinates":[[[127.05218,37.55084],[127.05458,37.55009],[127.05609,37.54949],[127.05643,37.54936],[127.05669,37.54926],[127.05726,37.54905],[127.05737,37.54901],[127.05829,37.54875],[127.05865,37.54865],[127.05925,37.54851],[127.06004,37.54833],[127.06113,37.54821],[127.06206,37.54812],[127.06225,37.5481],[127.06311,37.54809],[127.06659,37.54826],[127.0675,37.54831],[127.0737,37.55944],[127.0718,37.55945],[127.06951,37.5575],[127.06936,37.55735],[127.06926,37.55726],[127.06876,37.55678],[127.06872,37.55674],[127.06838,37.55641],[127.06642,37.55407],[127.06555,37.55292],[127.0654,37.55266],[127.06495,37.55187],[127.06408,37.5508],[127.06391,37.55065],[127.06354,37.55035],[127.06343,37.5503],[127.06338,37.55027],[127.06321,37.55018],[127.06295,37.55005],[127.06242,37.54985],[127.06219,37.54982],[127.06136,37.54971],[127.06099,37.54967],[127.06048,37.54965],[127.05985,37.54967],[127.0598,37.54969],[127.05966,37.54972],[127.05875,37.55],[127.0586,37.55004],[127.05672,37.55062],[127.05477,37.55118],[127.05426,37.55131],[127.05392,37.5514],[127.05252,37.55169],[127.05218,37.55084]]]},"properties":{"adm_cd2":"1120072000","adm_nm":"서울특별시 성동구 송정동","sggnm":"성동구"}},
{"type":"Feature","geometry":{"type":"Polygon","coordinates":[[[127.04823,37.56538],[127.0486,37.56494],[127.04979,37.56312],[127.05,37.56271],[127.05039,37.56182],[127.05043,37.5617],[127.05075,37.5608],[127.05166,37.55827],[127.05167,37.55689],[127.05116,37.555],[127.05061,37.554],[127.05048,37.55386],[127.04978,37.55311],[127.04934,37.55264],[127.05252,37.55169],[127.05392,37.5514],[127.05426,37.55131],[127.05477,37.55118],[127.05672,37.55062],[127.0586,37.55004],[127.05875,37.55],[127.05966,37.54972],[127.0598,37.54969],[127.05985,37.54967],[127.06048,37.54965],[127.06099,37.54967],[127.06136,37.54971],[127.06219,37.54982],[127.06242,37.54985],[127.06295,37.55005],[127.06321,37.55018],[127.06338,37.55027],[127.06343,37.5503],[127.06354,37.55035],[127.06391,37.55065],[127.06408,37.5508],[127.06495,37.55187],[127.0654,37.55266],[127.06555,37.55292],[127.06642,37.55407],[127.06838,37.55641],[127.06872,37.55674],[127.06876,37.55678],[127.06926,37.55726],[127.06936,37.55735],[127.06951,37.5575],[127.0718,37.55945],[127.0737,37.55944],[127.0721,37.56005],[127.07071,37.56058],[127.06969,37.56075],[127.06892,37.56087],[127.06555,37.56135],[127.0655,37.56115],[127.06331,37.56148],[127.05939,37.56223],[127.05905,37.56231],[127.05871,37.56246],[127.0582,37.56272],[127.05814,37.56276],[127.05777,37.56302],[127.05684,37.56377],[127.04866,37.56987],[127.04218,37.57302],[127.04289,37.57208],[127.04384,37.57094],[127.04529,37.57011],[127.04588,37.56969],[127.04598,37.56961],[127.04601,37.56957],[127.04662,37.56857],[127.04673,37.56839],[127.04776,37.56658],[127.04823,37.56538]]]},"properties":{"adm_cd2":"1120079000","adm_nm":"서울특별시 성동구 용답동","sggnm":"성동구"}},
{"type":"Feature","geometry":{"type":"Polygon","coordinates":[[[127.02671,37.56499],[127.02742,37.56487],[127.03351,37.56252],[127.03446,37.5619],[127.0345,37.56188],[127.03545,37.56128],[127.03559,37.56152],[127.0358,37.56199],[127.03585,37.56213],[127.03599,37.56245],[127.03615,37.56345],[127.03617,37.56359],[127.03621,37.56389],[127.03629,37.56451],[127.03632,37.56471],[127.0365,37.56604],[127.0348,37.56624],[127.03472,37.56625],[127.03304,37.56792],[127.03231,37.57014],[127.03036,37.56982],[127.02337,37.57174],[127.0236,37.5658],[127.02362,37.56517],[127.02671,37.56499]]]},"properties":{"adm_cd2":"1120053500","adm_nm":"서울특별시 성동구 왕십리도선동","sggnm":"성동구"}},
{"type":"Feature","geometry":{"type":"Polygon","coordinates":[[[127.01321,37.54994],[127.01437,37.54913],[127.01445,37.5481],[127.01488,37.5483],[127.01679,37.54847],[127.01924,37.54832],[127.02542,37.54808],[127.02587,37.54832],[127.02607,37.54935],[127.02607,37.54943],[127.02608,37.54996],[127.02593,37.55039],[127.02549,37.55163],[127.0253,37.552],[127.02524,37.55212],[127.02478,37.55252],[127.02445,37.55266],[127.02426,37.55274],[127.02412,37.5528],[127.02343,37.55307],[127.0234,37.55308],[127.02332,37.5531],[127.02308,37.55317],[127.02274,37.55326],[127.01998,37.5557],[127.01946,37.55734],[127.01891,37.55713],[127.01877,37.55707],[127.01859,37.55699],[127.01837,37.55687],[127.018,37.55666],[127.01792,37.5566],[127.01788,37.55657],[127.01741,37.55598],[127.01631,37.55301],[127.01321,37.54994]]]},"properties":{"adm_cd2":"1120061500","adm_nm":"서울특별시 성동구 금호2·3가동","sggnm":"성동구"}},
{"type":"Feature","geometry":{"type":"Polygon","coordinates":[[[127.00861,37.54398],[127.00858,37.54389],[127.00843,37.54286],[127.00834,37.54186],[127.00932,37.53968],[127.00947,37.53958],[127.00993,37.53937],[127.01153,37.53898],[127.01176,37.53904],[127.01213,37.53915],[127.01214,37.53919],[127.01289,37.53931],[127.01479,37.5389],[127.01576,37.53831],[127.01719,37.53742],[127.02092,37.53512],[127.02156,37.53553],[127.0359,37.53584],[127.03599,37.53789],[127.0334,37.5413],[127.0315,37.54251],[127.02287,37.54145],[127.02269,37.54169],[127.0213,37.54336],[127.01971,37.54515],[127.01683,37.54573],[127.01519,37.54707],[127.01445,37.5481],[127.01437,37.54913],[127.01321,37.54994],[127.01166,37.54851],[127.01148,37.54842],[127.01087,37.54812],[127.01081,37.5481],[127.01078,37.54809],[127.01068,37.54808],[127.00861,37.54398]]]},"properties":{"adm_cd2":"1120064500","adm_nm":"서울특별시 성동구 옥수동","sggnm":"성동구"}},
{"type":"Feature","geometry":{"type":"Polygon","coordinates":[[[127.06394,37.54215],[127.07055,37.53983],[127.07327,37.53907],[127.07514,37.53871],[127.07526,37.53933],[127.07678,37.53921],[127.07848,37.53902],[127.07894,37.53893],[127.07995,37.539],[127.08229,37.54004],[127.08293,37.54137],[127.08247,37.5415],[127.0814,37.54202],[127.08131,37.54212],[127.08128,37.54216],[127.08128,37.54267],[127.08128,37.54281],[127.0813,37.5429],[127.08135,37.54308],[127.08137,37.54312],[127.08151,37.54333],[127.08177,37.54381],[127.08192,37.54409],[127.08238,37.54497],[127.08161,37.5453],[127.08085,37.54533],[127.0805,37.54535],[127.08,37.54538],[127.07992,37.54538],[127.07948,37.54543],[127.07879,37.54557],[127.07832,37.54567],[127.07733,37.5459],[127.07728,37.54592],[127.07702,37.54602],[127.07406,37.54734],[127.0717,37.54788],[127.0675,37.54831],[127.06394,37.54215]]]},"properties":{"adm_cd2":"1121571000","adm_nm":"서울특별시 광진구 화양동","sggnm":"광진구"}},
{"type":"Feature","geometry":{"type":"Polygon","coordinates":[[[127.0675,37.54831],[127.0717,37.54788],[127.07406,37.54734],[127.07425,37.5476],[127.07519,37.54889],[127.07612,37.55054],[127.07614,37.55056],[127.07616,37.5506],[127.0792,37.55663],[127.07915,37.557],[127.07914,37.55704],[127.07866,37.55739],[127.07793,37.55778],[127.0737,37.55944],[127.0675,37.54831]]]},"properties":{"adm_cd2":"1121573000","adm_nm":"서울특별시 광진구 군자동","sggnm":"광진구"}},
{"type":"Feature","geometry":{"type":"Polygon","coordinates":[[[127.0737,37.55944],[127.07793,37.55778],[127.07826,37.55776],[127.07986,37.5578],[127.08014,37.55835],[127.08336,37.56421],[127.07585,37.56664],[127.0721,37.56005],[127.0737,37.55944]]]},"properties":{"adm_cd2":"1121574000","adm_nm":"서울특별시 광진구 중곡1동","sggnm":"광진구"}},
{"type":"Feature","geometry":{"type":"Polygon","coordinates":[[[127.07986,37.5578],[127.07963,37.55723],[127.08009,37.55693],[127.08138,37.55644],[127.0831,37.55577],[127.08521,37.55494],[127.08741,37.55406],[127.08829,37.55359],[127.08864,37.55332],[127.08867,37.55329],[127.08692,37.56351],[127.08539,37.56349],[127.08336,37.56421],[127.08014,37.55835],[127.07986,37.5578]]]},"properties":{"adm_cd2":"1121575000","adm_nm":"서울특별시 광진구 중곡2동","sggnm":"광진구"}},
{"type":"Feature","geometry":{"type":"Polygon","coordinates":[[[127.08336,37.56421],[127.08539,37.56349],[127.08692,37.56351],[127.08688,37.56371],[127.08674,37.56452],[127.08615,37.568],[127.08606,37.56857],[127.08607,37.56866],[127.08607,37.56881],[127.08608,37.56927],[127.08611,37.57008],[127.08617,37.57082],[127.08098,37.57161],[127.07858,37.57186],[127.0782,37.57094],[127.07778,37.57008],[127.07686,37.56844],[127.07585,37.56664],[127.08336,37.56421]]]},"properties":{"adm_cd2":"1121576000","adm_nm":"서울특별시 광진구 중곡3동","sggnm":"광진구"}},
{"type":"Feature","geometry":{"type":"Polygon","coordinates":[[[127.08867,37.55329],[127.08963,37.5524],[127.09029,37.55259],[127.09091,37.5528],[127.09281,37.55449],[127.09614,37.55719],[127.09767,37.55743],[127.09946,37.55823],[127.10034,37.55901],[127.1009,37.55958],[127.10115,37.56002],[127.10108,37.56076],[127.10108,37.56082],[127.10109,37.56091],[127.10334,37.56965],[127.10337,37.56975],[127.10338,37.56979],[127.10343,37.56989],[127.1035,37.57003],[127.10375,37.57042],[127.1038,37.57048],[127.10383,37.57053],[127.1039,37.57062],[127.10395,37.57066],[127.10398,37.57069],[127.10407,37.5708],[127.10416,37.57092],[127.10418,37.571],[127.10419,37.57105],[127.10419,37.5711],[127.10401,37.57168],[127.104,37.57171],[127.10397,37.57173],[127.10383,37.57183],[127.10369,37.57194],[127.10326,37.57223],[127.10316,37.57229],[127.10308,37.57233],[127.10297,37.57237],[127.10293,37.57237],[127.10164,37.57256],[127.10093,37.57356],[127.09575,37.5711],[127.09565,37.5711],[127.09551,37.57105],[127.09544,37.57103],[127.09531,37.57097],[127.09515,37.5709],[127.0951,37.57088],[127.09496,37.57082],[127.09477,37.57073],[127.09457,37.5706],[127.09443,37.57055],[127.09432,37.57052],[127.09428,37.5705],[127.09419,37.57047],[127.09409,37.57045],[127.09398,37.57043],[127.09393,37.57042],[127.0938,37.57041],[127.09365,37.57039],[127.09345,37.57033],[127.09331,37.57031],[127.09323,37.57032],[127.09309,37.57033],[127.09292,37.57036],[127.09278,37.57038],[127.09269,37.5704],[127.09263,37.57041],[127.09253,37.57025],[127.09249,37.5701],[127.0924,37.56996],[127.09231,37.56987],[127.09223,37.56983],[127.09208,37.56976],[127.09195,37.56971],[127.0918,37.56965],[127.09146,37.56959],[127.09121,37.56956],[127.09117,37.56956],[127.09077,37.56958],[127.09072,37.56958],[127.09046,37.56961],[127.09035,37.56962],[127.09023,37.56965],[127.0901,37.56968],[127.09,37.5697],[127.0899,37.56976],[127.08986,37.5698],[127.08977,37.56988],[127.08958,37.56997],[127.08931,37.57012],[127.08919,37.57016],[127.08909,37.57018],[127.08898,37.57018],[127.08892,37.57017],[127.08876,37.57014],[127.08871,37.57013],[127.0884,37.57008],[127.08833,37.5703],[127.0883,37.57039],[127.08816,37.57082],[127.08805,37.57083],[127.08801,37.57083],[127.0879,37.57083],[127.08759,37.57084],[127.08755,37.57084],[127.08723,37.57084],[127.08718,37.57084],[127.08713,37.57084],[127.08704,37.57084],[127.087,37.57084],[127.08696,37.57084],[127.08688,37.57084],[127.08683,37.57084],[127.08672,37.57084],[127.08617,37.57082],[127.08611,37.57008],[127.08608,37.56927],[127.08607,37.56881],[127.08607,37.56866],[127.08606,37.56857],[127.08615,37.568],[127.08674,37.56452],[127.08688,37.56371],[127.08692,37.56351],[127.08867,37.55329]]]},"properties":{"adm_cd2":"1121577000","adm_nm":"서울특별시 광진구 중곡4동","sggnm":"광진구"}},
{"type":"Feature","geometry":{"type":"Polygon","coordinates":[[[127.08161,37.5453],[127.08506,37.54511],[127.08569,37.54614],[127.08538,37.54855],[127.08542,37.54872],[127.08548,37.5488],[127.086,37.54945],[127.08955,37.55179],[127.08963,37.5524],[127.08867,37.55329],[127.08864,37.55332],[127.08829,37.55359],[127.08741,37.55406],[127.08521,37.55494],[127.0831,37.55577],[127.08138,37.55644],[127.08009,37.55693],[127.07963,37.55723],[127.07986,37.5578],[127.07826,37.55776],[127.07793,37.55778],[127.07866,37.55739],[127.07914,37.55704],[127.07915,37.557],[127.0792,37.55663],[127.07616,37.5506],[127.07614,37.55056],[127.07612,37.55054],[127.07519,37.54889],[127.07425,37.5476],[127.07406,37.54734],[127.07702,37.54602],[127.07728,37.54592],[127.07733,37.5459],[127.07832,37.54567],[127.07879,37.54557],[127.07948,37.54543],[127.07992,37.54538],[127.08,37.54538],[127.0805,37.54535],[127.08085,37.54533],[127.08161,37.5453]]]},"properties":{"adm_cd2":"1121578000","adm_nm":"서울특별시 광진구 능동","sggnm":"광진구"}},
{"type":"Feature","geometry":{"type":"Polygon","coordinates":[[[127.08293,37.54137],[127.0832,37.54007],[127.08355,37.53663],[127.08905,37.5379],[127.09065,37.54469],[127.08531,37.54509],[127.08506,37.54511],[127.08161,37.5453],[127.08238,37.54497],[127.08192,37.54409],[127.08177,37.54381],[127.08151,37.54333],[127.08137,37.54312],[127.08135,37.54308],[127.0813,37.5429],[127.08128,37.54281],[127.08128,37.54267],[127.08128,37.54216],[127.08131,37.54212],[127.0814,37.54202],[127.08247,37.5415],[127.08293,37.54137]]]},"properties":{"adm_cd2":"1121585000","adm_nm":"서울특별시 광진구 구의1동","sggnm":"광진구"}},
{"type":"Feature","geometry":{"type":"Polygon","coordinates":[[[127.08963,37.5524],[127.08955,37.55179],[127.086,37.54945],[127.08548,37.5488],[127.08542,37.54872],[127.08538,37.54855],[127.08569,37.54614],[127.08506,37.54511],[127.08531,37.54509],[127.09065,37.54469],[127.09247,37.54412],[127.09318,37.54369],[127.09395,37.54424],[127.09675,37.54585],[127.09696,37.5459],[127.09746,37.54566],[127.09758,37.5456],[127.09778,37.54551],[127.09802,37.54623],[127.09865,37.54902],[127.09825,37.55021],[127.09824,37.55029],[127.09869,37.55199],[127.09957,37.55263],[127.10008,37.553],[127.10203,37.5555],[127.10339,37.55724],[127.10425,37.55988],[127.10115,37.56002],[127.1009,37.55958],[127.10034,37.55901],[127.09946,37.55823],[127.09767,37.55743],[127.09614,37.55719],[127.09281,37.55449],[127.09091,37.5528],[127.09029,37.55259],[127.08963,37.5524]]]},"properties":{"adm_cd2":"1121586000","adm_nm":"서울특별시 광진구 구의2동","sggnm":"광진구"}},
{"type":"Feature","geometry":{"type":"Polygon","coordinates":[[[127.08905,37.5379],[127.08942,37.53745],[127.08926,37.53638],[127.08937,37.53597],[127.08944,37.5357],[127.09013,37.5334],[127.09088,37.53366],[127.09165,37.53326],[127.09167,37.53298],[127.09182,37.53144],[127.09225,37.52679],[127.09812,37.52756],[127.09896,37.52795],[127.1032,37.53467],[127.10061,37.53709],[127.09775,37.53966],[127.09713,37.54011],[127.09705,37.54017],[127.09697,37.54023],[127.09508,37.54187],[127.09318,37.54369],[127.09247,37.54412],[127.09065,37.54469],[127.08905,37.5379]]]},"properties":{"adm_cd2":"1121587000","adm_nm":"서울특별시 광진구 구의3동","sggnm":"광진구"}},
{"type":"Feature","geometry":{"type":"Polygon","coordinates":[[[127.09318,37.54369],[127.09508,37.54187],[127.09697,37.54023],[127.09705,37.54017],[127.09713,37.54011],[127.09775,37.53966],[127.10061,37.53709],[127.1032,37.53467],[127.10416,37.536],[127.10956,37.54347],[127.11089,37.54547],[127.11157,37.54651],[127.11207,37.54755],[127.11222,37.54834],[127.11244,37.54951],[127.11307,37.55133],[127.11334,37.552],[127.11336,37.55203],[127.11389,37.55333],[127.11389,37.55512],[127.11389,37.55666],[127.1139,37.5586],[127.11377,37.55889],[127.11147,37.55889],[127.11002,37.55846],[127.10896,37.55982],[127.10425,37.55988],[127.10339,37.55724],[127.10203,37.5555],[127.10008,37.553],[127.09957,37.55263],[127.09869,37.55199],[127.09824,37.55029],[127.09825,37.55021],[127.09865,37.54902],[127.09802,37.54623],[127.09778,37.54551],[127.09758,37.5456],[127.09746,37.54566],[127.09696,37.5459],[127.09675,37.54585],[127.09395,37.54424],[127.09318,37.54369]]]},"properties":{"adm_cd2":"1121581000","adm_nm":"서울특별시 광진구 광장동","sggnm":"광진구"}},
{"type":"Feature","geometry":{"type":"Polygon","coordinates":[[[127.07514,37.53871],[127.07713,37.53822],[127.07717,37.53821],[127.07709,37.53785],[127.07661,37.53624],[127.07658,37.53612],[127.07655,37.53603],[127.07566,37.5332],[127.07841,37.53238],[127.08105,37.5316],[127.08117,37.53157],[127.08138,37.53151],[127.08153,37.53149],[127.0816,37.53149],[127.08211,37.53145],[127.08259,37.53147],[127.08293,37.53152],[127.0833,37.53157],[127.08399,37.53181],[127.08432,37.53196],[127.08535,37.53246],[127.08515,37.53278],[127.08483,37.53332],[127.08482,37.53336],[127.08458,37.53395],[127.08421,37.53488],[127.08379,37.53598],[127.08355,37.53663],[127.0832,37.54007],[127.08293,37.54137],[127.08229,37.54004],[127.07995,37.539],[127.07894,37.53893],[127.07848,37.53902],[127.07678,37.53921],[127.07526,37.53933],[127.07514,37.53871]]]},"properties":{"adm_cd2":"1121582000","adm_nm":"서울특별시 광진구 자양1동","sggnm":"광진구"}},
{"type":"Feature","geometry":{"type":"Polygon","coordinates":[[[127.08355,37.53663],[127.08379,37.53598],[127.08421,37.53488],[127.08458,37.53395],[127.08482,37.53336],[127.08483,37.53332],[127.08515,37.53278],[127.08535,37.53246],[127.08432,37.53196],[127.08399,37.53181],[127.0833,37.53157],[127.08293,37.53152],[127.08259,37.53147],[127.08211,37.53145],[127.0816,37.53149],[127.08153,37.53149],[127.08138,37.53151],[127.08117,37.53157],[127.08105,37.5316],[127.07841,37.53238],[127.07566,37.5332],[127.07486,37.53056],[127.07386,37.52703],[127.07258,37.52378],[127.07285,37.52371],[127.07695,37.52359],[127.07758,37.52358],[127.07989,37.52387],[127.08236,37.52418],[127.08342,37.52431],[127.08429,37.52442],[127.08559,37.52474],[127.08759,37.52525],[127.08852,37.52549],[127.09044,37.526],[127.09225,37.52679],[127.09182,37.53144],[127.09167,37.53298],[127.09165,37.53326],[127.09088,37.53366],[127.09013,37.5334],[127.08944,37.5357],[127.08937,37.53597],[127.08926,37.53638],[127.08942,37.53745],[127.08905,37.5379],[127.08355,37.53663]]]},"properties":{"adm_cd2":"1121583000","adm_nm":"서울특별시 광진구 자양2동","sggnm":"광진구"}},
{"type":"Feature","geometry":{"type":"Polygon","coordinates":[[[127.07055,37.53983],[127.06797,37.53427],[127.06766,37.5336],[127.06715,37.53251],[127.06556,37.52741],[127.06526,37.5256],[127.06696,37.52508],[127.07258,37.52378],[127.07386,37.52703],[127.07486,37.53056],[127.07566,37.5332],[127.07655,37.53603],[127.07658,37.53612],[127.07661,37.53624],[127.07709,37.53785],[127.07717,37.53821],[127.07713,37.53822],[127.07514,37.53871],[127.07327,37.53907],[127.07055,37.53983]]]},"properties":{"adm_cd2":"1121584000","adm_nm":"서울특별시 광진구 자양3동","sggnm":"광진구"}},
{"type":"Feature","geometry":{"type":"Polygon","coordinates":[[[127.05657,37.5291],[127.06025,37.52752],[127.06526,37.5256],[127.06556,37.52741],[127.06715,37.53251],[127.06766,37.5336],[127.06797,37.53427],[127.07055,37.53983],[127.06394,37.54215],[127.06283,37.54019],[127.05657,37.5291]]]},"properties":{"adm_cd2":"1121584700","adm_nm":"서울특별시 광진구 자양4동","sggnm":"광진구"}},
{"type":"Feature","geometry":{"type":"Polygon","coordinates":[[[127.05203,37.59995],[127.05133,37.60163],[127.05101,37.60157],[127.05027,37.60111],[127.04816,37.59756],[127.04777,37.59666],[127.04765,37.59629],[127.04753,37.59566],[127.04741,37.59459],[127.0477,37.59014],[127.04826,37.58881],[127.05183,37.58792],[127.05283,37.58728],[127.05328,37.58781],[127.0569,37.59145],[127.05505,37.59357],[127.0546,37.59573],[127.05365,37.59754],[127.05263,37.59942],[127.05203,37.59995]]]},"properties":{"adm_cd2":"1123071000","adm_nm":"서울특별시 동대문구 회기동","sggnm":"동대문구"}},
{"type":"Feature","geometry":{"type":"Polygon","coordinates":[[[127.05328,37.58781],[127.05495,37.58782],[127.05648,37.58843],[127.05657,37.58846],[127.05665,37.58849],[127.05699,37.5886],[127.06095,37.58975],[127.06256,37.5902],[127.06265,37.59023],[127.06295,37.59032],[127.06576,37.59113],[127.06611,37.59123],[127.07036,37.59248],[127.06963,37.59488],[127.06512,37.59532],[127.06443,37.59463],[127.06163,37.5932],[127.06056,37.59303],[127.05894,37.59283],[127.05784,37.59279],[127.05782,37.59275],[127.0578,37.59273],[127.0576,37.59246],[127.05725,37.59199],[127.05716,37.59186],[127.0569,37.59145],[127.05328,37.58781]]]},"properties":{"adm_cd2":"1123072000","adm_nm":"서울특별시 동대문구 휘경1동","sggnm":"동대문구"}},
{"type":"Feature","geometry":{"type":"Polygon","coordinates":[[[127.05495,37.58782],[127.05495,37.5877],[127.05492,37.58426],[127.0556,37.58476],[127.05598,37.58524],[127.05607,37.58558],[127.05603,37.58599],[127.0563,37.5863],[127.05637,37.58632],[127.05666,37.58627],[127.05751,37.58609],[127.05758,37.58604],[127.05773,37.58591],[127.05781,37.58533],[127.05781,37.58515],[127.05788,37.5851],[127.05972,37.58509],[127.05993,37.58509],[127.06067,37.58512],[127.06129,37.58531],[127.06143,37.58544],[127.06166,37.58552],[127.06205,37.5855],[127.063,37.58533],[127.06305,37.58531],[127.06349,37.58516],[127.06408,37.58488],[127.06426,37.58474],[127.06442,37.58462],[127.06446,37.58349],[127.06431,37.58301],[127.06726,37.58215],[127.06838,37.58225],[127.06868,37.58228],[127.06911,37.58217],[127.07301,37.58141],[127.07346,37.58133],[127.07415,37.5812],[127.07505,37.58105],[127.07535,37.581],[127.07551,37.58098],[127.07609,37.58098],[127.07723,37.58098],[127.07368,37.58535],[127.07163,37.58795],[127.07072,37.59091],[127.07036,37.59248],[127.06611,37.59123],[127.06576,37.59113],[127.06295,37.59032],[127.06265,37.59023],[127.06256,37.5902],[127.06095,37.58975],[127.05699,37.5886],[127.05665,37.58849],[127.05657,37.58846],[127.05648,37.58843],[127.05495,37.58782]]]},"properties":{"adm_cd2":"1123073000","adm_nm":"서울특별시 동대문구 휘경2동","sggnm":"동대문구"}},
{"type":"Feature","geometry":{"type":"Polygon","coordinates":[[[127.04765,37.59629],[127.04352,37.59691],[127.04075,37.5958],[127.03906,37.59127],[127.03998,37.59125],[127.04058,37.59056],[127.04067,37.59001],[127.04059,37.58991],[127.04033,37.58956],[127.0398,37.5888],[127.03965,37.58856],[127.04042,37.58666],[127.0406,37.58667],[127.04137,37.5867],[127.04154,37.58671],[127.04186,37.58672],[127.04214,37.58673],[127.0424,37.58673],[127.04371,37.58263],[127.04411,37.58136],[127.04335,37.58134],[127.04347,37.57977],[127.04426,37.58004],[127.0462,37.58095],[127.04637,37.58109],[127.04896,37.58311],[127.04913,37.58324],[127.04982,37.58378],[127.05006,37.58398],[127.0507,37.58469],[127.05283,37.58728],[127.05183,37.58792],[127.04826,37.58881],[127.0477,37.59014],[127.04741,37.59459],[127.04753,37.59566],[127.04765,37.59629]]]},"properties":{"adm_cd2":"1123070500","adm_nm":"서울특별시 동대문구 청량리동","sggnm":"동대문구"}},
{"type":"Feature","geometry":{"type":"Polygon","coordinates":[[[127.02337,37.57174],[127.03036,37.56982],[127.03231,37.57014],[127.03476,37.57175],[127.0351,37.57196],[127.03545,37.57213],[127.03637,37.57246],[127.03648,37.5725],[127.03572,37.5726],[127.03484,37.57322],[127.03456,37.574],[127.03072,37.57388],[127.03035,37.57809],[127.02982,37.58123],[127.0295,37.58272],[127.02447,37.5792],[127.02317,37.57804],[127.02337,37.57174]]]},"properties":{"adm_cd2":"1123051500","adm_nm":"서울특별시 동대문구 신설동","sggnm":"동대문구"}},
{"type":"Feature","geometry":{"type":"Polygon","coordinates":[[[127.03906,37.59127],[127.03649,37.59125],[127.03639,37.58992],[127.03168,37.58507],[127.0295,37.58272],[127.02982,37.58123],[127.03057,37.5813],[127.03163,37.58135],[127.03276,37.57893],[127.03282,37.57869],[127.03283,37.57861],[127.03281,37.57854],[127.03282,37.57812],[127.03352,37.57806],[127.0345,37.57806],[127.0352,37.57806],[127.0356,37.57807],[127.03587,37.57807],[127.03619,37.57807],[127.03873,37.57823],[127.03887,37.57827],[127.03995,37.57852],[127.04251,37.57935],[127.04347,37.57977],[127.04335,37.58134],[127.04411,37.58136],[127.04371,37.58263],[127.0424,37.58673],[127.04214,37.58673],[127.04186,37.58672],[127.04154,37.58671],[127.04137,37.5867],[127.0406,37.58667],[127.04042,37.58666],[127.03965,37.58856],[127.0398,37.5888],[127.04033,37.58956],[127.04059,37.58991],[127.04067,37.59001],[127.04058,37.59056],[127.03998,37.59125],[127.03906,37.59127]]]},"properties":{"adm_cd2":"1123054500","adm_nm":"서울특별시 동대문구 제기동","sggnm":"동대문구"}},
{"type":"Feature","geometry":{"type":"Polygon","coordinates":[[[127.05283,37.58728],[127.0507,37.58469],[127.05006,37.58398],[127.04982,37.58378],[127.04913,37.58324],[127.04896,37.58311],[127.04637,37.58109],[127.0462,37.58095],[127.04426,37.58004],[127.04347,37.57977],[127.04251,37.57935],[127.04327,37.57833],[127.04492,37.57735],[127.04552,37.57402],[127.04722,37.57281],[127.04835,37.57414],[127.05069,37.57425],[127.05133,37.57388],[127.05223,37.57337],[127.05423,37.57358],[127.05763,37.57536],[127.05768,37.57597],[127.05772,37.57672],[127.05776,37.57747],[127.05775,37.57749],[127.05772,37.57757],[127.0577,37.57764],[127.05765,37.57779],[127.05752,37.57798],[127.05725,37.57837],[127.0572,37.57844],[127.05717,37.5785],[127.05694,37.57881],[127.05607,37.57999],[127.05523,37.58114],[127.05358,37.58345],[127.05374,37.58365],[127.05492,37.58426],[127.05495,37.5877],[127.05495,37.58782],[127.05328,37.58781],[127.05283,37.58728]]]},"properties":{"adm_cd2":"1123056000","adm_nm":"서울특별시 동대문구 전농1동","sggnm":"동대문구"}},
{"type":"Feature","geometry":{"type":"Polygon","coordinates":[[[127.05492,37.58426],[127.05374,37.58365],[127.05358,37.58345],[127.05523,37.58114],[127.05607,37.57999],[127.05694,37.57881],[127.05717,37.5785],[127.0572,37.57844],[127.05725,37.57837],[127.05752,37.57798],[127.05765,37.57779],[127.0577,37.57764],[127.05772,37.57757],[127.05775,37.57749],[127.05776,37.57747],[127.05772,37.57672],[127.05768,37.57597],[127.05763,37.57536],[127.06005,37.57548],[127.06151,37.57585],[127.06439,37.57644],[127.06701,37.5766],[127.06767,37.57876],[127.06838,37.58225],[127.06726,37.58215],[127.06431,37.58301],[127.06446,37.58349],[127.06442,37.58462],[127.06426,37.58474],[127.06408,37.58488],[127.06349,37.58516],[127.06305,37.58531],[127.063,37.58533],[127.06205,37.5855],[127.06166,37.58552],[127.06143,37.58544],[127.06129,37.58531],[127.06067,37.58512],[127.05993,37.58509],[127.05972,37.58509],[127.05788,37.5851],[127.05781,37.58515],[127.05781,37.58533],[127.05773,37.58591],[127.05758,37.58604],[127.05751,37.58609],[127.05666,37.58627],[127.05637,37.58632],[127.0563,37.5863],[127.05603,37.58599],[127.05607,37.58558],[127.05598,37.58524],[127.0556,37.58476],[127.05492,37.58426]]]},"properties":{"adm_cd2":"1123057000","adm_nm":"서울특별시 동대문구 전농2동","sggnm":"동대문구"}},
{"type":"Feature","geometry":{"type":"Polygon","coordinates":[[[127.05777,37.56302],[127.06088,37.56533],[127.06114,37.56556],[127.06224,37.56695],[127.06265,37.56749],[127.06402,37.56931],[127.06441,37.56983],[127.06485,37.57042],[127.06518,37.57088],[127.06631,37.57276],[127.06702,37.57651],[127.06701,37.5766],[127.06439,37.57644],[127.06151,37.57585],[127.06005,37.57548],[127.05763,37.57536],[127.05759,37.57489],[127.05753,37.57421],[127.05699,37.56802],[127.05684,37.56377],[127.05777,37.56302]]]},"properties":{"adm_cd2":"1123061000","adm_nm":"서울특별시 동대문구 답십리2동","sggnm":"동대문구"}},
{"type":"Feature","geometry":{"type":"Polygon","coordinates":[[[127.0721,37.56005],[127.07585,37.56664],[127.07686,37.56844],[127.07778,37.57008],[127.0782,37.57094],[127.07858,37.57186],[127.07534,37.57209],[127.07445,37.57216],[127.07384,37.5705],[127.07244,37.56779],[127.07191,37.5677],[127.07146,37.56762],[127.06878,37.56769],[127.0691,37.5682],[127.07013,37.5698],[127.07087,37.57095],[127.07108,37.57128],[127.07136,37.57172],[127.07141,37.5718],[127.07094,37.5724],[127.06631,37.57276],[127.06518,37.57088],[127.06485,37.57042],[127.06441,37.56983],[127.06402,37.56931],[127.06265,37.56749],[127.06224,37.56695],[127.06114,37.56556],[127.06088,37.56533],[127.05777,37.56302],[127.05814,37.56276],[127.0582,37.56272],[127.05871,37.56246],[127.05905,37.56231],[127.05939,37.56223],[127.06331,37.56148],[127.0655,37.56115],[127.06555,37.56135],[127.06892,37.56087],[127.06969,37.56075],[127.07071,37.56058],[127.0721,37.56005]]]},"properties":{"adm_cd2":"1123065000","adm_nm":"서울특별시 동대문구 장안1동","sggnm":"동대문구"}},
{"type":"Feature","geometry":{"type":"Polygon","coordinates":[[[127.06838,37.58225],[127.06767,37.57876],[127.06701,37.5766],[127.06702,37.57651],[127.06631,37.57276],[127.07094,37.5724],[127.07141,37.5718],[127.07136,37.57172],[127.07108,37.57128],[127.07087,37.57095],[127.07013,37.5698],[127.0691,37.5682],[127.06878,37.56769],[127.07146,37.56762],[127.07191,37.5677],[127.07244,37.56779],[127.07384,37.5705],[127.07445,37.57216],[127.07534,37.57209],[127.07858,37.57186],[127.07864,37.57263],[127.07832,37.57678],[127.07723,37.58098],[127.07609,37.58098],[127.07551,37.58098],[127.07535,37.581],[127.07505,37.58105],[127.07415,37.5812],[127.07346,37.58133],[127.07301,37.58141],[127.06911,37.58217],[127.06868,37.58228],[127.06838,37.58225]]]},"properties":{"adm_cd2":"1123066000","adm_nm":"서울특별시 동대문구 장안2동","sggnm":"동대문구"}},
{"type":"Feature","geometry":{"type":"Polygon","coordinates":[[[127.0569,37.59145],[127.05716,37.59186],[127.05725,37.59199],[127.0576,37.59246],[127.0578,37.59273],[127.05782,37.59275],[127.05784,37.59279],[127.05894,37.59283],[127.06056,37.59303],[127.06163,37.5932],[127.06443,37.59463],[127.06512,37.59532],[127.06963,37.59488],[127.06983,37.59775],[127.06845,37.59785],[127.06198,37.60026],[127.062,37.60065],[127.06204,37.60154],[127.06077,37.60357],[127.06005,37.6021],[127.05726,37.60125],[127.05203,37.59995],[127.05263,37.59942],[127.05365,37.59754],[127.0546,37.59573],[127.05505,37.59357],[127.0569,37.59145]]]},"properties":{"adm_cd2":"1123074000","adm_nm":"서울특별시 동대문구 이문1동","sggnm":"동대문구"}},
{"type":"Feature","geometry":{"type":"Polygon","coordinates":[[[127.06983,37.59775],[127.07162,37.59982],[127.0718,37.60007],[127.07199,37.60032],[127.07246,37.60111],[127.07261,37.60155],[127.07263,37.6016],[127.07265,37.60168],[127.07271,37.60227],[127.07272,37.60244],[127.0727,37.60279],[127.07244,37.60406],[127.07232,37.60466],[127.07172,37.60681],[127.06936,37.60933],[127.06887,37.60933],[127.06859,37.60932],[127.06873,37.60687],[127.0681,37.60651],[127.06625,37.60582],[127.06497,37.60587],[127.06233,37.60528],[127.06214,37.60514],[127.06167,37.60463],[127.06077,37.60357],[127.06204,37.60154],[127.062,37.60065],[127.06198,37.60026],[127.06845,37.59785],[127.06983,37.59775]]]},"properties":{"adm_cd2":"1123075000","adm_nm":"서울특별시 동대문구 이문2동","sggnm":"동대문구"}},
{"type":"Feature","geometry":{"type":"Polygon","coordinates":[[[127.05684,37.56377],[127.05699,37.56802],[127.05753,37.57421],[127.05759,37.57489],[127.05763,37.57536],[127.05423,37.57358],[127.05223,37.57337],[127.05133,37.57388],[127.05069,37.57425],[127.04835,37.57414],[127.04722,37.57281],[127.04552,37.57402],[127.04492,37.57735],[127.04218,37.57302],[127.04866,37.56987],[127.05684,37.56377]]]},"properties":{"adm_cd2":"1123060000","adm_nm":"서울특별시 동대문구 답십리1동","sggnm":"동대문구"}},
{"type":"Feature","geometry":{"type":"Polygon","coordinates":[[[127.07368,37.58535],[127.08409,37.58761],[127.08677,37.59277],[127.0843,37.59224],[127.08012,37.59156],[127.07903,37.59216],[127.07865,37.59297],[127.07072,37.59091],[127.07163,37.58795],[127.07368,37.58535]]]},"properties":{"adm_cd2":"1126052000","adm_nm":"서울특별시 중랑구 면목2동","sggnm":"중랑구"}},
{"type":"Feature","geometry":{"type":"Polygon","coordinates":[[[127.08617,37.57082],[127.08672,37.57084],[127.08683,37.57084],[127.08688,37.57084],[127.08696,37.57084],[127.087,37.57084],[127.08704,37.57084],[127.08713,37.57084],[127.08718,37.57084],[127.08723,37.57084],[127.08755,37.57084],[127.08759,37.57084],[127.0879,37.57083],[127.08801,37.57083],[127.08805,37.57083],[127.08816,37.57082],[127.0883,37.57039],[127.08833,37.5703],[127.0884,37.57008],[127.08871,37.57013],[127.08876,37.57014],[127.08892,37.57017],[127.08898,37.57018],[127.08909,37.57018],[127.08919,37.57016],[127.08931,37.57012],[127.08958,37.56997],[127.08977,37.56988],[127.08986,37.5698],[127.0899,37.56976],[127.09,37.5697],[127.0901,37.56968],[127.09023,37.56965],[127.09035,37.56962],[127.09046,37.56961],[127.09072,37.56958],[127.09077,37.56958],[127.09117,37.56956],[127.09121,37.56956],[127.09146,37.56959],[127.0918,37.56965],[127.09195,37.56971],[127.09208,37.56976],[127.09223,37.56983],[127.09231,37.56987],[127.0924,37.56996],[127.09249,37.5701],[127.09253,37.57025],[127.09263,37.57041],[127.09269,37.5704],[127.09278,37.57038],[127.09292,37.57036],[127.09309,37.57033],[127.09323,37.57032],[127.09331,37.57031],[127.09345,37.57033],[127.09365,37.57039],[127.0938,37.57041],[127.09393,37.57042],[127.09398,37.57043],[127.09409,37.57045],[127.09419,37.57047],[127.09428,37.5705],[127.09432,37.57052],[127.09443,37.57055],[127.09457,37.5706],[127.09477,37.57073],[127.09496,37.57082],[127.0951,37.57088],[127.09515,37.5709],[127.09531,37.57097],[127.09544,37.57103],[127.09551,37.57105],[127.09565,37.5711],[127.09575,37.5711],[127.09563,37.57154],[127.09545,37.57196],[127.0949,37.57245],[127.09258,37.57429],[127.09214,37.57462],[127.08876,37.57699],[127.08871,37.57701],[127.08591,37.57678],[127.08068,37.57637],[127.07966,37.57679],[127.07961,37.57738],[127.07866,37.57693],[127.07832,37.57678],[127.07864,37.57263],[127.07858,37.57186],[127.08098,37.57161],[127.08617,37.57082]]]},"properties":{"adm_cd2":"1126054000","adm_nm":"서울특별시 중랑구 면목4동","sggnm":"중랑구"}},
{"type":"Feature","geometry":{"type":"Polygon","coordinates":[[[127.07723,37.58098],[127.07832,37.57678],[127.07866,37.57693],[127.07961,37.57738],[127.08339,37.58115],[127.08353,37.58444],[127.08409,37.58761],[127.07368,37.58535],[127.07723,37.58098]]]},"properties":{"adm_cd2":"1126055000","adm_nm":"서울특별시 중랑구 면목5동","sggnm":"중랑구"}},
{"type":"Feature","geometry":{"type":"Polygon","coordinates":[[[127.10093,37.57356],[127.10126,37.57498],[127.10267,37.5783],[127.10268,37.57891],[127.09978,37.57955],[127.09498,37.58074],[127.09164,37.58064],[127.08906,37.58065],[127.08587,37.58098],[127.08339,37.58115],[127.07961,37.57738],[127.07966,37.57679],[127.08068,37.57637],[127.08591,37.57678],[127.08871,37.57701],[127.08876,37.57699],[127.09214,37.57462],[127.09258,37.57429],[127.0949,37.57245],[127.09545,37.57196],[127.09563,37.57154],[127.09575,37.5711],[127.10093,37.57356]]]},"properties":{"adm_cd2":"1126057000","adm_nm":"서울특별시 중랑구 면목7동","sggnm":"중랑구"}},
{"type":"Feature","geometry":{"type":"Polygon","coordinates":[[[127.0958,37.60061],[127.09574,37.6006],[127.09547,37.60053],[127.09544,37.60056],[127.0951,37.60088],[127.09429,37.60243],[127.09363,37.60495],[127.09127,37.60726],[127.09075,37.60744],[127.08796,37.6099],[127.08716,37.60962],[127.0865,37.60938],[127.0861,37.60873],[127.08637,37.60756],[127.08672,37.60689],[127.08696,37.60628],[127.08709,37.60421],[127.08699,37.60197],[127.08653,37.60066],[127.08625,37.60023],[127.0831,37.59643],[127.08306,37.59642],[127.08082,37.59596],[127.08033,37.59587],[127.08028,37.595],[127.08052,37.59506],[127.08129,37.59524],[127.08253,37.59554],[127.08491,37.5962],[127.08554,37.59638],[127.0864,37.59662],[127.08936,37.59734],[127.09279,37.59816],[127.09552,37.59946],[127.0958,37.60061]]]},"properties":{"adm_cd2":"1126058000","adm_nm":"서울특별시 중랑구 상봉1동","sggnm":"중랑구"}},
{"type":"Feature","geometry":{"type":"Polygon","coordinates":[[[127.07072,37.59091],[127.07865,37.59297],[127.07903,37.59216],[127.08012,37.59156],[127.0843,37.59224],[127.08677,37.59277],[127.08787,37.59301],[127.0932,37.59415],[127.09279,37.59816],[127.08936,37.59734],[127.0864,37.59662],[127.08554,37.59638],[127.08491,37.5962],[127.08253,37.59554],[127.08129,37.59524],[127.08052,37.59506],[127.08028,37.595],[127.07036,37.59248],[127.07072,37.59091]]]},"properties":{"adm_cd2":"1126059000","adm_nm":"서울특별시 중랑구 상봉2동","sggnm":"중랑구"}},
{"type":"Feature","geometry":{"type":"Polygon","coordinates":[[[127.0865,37.60938],[127.08598,37.60936],[127.08595,37.60924],[127.08581,37.6089],[127.08567,37.60866],[127.08565,37.60862],[127.08543,37.60833],[127.08515,37.60801],[127.08345,37.60673],[127.08325,37.60661],[127.08048,37.60557],[127.07942,37.60545],[127.07913,37.60542],[127.07874,37.60537],[127.07906,37.60389],[127.07938,37.60225],[127.07944,37.60193],[127.08015,37.59808],[127.08023,37.59768],[127.08028,37.59737],[127.08033,37.59707],[127.08033,37.59587],[127.08082,37.59596],[127.08306,37.59642],[127.0831,37.59643],[127.08625,37.60023],[127.08653,37.60066],[127.08699,37.60197],[127.08709,37.60421],[127.08696,37.60628],[127.08672,37.60689],[127.08637,37.60756],[127.0861,37.60873],[127.0865,37.60938]]]},"properties":{"adm_cd2":"1126060000","adm_nm":"서울특별시 중랑구 중화1동","sggnm":"중랑구"}},
{"type":"Feature","geometry":{"type":"Polygon","coordinates":[[[127.07036,37.59248],[127.08028,37.595],[127.08033,37.59587],[127.08033,37.59707],[127.08028,37.59737],[127.08023,37.59768],[127.08015,37.59808],[127.07944,37.60193],[127.07938,37.60225],[127.07906,37.60389],[127.07874,37.60537],[127.07232,37.60466],[127.07244,37.60406],[127.0727,37.60279],[127.07272,37.60244],[127.07271,37.60227],[127.07265,37.60168],[127.07263,37.6016],[127.07261,37.60155],[127.07246,37.60111],[127.07199,37.60032],[127.0718,37.60007],[127.07162,37.59982],[127.06983,37.59775],[127.06963,37.59488],[127.07036,37.59248]]]},"properties":{"adm_cd2":"1126061000","adm_nm":"서울특별시 중랑구 중화2동","sggnm":"중랑구"}},
{"type":"Feature","geometry":{"type":"Polygon","coordinates":[[[127.08598,37.60936],[127.0854,37.60983],[127.08531,37.60999],[127.08516,37.61036],[127.08477,37.61153],[127.08476,37.61168],[127.08588,37.61489],[127.08867,37.61497],[127.08876,37.61501],[127.09017,37.61703],[127.09034,37.61726],[127.09049,37.61749],[127.08954,37.61964],[127.08797,37.61989],[127.08573,37.62017],[127.08415,37.61963],[127.08245,37.6193],[127.08164,37.61925],[127.07585,37.61708],[127.07636,37.61551],[127.07713,37.61312],[127.07746,37.61209],[127.07874,37.60537],[127.07913,37.60542],[127.07942,37.60545],[127.08048,37.60557],[127.08325,37.60661],[127.08345,37.60673],[127.08515,37.60801],[127.08543,37.60833],[127.08565,37.60862],[127.08567,37.60866],[127.08581,37.6089],[127.08595,37.60924],[127.08598,37.60936]]]},"properties":{"adm_cd2":"1126062000","adm_nm":"서울특별시 중랑구 묵1동","sggnm":"중랑구"}},
{"type":"Feature","geometry":{"type":"Polygon","coordinates":[[[127.07232,37.60466],[127.07874,37.60537],[127.07746,37.61209],[127.07713,37.61312],[127.07636,37.61551],[127.07585,37.61708],[127.0714,37.61563],[127.07146,37.61428],[127.07172,37.60681],[127.07232,37.60466]]]},"properties":{"adm_cd2":"1126063000","adm_nm":"서울특별시 중랑구 묵2동","sggnm":"중랑구"}},
{"type":"Feature","geometry":{"type":"Polygon","coordinates":[[[127.1124,37.59186],[127.10808,37.59455],[127.10643,37.59475],[127.10377,37.59492],[127.10306,37.59494],[127.10087,37.59471],[127.10009,37.59564],[127.0932,37.59415],[127.09363,37.58975],[127.09739,37.59057],[127.10211,37.58899],[127.10492,37.5881],[127.10613,37.588],[127.10726,37.58805],[127.10818,37.58827],[127.10833,37.58823],[127.10978,37.5877],[127.11014,37.58742],[127.1124,37.59186]]]},"properties":{"adm_cd2":"1126066000","adm_nm":"서울특별시 중랑구 망우3동","sggnm":"중랑구"}},
{"type":"Feature","geometry":{"type":"Polygon","coordinates":[[[127.09552,37.59946],[127.09668,37.59972],[127.09709,37.59981],[127.09819,37.60005],[127.10047,37.60055],[127.10319,37.60593],[127.10359,37.60732],[127.10375,37.60803],[127.10379,37.6085],[127.1038,37.60879],[127.10358,37.60955],[127.10328,37.60974],[127.10312,37.6097],[127.10298,37.60966],[127.1028,37.60954],[127.10268,37.60946],[127.10264,37.60943],[127.10245,37.60927],[127.10229,37.60915],[127.10208,37.60906],[127.1011,37.6093],[127.10113,37.60998],[127.10134,37.6132],[127.10368,37.61328],[127.10429,37.61318],[127.10508,37.61305],[127.1094,37.61207],[127.11224,37.61019],[127.11238,37.61007],[127.11261,37.60985],[127.11312,37.60948],[127.11525,37.60907],[127.11662,37.60882],[127.1168,37.60991],[127.11759,37.61171],[127.11731,37.61293],[127.11693,37.61436],[127.11667,37.61577],[127.11697,37.61743],[127.11567,37.61929],[127.11399,37.61942],[127.11395,37.61943],[127.11383,37.61949],[127.11274,37.62007],[127.11148,37.62061],[127.11134,37.62065],[127.11098,37.62076],[127.11085,37.62078],[127.11064,37.62079],[127.11039,37.62079],[127.11024,37.62077],[127.11012,37.62076],[127.11001,37.62074],[127.10983,37.62071],[127.10951,37.62064],[127.10908,37.62052],[127.10875,37.62046],[127.10735,37.6205],[127.10614,37.6206],[127.10604,37.62064],[127.10582,37.62078],[127.10571,37.62083],[127.10502,37.62068],[127.10183,37.61989],[127.10155,37.61981],[127.10151,37.6198],[127.10145,37.61976],[127.1005,37.61888],[127.09704,37.61705],[127.09695,37.61705],[127.09682,37.61705],[127.09615,37.6171],[127.09305,37.61804],[127.09261,37.61821],[127.09244,37.61828],[127.08954,37.61964],[127.09049,37.61749],[127.09588,37.61509],[127.09642,37.61279],[127.09643,37.61275],[127.09644,37.61243],[127.0964,37.612],[127.09625,37.61116],[127.09622,37.61094],[127.09601,37.60983],[127.096,37.6098],[127.0959,37.6095],[127.09588,37.60947],[127.09575,37.60924],[127.09565,37.60905],[127.09542,37.60864],[127.09528,37.60834],[127.0952,37.60808],[127.09518,37.60804],[127.09515,37.60778],[127.09514,37.60755],[127.09515,37.60746],[127.09536,37.60509],[127.09541,37.60465],[127.09543,37.60458],[127.0955,37.60427],[127.09551,37.60421],[127.09553,37.60415],[127.0956,37.60394],[127.09615,37.60238],[127.09661,37.60098],[127.0958,37.60061],[127.09552,37.59946]]]},"properties":{"adm_cd2":"1126068000","adm_nm":"서울특별시 중랑구 신내1동","sggnm":"중랑구"}},
{"type":"Feature","geometry":{"type":"Polygon","coordinates":[[[127.0958,37.60061],[127.09661,37.60098],[127.09615,37.60238],[127.0956,37.60394],[127.09553,37.60415],[127.09551,37.60421],[127.0955,37.60427],[127.09543,37.60458],[127.09541,37.60465],[127.09536,37.60509],[127.09515,37.60746],[127.09514,37.60755],[127.09515,37.60778],[127.09518,37.60804],[127.0952,37.60808],[127.09528,37.60834],[127.09542,37.60864],[127.09565,37.60905],[127.09575,37.60924],[127.09588,37.60947],[127.0959,37.6095],[127.096,37.6098],[127.09601,37.60983],[127.09622,37.61094],[127.09625,37.61116],[127.0964,37.612],[127.09644,37.61243],[127.09643,37.61275],[127.09642,37.61279],[127.09588,37.61509],[127.09049,37.61749],[127.09034,37.61726],[127.09017,37.61703],[127.08876,37.61501],[127.08867,37.61497],[127.08588,37.61489],[127.08476,37.61168],[127.08477,37.61153],[127.08516,37.61036],[127.08531,37.60999],[127.0854,37.60983],[127.08598,37.60936],[127.0865,37.60938],[127.08716,37.60962],[127.08796,37.6099],[127.09075,37.60744],[127.09127,37.60726],[127.09363,37.60495],[127.09429,37.60243],[127.0951,37.60088],[127.09544,37.60056],[127.09547,37.60053],[127.09574,37.6006],[127.0958,37.60061]]]},"properties":{"adm_cd2":"1126069000","adm_nm":"서울특별시 중랑구 신내2동","sggnm":"중랑구"}},
{"type":"Feature","geometry":{"type":"Polygon","coordinates":[[[127.08409,37.58761],[127.08353,37.58444],[127.08406,37.58452],[127.08433,37.5845],[127.08567,37.58439],[127.09012,37.58401],[127.0924,37.58381],[127.0931,37.58375],[127.0937,37.58369],[127.09423,37.5847],[127.09456,37.5853],[127.09461,37.58539],[127.09488,37.58591],[127.09461,37.58674],[127.09377,37.5893],[127.09363,37.58975],[127.0932,37.59415],[127.08787,37.59301],[127.08677,37.59277],[127.08409,37.58761]]]},"properties":{"adm_cd2":"1126056500","adm_nm":"서울특별시 중랑구 면목본동","sggnm":"중랑구"}},
{"type":"Feature","geometry":{"type":"Polygon","coordinates":[[[127.08339,37.58115],[127.08587,37.58098],[127.08906,37.58065],[127.09164,37.58064],[127.09498,37.58074],[127.09978,37.57955],[127.10268,37.57891],[127.10273,37.5794],[127.10275,37.5796],[127.10276,37.58106],[127.10277,37.58176],[127.10047,37.58257],[127.09975,37.58305],[127.10267,37.5841],[127.10603,37.58456],[127.10933,37.58466],[127.10953,37.58507],[127.10984,37.58597],[127.11014,37.58742],[127.10978,37.5877],[127.10833,37.58823],[127.10818,37.58827],[127.10726,37.58805],[127.10613,37.588],[127.10492,37.5881],[127.10211,37.58899],[127.09739,37.59057],[127.09363,37.58975],[127.09377,37.5893],[127.09461,37.58674],[127.09488,37.58591],[127.09461,37.58539],[127.09456,37.5853],[127.09423,37.5847],[127.0937,37.58369],[127.0931,37.58375],[127.0924,37.58381],[127.09012,37.58401],[127.08567,37.58439],[127.08433,37.5845],[127.08406,37.58452],[127.08353,37.58444],[127.08339,37.58115]]]},"properties":{"adm_cd2":"1126057500","adm_nm":"서울특별시 중랑구 면목3·8동","sggnm":"중랑구"}},
{"type":"Feature","geometry":{"type":"Polygon","coordinates":[[[127.09279,37.59816],[127.0932,37.59415],[127.10009,37.59564],[127.10087,37.59471],[127.10306,37.59494],[127.10377,37.59492],[127.10643,37.59475],[127.10808,37.59455],[127.1124,37.59186],[127.11391,37.59334],[127.11535,37.5935],[127.11782,37.59401],[127.11837,37.59502],[127.11802,37.59534],[127.1165,37.59678],[127.116,37.59724],[127.11596,37.59728],[127.11396,37.59942],[127.11389,37.59952],[127.11385,37.59982],[127.11383,37.59996],[127.11428,37.60035],[127.11522,37.60126],[127.11689,37.60315],[127.11801,37.60458],[127.11828,37.60628],[127.11838,37.60738],[127.11832,37.60761],[127.11821,37.60775],[127.11818,37.60779],[127.1179,37.60814],[127.11714,37.60861],[127.11662,37.60882],[127.11525,37.60907],[127.11312,37.60948],[127.11261,37.60985],[127.11238,37.61007],[127.11224,37.61019],[127.1094,37.61207],[127.10508,37.61305],[127.10429,37.61318],[127.10368,37.61328],[127.10134,37.6132],[127.10113,37.60998],[127.1011,37.6093],[127.10208,37.60906],[127.10229,37.60915],[127.10245,37.60927],[127.10264,37.60943],[127.10268,37.60946],[127.1028,37.60954],[127.10298,37.60966],[127.10312,37.6097],[127.10328,37.60974],[127.10358,37.60955],[127.1038,37.60879],[127.10379,37.6085],[127.10375,37.60803],[127.10359,37.60732],[127.10319,37.60593],[127.10047,37.60055],[127.09819,37.60005],[127.09709,37.59981],[127.09668,37.59972],[127.09552,37.59946],[127.09279,37.59816]]]},"properties":{"adm_cd2":"1126065500","adm_nm":"서울특별시 중랑구 망우본동","sggnm":"중랑구"}},
{"type":"Feature","geometry":{"type":"Polygon","coordinates":[[[127.02499,37.59413],[127.02534,37.5945],[127.0257,37.5949],[127.02599,37.59633],[127.02591,37.59674],[127.02606,37.59766],[127.0263,37.59896],[127.02678,37.6002],[127.02712,37.60075],[127.0292,37.60302],[127.03022,37.604],[127.02597,37.60318],[127.02164,37.60157],[127.01878,37.59848],[127.01972,37.59729],[127.02148,37.5971],[127.02197,37.59698],[127.02208,37.5966],[127.02253,37.5957],[127.02257,37.59564],[127.02449,37.5943],[127.02479,37.59416],[127.02499,37.59413]]]},"properties":{"adm_cd2":"1129058000","adm_nm":"서울특별시 성북구 돈암1동","sggnm":"성북구"}},
{"type":"Feature","geometry":{"type":"Polygon","coordinates":[[[127.01878,37.59848],[127.01392,37.60068],[127.01408,37.60081],[127.01386,37.60115],[127.01347,37.60166],[127.01324,37.60189],[127.01314,37.60194],[127.01308,37.60194],[127.01298,37.60195],[127.01261,37.60191],[127.01255,37.60189],[127.01247,37.60186],[127.01155,37.60119],[127.01134,37.60084],[127.01123,37.6002],[127.0113,37.59973],[127.00672,37.59873],[127.00639,37.59839],[127.00626,37.59824],[127.00573,37.59764],[127.00566,37.59743],[127.00566,37.59734],[127.00567,37.59726],[127.00592,37.59668],[127.00695,37.59659],[127.00725,37.59649],[127.00785,37.59599],[127.0081,37.59556],[127.00842,37.59461],[127.0085,37.59411],[127.00842,37.59312],[127.00818,37.59272],[127.00815,37.59269],[127.00783,37.59252],[127.0077,37.59247],[127.00766,37.59246],[127.00749,37.59225],[127.00747,37.59222],[127.00723,37.59186],[127.00749,37.59163],[127.00953,37.59206],[127.01154,37.59397],[127.01342,37.59523],[127.01307,37.59579],[127.01267,37.59668],[127.01289,37.59821],[127.01334,37.59826],[127.01402,37.59833],[127.01506,37.59841],[127.01615,37.59688],[127.01823,37.59691],[127.01949,37.5971],[127.01972,37.59729],[127.01878,37.59848]]]},"properties":{"adm_cd2":"1129059000","adm_nm":"서울특별시 성북구 돈암2동","sggnm":"성북구"}},
{"type":"Feature","geometry":{"type":"Polygon","coordinates":[[[127.0295,37.58272],[127.03168,37.58507],[127.03639,37.58992],[127.03649,37.59125],[127.0365,37.59134],[127.03636,37.59161],[127.03593,37.59224],[127.03554,37.59255],[127.03533,37.59249],[127.03514,37.59242],[127.03475,37.59221],[127.03436,37.592],[127.03426,37.59194],[127.03395,37.59179],[127.03354,37.59161],[127.03332,37.59152],[127.03323,37.59148],[127.03203,37.59115],[127.03182,37.59112],[127.03026,37.59125],[127.02499,37.59413],[127.02446,37.59357],[127.02388,37.59251],[127.02384,37.5924],[127.02379,37.59225],[127.02371,37.59124],[127.02373,37.59096],[127.02211,37.58907],[127.0219,37.5891],[127.02163,37.58914],[127.02133,37.58918],[127.02018,37.58934],[127.01966,37.58941],[127.01896,37.58883],[127.01878,37.58867],[127.01888,37.5886],[127.01921,37.58835],[127.01969,37.58798],[127.01973,37.58795],[127.01975,37.58794],[127.01983,37.58786],[127.02014,37.58756],[127.02072,37.58631],[127.02093,37.58586],[127.02103,37.58555],[127.02116,37.58514],[127.02125,37.58488],[127.02128,37.58481],[127.02162,37.58382],[127.0219,37.58302],[127.02192,37.58299],[127.02231,37.58223],[127.02447,37.5792],[127.0295,37.58272]]]},"properties":{"adm_cd2":"1129060000","adm_nm":"서울특별시 성북구 안암동","sggnm":"성북구"}},
{"type":"Feature","geometry":{"type":"Polygon","coordinates":[[[127.01495,37.58213],[127.01607,37.58184],[127.01639,37.58184],[127.01679,37.58154],[127.0176,37.57969],[127.01801,37.57806],[127.01875,37.57753],[127.02251,37.5781],[127.02317,37.57804],[127.02447,37.5792],[127.02231,37.58223],[127.02192,37.58299],[127.0219,37.58302],[127.02162,37.58382],[127.02128,37.58481],[127.02125,37.58488],[127.02116,37.58514],[127.02103,37.58555],[127.02093,37.58586],[127.02072,37.58631],[127.02014,37.58756],[127.01983,37.58786],[127.01975,37.58794],[127.01973,37.58795],[127.01969,37.58798],[127.01921,37.58835],[127.01888,37.5886],[127.01878,37.58867],[127.01729,37.58749],[127.01652,37.58687],[127.01469,37.58454],[127.01466,37.58449],[127.01469,37.58223],[127.01495,37.58213]]]},"properties":{"adm_cd2":"1129061000","adm_nm":"서울특별시 성북구 보문동","sggnm":"성북구"}},
{"type":"Feature","geometry":{"type":"Polygon","coordinates":[[[127.02164,37.60157],[127.01949,37.60238],[127.01777,37.60384],[127.0164,37.60766],[127.01577,37.60996],[127.0146,37.61195],[127.01443,37.61357],[127.01342,37.61161],[127.01357,37.61152],[127.01434,37.61067],[127.01469,37.61028],[127.01499,37.60995],[127.01526,37.60964],[127.01543,37.60946],[127.01584,37.60768],[127.01579,37.60734],[127.01475,37.60538],[127.01331,37.60336],[127.01342,37.60294],[127.01348,37.60272],[127.01349,37.60268],[127.01408,37.60081],[127.01392,37.60068],[127.01878,37.59848],[127.02164,37.60157]]]},"properties":{"adm_cd2":"1129062000","adm_nm":"서울특별시 성북구 정릉1동","sggnm":"성북구"}},
{"type":"Feature","geometry":{"type":"Polygon","coordinates":[[[127.01408,37.60081],[127.01349,37.60268],[127.01348,37.60272],[127.01342,37.60294],[127.01331,37.60336],[127.01475,37.60538],[127.01579,37.60734],[127.01584,37.60768],[127.01543,37.60946],[127.01526,37.60964],[127.01499,37.60995],[127.01469,37.61028],[127.01434,37.61067],[127.01357,37.61152],[127.01342,37.61161],[127.01198,37.61028],[127.01161,37.60957],[127.01158,37.60841],[127.01053,37.6081],[127.00983,37.60835],[127.009,37.60866],[127.00919,37.60795],[127.00936,37.60715],[127.00936,37.60698],[127.00938,37.60665],[127.00935,37.60616],[127.00796,37.60598],[127.00777,37.6062],[127.00775,37.60624],[127.00771,37.60631],[127.00758,37.60668],[127.00747,37.6068],[127.00713,37.60703],[127.00669,37.6073],[127.00439,37.60861],[127.00419,37.60868],[127.00396,37.60848],[127.00352,37.60804],[127.00353,37.6079],[127.00363,37.60774],[127.00422,37.60694],[127.0046,37.60482],[127.00272,37.60445],[127.00027,37.60371],[126.99907,37.60328],[126.99909,37.6029],[126.99911,37.60275],[126.99913,37.60258],[126.9993,37.60218],[126.99956,37.60161],[126.9998,37.60167],[127.00064,37.60165],[127.00094,37.6015],[127.00096,37.60148],[127.00115,37.60125],[127.00293,37.5989],[127.00294,37.59796],[127.0047,37.59677],[127.00592,37.59668],[127.00567,37.59726],[127.00566,37.59734],[127.00566,37.59743],[127.00573,37.59764],[127.00626,37.59824],[127.00639,37.59839],[127.00672,37.59873],[127.0113,37.59973],[127.01123,37.6002],[127.01134,37.60084],[127.01155,37.60119],[127.01247,37.60186],[127.01255,37.60189],[127.01261,37.60191],[127.01298,37.60195],[127.01308,37.60194],[127.01314,37.60194],[127.01324,37.60189],[127.01347,37.60166],[127.01386,37.60115],[127.01408,37.60081]]]},"properties":{"adm_cd2":"1129063000","adm_nm":"서울특별시 성북구 정릉2동","sggnm":"성북구"}},
{"type":"Feature","geometry":{"type":"Polygon","coordinates":[[[126.98774,37.60122],[126.98789,37.60134],[126.98947,37.60253],[126.99393,37.60275],[126.99444,37.60257],[126.99494,37.60266],[126.99514,37.6027],[126.9952,37.6027],[126.99525,37.6027],[126.99542,37.60267],[126.99728,37.60208],[126.99956,37.60161],[126.9993,37.60218],[126.99913,37.60258],[126.99911,37.60275],[126.99909,37.6029],[126.99907,37.60328],[127.00027,37.60371],[127.00272,37.60445],[127.0046,37.60482],[127.00422,37.60694],[127.00363,37.60774],[127.00353,37.6079],[127.00352,37.60804],[127.00396,37.60848],[127.00419,37.60868],[127.00439,37.60861],[127.00669,37.6073],[127.00713,37.60703],[127.00747,37.6068],[127.00758,37.60668],[127.00771,37.60631],[127.00775,37.60624],[127.00777,37.6062],[127.00796,37.60598],[127.00935,37.60616],[127.00938,37.60665],[127.00936,37.60698],[127.00936,37.60715],[127.00919,37.60795],[127.009,37.60866],[127.008,37.61221],[127.00576,37.61526],[127.00292,37.61629],[127.00276,37.61633],[127.00252,37.61639],[127.00082,37.61673],[127.00069,37.61673],[127.00048,37.61672],[126.99971,37.61663],[126.9979,37.61567],[126.99756,37.6155],[126.99549,37.61365],[126.99547,37.6135],[126.99546,37.61341],[126.99513,37.61322],[126.99456,37.61318],[126.9943,37.6133],[126.99312,37.61492],[126.99263,37.61703],[126.99299,37.61781],[126.99353,37.61812],[126.99268,37.61887],[126.99225,37.61923],[126.98649,37.62307],[126.98561,37.62363],[126.98216,37.62747],[126.9812,37.62835],[126.98013,37.62835],[126.97967,37.62797],[126.97948,37.62716],[126.97944,37.62696],[126.97921,37.62457],[126.98017,37.62355],[126.98087,37.62275],[126.98137,37.62173],[126.98208,37.61992],[126.9818,37.61931],[126.98202,37.61871],[126.98281,37.61669],[126.98324,37.61632],[126.98398,37.6161],[126.98454,37.61587],[126.98534,37.61555],[126.9867,37.61468],[126.98707,37.61355],[126.98696,37.61057],[126.98677,37.6104],[126.98627,37.60994],[126.986,37.6088],[126.98597,37.60838],[126.98596,37.60811],[126.9859,37.60714],[126.98619,37.60628],[126.98659,37.60513],[126.98774,37.60122]]]},"properties":{"adm_cd2":"1129064000","adm_nm":"서울특별시 성북구 정릉3동","sggnm":"성북구"}},
{"type":"Feature","geometry":{"type":"Polygon","coordinates":[[[126.98013,37.62835],[126.9812,37.62835],[126.98216,37.62747],[126.98561,37.62363],[126.98649,37.62307],[126.99225,37.61923],[126.99268,37.61887],[126.99353,37.61812],[126.99299,37.61781],[126.99263,37.61703],[126.99312,37.61492],[126.9943,37.6133],[126.99456,37.61318],[126.99513,37.61322],[126.99546,37.61341],[126.99547,37.6135],[126.99549,37.61365],[126.99756,37.6155],[126.9979,37.61567],[126.99971,37.61663],[127.00048,37.61672],[127.00069,37.61673],[127.00082,37.61673],[127.00252,37.61639],[127.00276,37.61633],[127.00292,37.61629],[127.00576,37.61526],[127.008,37.61221],[127.009,37.60866],[127.00983,37.60835],[127.01053,37.6081],[127.01158,37.60841],[127.01161,37.60957],[127.01198,37.61028],[127.01342,37.61161],[127.01443,37.61357],[127.01525,37.61481],[127.01494,37.61542],[127.01475,37.61559],[127.01147,37.61642],[127.00944,37.61817],[127.00856,37.61856],[127.00849,37.61857],[127.00805,37.61937],[127.00751,37.62102],[127.00737,37.62244],[127.00741,37.62247],[127.00744,37.62251],[127.00748,37.62256],[127.00754,37.62265],[127.00765,37.6229],[127.00782,37.62332],[127.00788,37.62391],[127.00757,37.62403],[127.00644,37.62434],[127.0045,37.62444],[127.0029,37.62537],[127.00236,37.6256],[127.00174,37.62571],[126.99894,37.62688],[126.99455,37.62983],[126.99433,37.62983],[126.99416,37.6299],[126.9941,37.62992],[126.99404,37.62999],[126.99334,37.63152],[126.99325,37.63183],[126.99319,37.63203],[126.99182,37.63231],[126.98606,37.6352],[126.9856,37.63544],[126.98522,37.63586],[126.98495,37.63617],[126.98463,37.63656],[126.98366,37.63646],[126.98359,37.63645],[126.97854,37.63385],[126.97672,37.63263],[126.97507,37.63139],[126.97649,37.63009],[126.97635,37.62927],[126.97667,37.62884],[126.97821,37.62844],[126.97952,37.6292],[126.98009,37.62927],[126.98051,37.62905],[126.9805,37.62865],[126.98013,37.62835]]]},"properties":{"adm_cd2":"1129065000","adm_nm":"서울특별시 성북구 정릉4동","sggnm":"성북구"}},
{"type":"Feature","geometry":{"type":"Polygon","coordinates":[[[127.02597,37.60318],[127.02549,37.60374],[127.02545,37.60379],[127.02535,37.60393],[127.0253,37.60399],[127.02511,37.60424],[127.02506,37.60432],[127.02491,37.60453],[127.02459,37.60499],[127.02422,37.60556],[127.02376,37.60682],[127.02293,37.6092],[127.02224,37.6112],[127.02223,37.61127],[127.02203,37.61229],[127.02067,37.6125],[127.02061,37.61252],[127.02048,37.61255],[127.02038,37.61262],[127.01979,37.61326],[127.01926,37.61375],[127.01764,37.61457],[127.01631,37.61496],[127.01525,37.61481],[127.01443,37.61357],[127.0146,37.61195],[127.01577,37.60996],[127.0164,37.60766],[127.01777,37.60384],[127.01949,37.60238],[127.02164,37.60157],[127.02597,37.60318]]]},"properties":{"adm_cd2":"1129066000","adm_nm":"서울특별시 성북구 길음1동","sggnm":"성북구"}},
{"type":"Feature","geometry":{"type":"Polygon","coordinates":[[[127.03022,37.604],[127.03218,37.60346],[127.03041,37.60914],[127.02998,37.61234],[127.02722,37.61256],[127.02223,37.61127],[127.02224,37.6112],[127.02293,37.6092],[127.02376,37.60682],[127.02422,37.60556],[127.02459,37.60499],[127.02491,37.60453],[127.02506,37.60432],[127.02511,37.60424],[127.0253,37.60399],[127.02535,37.60393],[127.02545,37.60379],[127.02549,37.60374],[127.02597,37.60318],[127.03022,37.604]]]},"properties":{"adm_cd2":"1129068500","adm_nm":"서울특별시 성북구 길음2동","sggnm":"성북구"}},
{"type":"Feature","geometry":{"type":"Polygon","coordinates":[[[127.03218,37.60346],[127.03852,37.60249],[127.03763,37.60333],[127.03713,37.60493],[127.03688,37.60599],[127.03697,37.60597],[127.03706,37.60595],[127.03832,37.6055],[127.0386,37.60532],[127.03862,37.6053],[127.0404,37.60615],[127.04242,37.60759],[127.04255,37.60921],[127.04308,37.61052],[127.04315,37.61068],[127.0436,37.61143],[127.04198,37.61095],[127.0418,37.61096],[127.04107,37.61101],[127.04088,37.61103],[127.04075,37.61104],[127.04052,37.61107],[127.03906,37.61179],[127.03727,37.61271],[127.0371,37.61271],[127.03041,37.60914],[127.03218,37.60346]]]},"properties":{"adm_cd2":"1129071500","adm_nm":"서울특별시 성북구 월곡1동","sggnm":"성북구"}},
{"type":"Feature","geometry":{"type":"Polygon","coordinates":[[[127.05133,37.60163],[127.05161,37.602],[127.05224,37.60286],[127.05225,37.60407],[127.05216,37.60473],[127.05193,37.60511],[127.0517,37.6054],[127.05161,37.60549],[127.05153,37.60555],[127.05129,37.60576],[127.05113,37.60595],[127.05066,37.60669],[127.05062,37.60675],[127.0506,37.60678],[127.05057,37.60685],[127.05072,37.60755],[127.05177,37.60811],[127.05234,37.60891],[127.05239,37.609],[127.05242,37.60905],[127.05242,37.60908],[127.05242,37.60913],[127.0519,37.60965],[127.05158,37.60995],[127.05032,37.60918],[127.0503,37.60914],[127.0502,37.60897],[127.05014,37.60885],[127.04928,37.60828],[127.04837,37.60788],[127.04829,37.60787],[127.04804,37.60785],[127.04736,37.60783],[127.04661,37.60838],[127.04544,37.60951],[127.04542,37.60956],[127.0454,37.60959],[127.04538,37.60969],[127.04538,37.60977],[127.04544,37.61129],[127.04455,37.61073],[127.0436,37.61143],[127.04315,37.61068],[127.04308,37.61052],[127.04255,37.60921],[127.04242,37.60759],[127.0404,37.60615],[127.03862,37.6053],[127.0386,37.60532],[127.03832,37.6055],[127.03706,37.60595],[127.03697,37.60597],[127.03688,37.60599],[127.03713,37.60493],[127.03763,37.60333],[127.03852,37.60249],[127.03999,37.60113],[127.04021,37.60088],[127.04032,37.60073],[127.04037,37.60068],[127.04047,37.6005],[127.04052,37.60041],[127.04058,37.60028],[127.04067,37.60003],[127.04069,37.59998],[127.04071,37.59988],[127.04079,37.59956],[127.0408,37.59944],[127.0408,37.59924],[127.0408,37.59917],[127.04075,37.5958],[127.04352,37.59691],[127.04765,37.59629],[127.04777,37.59666],[127.04816,37.59756],[127.05027,37.60111],[127.05101,37.60157],[127.05133,37.60163]]]},"properties":{"adm_cd2":"1129072500","adm_nm":"서울특별시 성북구 월곡2동","sggnm":"성북구"}},
{"type":"Feature","geometry":{"type":"Polygon","coordinates":[[[127.0436,37.61143],[127.04455,37.61073],[127.04544,37.61129],[127.04754,37.61164],[127.04831,37.61202],[127.04884,37.6124],[127.04886,37.61247],[127.04889,37.61261],[127.04906,37.6135],[127.04904,37.61355],[127.04902,37.61359],[127.04887,37.61391],[127.04881,37.61404],[127.0487,37.61424],[127.04867,37.61432],[127.04857,37.61452],[127.04844,37.6148],[127.04839,37.61494],[127.04838,37.61507],[127.04836,37.61528],[127.04836,37.61552],[127.04837,37.61559],[127.0484,37.61578],[127.04846,37.61591],[127.0485,37.61595],[127.04855,37.61602],[127.0486,37.61607],[127.04863,37.61611],[127.0491,37.61656],[127.04923,37.61668],[127.04945,37.61686],[127.04956,37.61694],[127.04993,37.61718],[127.05019,37.61735],[127.05039,37.61747],[127.0495,37.62029],[127.04936,37.62043],[127.04933,37.62046],[127.04749,37.61931],[127.04726,37.61916],[127.04715,37.61905],[127.04705,37.61894],[127.04696,37.61879],[127.04673,37.61837],[127.04646,37.61852],[127.04628,37.61863],[127.04622,37.61867],[127.04608,37.61875],[127.04473,37.61955],[127.04468,37.61949],[127.04455,37.61934],[127.04396,37.61868],[127.04391,37.61864],[127.04304,37.618],[127.04231,37.61747],[127.04019,37.61595],[127.03912,37.61631],[127.0371,37.61271],[127.03727,37.61271],[127.03906,37.61179],[127.04052,37.61107],[127.04075,37.61104],[127.04088,37.61103],[127.04107,37.61101],[127.0418,37.61096],[127.04198,37.61095],[127.0436,37.61143]]]},"properties":{"adm_cd2":"1129076000","adm_nm":"서울특별시 성북구 장위1동","sggnm":"성북구"}},
{"type":"Feature","geometry":{"type":"Polygon","coordinates":[[[127.05177,37.60811],[127.06067,37.6128],[127.05822,37.61233],[127.05797,37.61256],[127.0573,37.61321],[127.05658,37.6139],[127.05547,37.61488],[127.05504,37.61522],[127.0546,37.61501],[127.05039,37.61747],[127.05019,37.61735],[127.04993,37.61718],[127.04956,37.61694],[127.04945,37.61686],[127.04923,37.61668],[127.0491,37.61656],[127.04863,37.61611],[127.0486,37.61607],[127.04855,37.61602],[127.0485,37.61595],[127.04846,37.61591],[127.0484,37.61578],[127.04837,37.61559],[127.04836,37.61552],[127.04836,37.61528],[127.04838,37.61507],[127.04839,37.61494],[127.04844,37.6148],[127.04857,37.61452],[127.04867,37.61432],[127.0487,37.61424],[127.04881,37.61404],[127.04887,37.61391],[127.04902,37.61359],[127.04904,37.61355],[127.04906,37.6135],[127.04889,37.61261],[127.04886,37.61247],[127.04884,37.6124],[127.04831,37.61202],[127.04754,37.61164],[127.04544,37.61129],[127.04538,37.60977],[127.04538,37.60969],[127.0454,37.60959],[127.04542,37.60956],[127.04544,37.60951],[127.04661,37.60838],[127.04736,37.60783],[127.04804,37.60785],[127.04829,37.60787],[127.04837,37.60788],[127.04928,37.60828],[127.05014,37.60885],[127.0502,37.60897],[127.0503,37.60914],[127.05032,37.60918],[127.05158,37.60995],[127.0519,37.60965],[127.05242,37.60913],[127.05242,37.60908],[127.05242,37.60905],[127.05239,37.609],[127.05234,37.60891],[127.05177,37.60811]]]},"properties":{"adm_cd2":"1129077000","adm_nm":"서울특별시 성북구 장위2동","sggnm":"성북구"}},
{"type":"Feature","geometry":{"type":"Polygon","coordinates":[[[127.05039,37.61747],[127.0546,37.61501],[127.05504,37.61522],[127.05547,37.61488],[127.05658,37.6139],[127.0573,37.61321],[127.05797,37.61256],[127.05822,37.61233],[127.06067,37.6128],[127.06289,37.61434],[127.06274,37.61431],[127.06242,37.61429],[127.06221,37.61433],[127.06201,37.61438],[127.06172,37.61452],[127.06152,37.61462],[127.06146,37.61465],[127.06123,37.61477],[127.06091,37.61495],[127.06061,37.61565],[127.05691,37.61812],[127.05421,37.62017],[127.05396,37.62038],[127.05384,37.62048],[127.05373,37.62058],[127.05335,37.6209],[127.05272,37.62153],[127.05217,37.62209],[127.05111,37.62325],[127.04999,37.62443],[127.04792,37.62322],[127.04473,37.61955],[127.04608,37.61875],[127.04622,37.61867],[127.04628,37.61863],[127.04646,37.61852],[127.04673,37.61837],[127.04696,37.61879],[127.04705,37.61894],[127.04715,37.61905],[127.04726,37.61916],[127.04749,37.61931],[127.04933,37.62046],[127.04936,37.62043],[127.0495,37.62029],[127.05039,37.61747]]]},"properties":{"adm_cd2":"1129078000","adm_nm":"서울특별시 성북구 장위3동","sggnm":"성북구"}},
{"type":"Feature","geometry":{"type":"Polygon","coordinates":[[[126.98908,37.59139],[126.98914,37.59131],[126.99853,37.59251],[126.99875,37.59252],[126.99897,37.59247],[126.99937,37.59237],[127.00062,37.59245],[127.00079,37.59245],[127.00094,37.59239],[127.00156,37.59192],[127.00158,37.59189],[127.00168,37.59175],[127.00191,37.59125],[127.00179,37.59086],[127.0017,37.5906],[127.00166,37.5901],[127.00234,37.58915],[127.00239,37.5891],[127.00243,37.58906],[127.00342,37.58836],[127.00419,37.58795],[127.00504,37.58793],[127.00621,37.58838],[127.00696,37.5887],[127.01326,37.59181],[127.01154,37.59397],[127.00953,37.59206],[127.00749,37.59163],[127.00723,37.59186],[127.00747,37.59222],[127.00749,37.59225],[127.00766,37.59246],[127.0077,37.59247],[127.00783,37.59252],[127.00815,37.59269],[127.00818,37.59272],[127.00842,37.59312],[127.0085,37.59411],[127.00842,37.59461],[127.0081,37.59556],[127.00785,37.59599],[127.00725,37.59649],[127.00695,37.59659],[127.00592,37.59668],[127.0047,37.59677],[127.00294,37.59796],[127.00293,37.5989],[127.00115,37.60125],[127.00096,37.60148],[127.00094,37.6015],[127.00064,37.60165],[126.9998,37.60167],[126.99956,37.60161],[126.99728,37.60208],[126.99542,37.60267],[126.99525,37.6027],[126.9952,37.6027],[126.99514,37.6027],[126.99494,37.60266],[126.99444,37.60257],[126.99393,37.60275],[126.98947,37.60253],[126.98789,37.60134],[126.98774,37.60122],[126.98637,37.60008],[126.98491,37.59944],[126.9829,37.59939],[126.98272,37.59939],[126.98267,37.59938],[126.98223,37.59928],[126.98157,37.59914],[126.98157,37.59804],[126.98157,37.59717],[126.98201,37.59584],[126.98219,37.59563],[126.98235,37.59545],[126.98265,37.5951],[126.98269,37.59507],[126.98337,37.59435],[126.98387,37.59385],[126.98401,37.59376],[126.98427,37.59358],[126.98468,37.59333],[126.98523,37.59306],[126.98529,37.59303],[126.98533,37.59301],[126.98576,37.59279],[126.98648,37.59251],[126.98753,37.59225],[126.98876,37.5921],[126.98911,37.59195],[126.98948,37.5918],[126.98908,37.59139]]]},"properties":{"adm_cd2":"1129052500","adm_nm":"서울특별시 성북구 성북동","sggnm":"성북구"}},
{"type":"Feature","geometry":{"type":"Polygon","coordinates":[[[127.00884,37.58045],[127.00997,37.58021],[127.01048,37.58034],[127.01216,37.58151],[127.0128,37.58132],[127.01312,37.58144],[127.01383,37.58171],[127.01469,37.58223],[127.01466,37.58449],[127.01469,37.58454],[127.01652,37.58687],[127.01729,37.58749],[127.01878,37.58867],[127.01896,37.58883],[127.0186,37.5891],[127.01798,37.58957],[127.01779,37.58972],[127.01772,37.58978],[127.01769,37.5898],[127.01708,37.59029],[127.01699,37.59035],[127.01696,37.59043],[127.01686,37.59085],[127.01682,37.59103],[127.01677,37.59126],[127.0167,37.59156],[127.01664,37.59182],[127.01658,37.5921],[127.01651,37.59242],[127.01542,37.59242],[127.015,37.59238],[127.01441,37.59231],[127.01408,37.59219],[127.01403,37.59218],[127.0138,37.59209],[127.01338,37.59187],[127.01326,37.59181],[127.00696,37.5887],[127.00621,37.58838],[127.00504,37.58793],[127.00419,37.58795],[127.00419,37.58777],[127.00418,37.58771],[127.00416,37.58729],[127.0043,37.58709],[127.00461,37.587],[127.0047,37.58699],[127.00512,37.58695],[127.00554,37.58696],[127.00561,37.58695],[127.00574,37.58694],[127.00593,37.58691],[127.00653,37.58613],[127.00715,37.58406],[127.00735,37.58336],[127.00733,37.5832],[127.00884,37.58045]]]},"properties":{"adm_cd2":"1129055500","adm_nm":"서울특별시 성북구 삼선동","sggnm":"성북구"}},
{"type":"Feature","geometry":{"type":"Polygon","coordinates":[[[127.01972,37.59729],[127.01949,37.5971],[127.01823,37.59691],[127.01615,37.59688],[127.01506,37.59841],[127.01402,37.59833],[127.01334,37.59826],[127.01289,37.59821],[127.01267,37.59668],[127.01307,37.59579],[127.01342,37.59523],[127.01154,37.59397],[127.01326,37.59181],[127.01338,37.59187],[127.0138,37.59209],[127.01403,37.59218],[127.01408,37.59219],[127.01441,37.59231],[127.015,37.59238],[127.01542,37.59242],[127.01651,37.59242],[127.01658,37.5921],[127.01664,37.59182],[127.0167,37.59156],[127.01677,37.59126],[127.01682,37.59103],[127.01686,37.59085],[127.01696,37.59043],[127.01699,37.59035],[127.01708,37.59029],[127.01769,37.5898],[127.01772,37.58978],[127.01779,37.58972],[127.01798,37.58957],[127.0186,37.5891],[127.01896,37.58883],[127.01966,37.58941],[127.02018,37.58934],[127.02133,37.58918],[127.02163,37.58914],[127.0219,37.5891],[127.02211,37.58907],[127.02373,37.59096],[127.02371,37.59124],[127.02379,37.59225],[127.02384,37.5924],[127.02388,37.59251],[127.02446,37.59357],[127.02499,37.59413],[127.02479,37.59416],[127.02449,37.5943],[127.02257,37.59564],[127.02253,37.5957],[127.02208,37.5966],[127.02197,37.59698],[127.02148,37.5971],[127.01972,37.59729]]]},"properties":{"adm_cd2":"1129057500","adm_nm":"서울특별시 성북구 동선동","sggnm":"성북구"}},
{"type":"Feature","geometry":{"type":"Polygon","coordinates":[[[127.04075,37.5958],[127.0408,37.59917],[127.0408,37.59924],[127.0408,37.59944],[127.04079,37.59956],[127.04071,37.59988],[127.04069,37.59998],[127.04067,37.60003],[127.04058,37.60028],[127.04052,37.60041],[127.04047,37.6005],[127.04037,37.60068],[127.04032,37.60073],[127.04021,37.60088],[127.03999,37.60113],[127.03852,37.60249],[127.03218,37.60346],[127.03022,37.604],[127.0292,37.60302],[127.02712,37.60075],[127.02678,37.6002],[127.0263,37.59896],[127.02606,37.59766],[127.02591,37.59674],[127.02599,37.59633],[127.0257,37.5949],[127.02534,37.5945],[127.02499,37.59413],[127.03026,37.59125],[127.03182,37.59112],[127.03203,37.59115],[127.03323,37.59148],[127.03332,37.59152],[127.03354,37.59161],[127.03395,37.59179],[127.03426,37.59194],[127.03436,37.592],[127.03475,37.59221],[127.03514,37.59242],[127.03533,37.59249],[127.03554,37.59255],[127.03593,37.59224],[127.03636,37.59161],[127.0365,37.59134],[127.03649,37.59125],[127.03906,37.59127],[127.04075,37.5958]]]},"properties":{"adm_cd2":"1129070500","adm_nm":"서울특별시 성북구 종암동","sggnm":"성북구"}},
{"type":"Feature","geometry":{"type":"Polygon","coordinates":[[[127.05203,37.59995],[127.05726,37.60125],[127.06005,37.6021],[127.06077,37.60357],[127.06167,37.60463],[127.06214,37.60514],[127.06233,37.60528],[127.06497,37.60587],[127.06625,37.60582],[127.0681,37.60651],[127.06873,37.60687],[127.06859,37.60932],[127.06887,37.60933],[127.06936,37.60933],[127.07172,37.60681],[127.07146,37.61428],[127.0714,37.61563],[127.07119,37.61637],[127.06801,37.61557],[127.06801,37.61554],[127.06801,37.61544],[127.06775,37.61522],[127.06605,37.6143],[127.06594,37.61428],[127.06487,37.61422],[127.06289,37.61434],[127.06067,37.6128],[127.05177,37.60811],[127.05072,37.60755],[127.05057,37.60685],[127.0506,37.60678],[127.05062,37.60675],[127.05066,37.60669],[127.05113,37.60595],[127.05129,37.60576],[127.05153,37.60555],[127.05161,37.60549],[127.0517,37.6054],[127.05193,37.60511],[127.05216,37.60473],[127.05225,37.60407],[127.05224,37.60286],[127.05161,37.602],[127.05133,37.60163],[127.05203,37.59995]]]},"properties":{"adm_cd2":"1129081000","adm_nm":"서울특별시 성북구 석관동","sggnm":"성북구"}},
{"type":"Feature","geometry":{"type":"Polygon","coordinates":[[[127.03644,37.63689],[127.03609,37.63699],[127.03588,37.63704],[127.0357,37.63708],[127.03553,37.63712],[127.0355,37.63714],[127.03496,37.63738],[127.03469,37.6376],[127.03463,37.63768],[127.0345,37.63785],[127.03436,37.63818],[127.0343,37.6383],[127.03427,37.63839],[127.03424,37.63845],[127.03402,37.63895],[127.03397,37.63908],[127.03389,37.63928],[127.03384,37.63939],[127.0336,37.63999],[127.03358,37.64003],[127.03355,37.6401],[127.0333,37.64063],[127.03315,37.64094],[127.03301,37.64116],[127.03294,37.64129],[127.03291,37.64132],[127.03267,37.64163],[127.03229,37.64194],[127.03179,37.64229],[127.0317,37.64235],[127.03125,37.64262],[127.03083,37.64286],[127.0253,37.63745],[127.02358,37.63609],[127.02325,37.63465],[127.02749,37.63496],[127.03128,37.63525],[127.03152,37.63527],[127.03175,37.63528],[127.03359,37.6354],[127.03382,37.63541],[127.03386,37.63541],[127.03405,37.6354],[127.03425,37.63537],[127.03429,37.63536],[127.03449,37.63527],[127.03483,37.63507],[127.0356,37.63462],[127.03563,37.63461],[127.0357,37.63457],[127.03575,37.63454],[127.03579,37.63452],[127.03586,37.6345],[127.03597,37.63447],[127.03729,37.63413],[127.03743,37.6341],[127.0379,37.63402],[127.03848,37.63391],[127.03644,37.63689]]]},"properties":{"adm_cd2":"1130559500","adm_nm":"서울특별시 강북구 번1동","sggnm":"강북구"}},
{"type":"Feature","geometry":{"type":"Polygon","coordinates":[[[127.02749,37.63496],[127.02757,37.6335],[127.02901,37.63305],[127.02976,37.63096],[127.02982,37.63085],[127.03002,37.63055],[127.0313,37.62873],[127.03132,37.6287],[127.03142,37.62859],[127.03185,37.62818],[127.03211,37.62801],[127.03241,37.62763],[127.03275,37.62632],[127.03279,37.62612],[127.03278,37.62592],[127.0326,37.62553],[127.03259,37.62551],[127.03383,37.62249],[127.03447,37.62109],[127.03458,37.62102],[127.03471,37.62093],[127.03683,37.61996],[127.03732,37.62078],[127.03758,37.6214],[127.03759,37.62152],[127.0376,37.62165],[127.03767,37.62332],[127.03763,37.6236],[127.0376,37.62378],[127.03748,37.62437],[127.03701,37.62557],[127.03678,37.62615],[127.03677,37.62619],[127.03673,37.62629],[127.03674,37.62643],[127.03682,37.62658],[127.03687,37.62665],[127.0369,37.62668],[127.03847,37.628],[127.03882,37.62828],[127.03938,37.62874],[127.0398,37.6291],[127.04062,37.62979],[127.04152,37.63059],[127.04197,37.63099],[127.04148,37.63128],[127.03848,37.63391],[127.0379,37.63402],[127.03743,37.6341],[127.03729,37.63413],[127.03597,37.63447],[127.03586,37.6345],[127.03579,37.63452],[127.03575,37.63454],[127.0357,37.63457],[127.03563,37.63461],[127.0356,37.63462],[127.03483,37.63507],[127.03449,37.63527],[127.03429,37.63536],[127.03425,37.63537],[127.03405,37.6354],[127.03386,37.63541],[127.03382,37.63541],[127.03359,37.6354],[127.03175,37.63528],[127.03152,37.63527],[127.03128,37.63525],[127.02749,37.63496]]]},"properties":{"adm_cd2":"1130560300","adm_nm":"서울특별시 강북구 번2동","sggnm":"강북구"}},
{"type":"Feature","geometry":{"type":"Polygon","coordinates":[[[127.04473,37.61955],[127.04792,37.62322],[127.04999,37.62443],[127.04824,37.62647],[127.04616,37.62809],[127.04289,37.63044],[127.04216,37.63088],[127.04197,37.63099],[127.04152,37.63059],[127.04062,37.62979],[127.0398,37.6291],[127.03938,37.62874],[127.03882,37.62828],[127.03847,37.628],[127.0369,37.62668],[127.03687,37.62665],[127.03682,37.62658],[127.03674,37.62643],[127.03673,37.62629],[127.03677,37.62619],[127.03678,37.62615],[127.03701,37.62557],[127.03748,37.62437],[127.0376,37.62378],[127.03763,37.6236],[127.03767,37.62332],[127.0376,37.62165],[127.03759,37.62152],[127.03758,37.6214],[127.03732,37.62078],[127.03683,37.61996],[127.03791,37.61975],[127.03879,37.61947],[127.0389,37.61904],[127.03885,37.6189],[127.03872,37.61875],[127.03871,37.61871],[127.03866,37.61856],[127.03858,37.61827],[127.03854,37.61796],[127.03851,37.61782],[127.03849,37.61761],[127.03849,37.61753],[127.03849,37.61741],[127.03865,37.61655],[127.03871,37.61647],[127.03874,37.61644],[127.0389,37.61638],[127.03912,37.61631],[127.04019,37.61595],[127.04231,37.61747],[127.04304,37.618],[127.04391,37.61864],[127.04396,37.61868],[127.04455,37.61934],[127.04468,37.61949],[127.04473,37.61955]]]},"properties":{"adm_cd2":"1130560800","adm_nm":"서울특별시 강북구 번3동","sggnm":"강북구"}},
{"type":"Feature","geometry":{"type":"Polygon","coordinates":[[[127.0045,37.62444],[127.00544,37.62487],[127.00647,37.62513],[127.00714,37.62511],[127.00766,37.62506],[127.00781,37.62503],[127.00822,37.62495],[127.00921,37.62504],[127.01009,37.62524],[127.01588,37.62746],[127.01776,37.6293],[127.02123,37.63012],[127.02259,37.63034],[127.02343,37.63324],[127.02325,37.63465],[127.02253,37.63461],[127.02195,37.63457],[127.02073,37.63449],[127.01922,37.63435],[127.01504,37.63395],[127.01468,37.63391],[127.01459,37.6339],[127.01327,37.63377],[127.01315,37.63375],[127.01252,37.63368],[127.01203,37.63362],[127.01171,37.63356],[127.01092,37.63342],[127.00813,37.63301],[127.00307,37.63235],[127.0026,37.63228],[127.00037,37.6321],[126.99761,37.63205],[126.99319,37.63203],[126.99325,37.63183],[126.99334,37.63152],[126.99404,37.62999],[126.9941,37.62992],[126.99416,37.6299],[126.99433,37.62983],[126.99455,37.62983],[126.99894,37.62688],[127.00174,37.62571],[127.00236,37.6256],[127.0029,37.62537],[127.0045,37.62444]]]},"properties":{"adm_cd2":"1130561500","adm_nm":"서울특별시 강북구 수유1동","sggnm":"강북구"}},
{"type":"Feature","geometry":{"type":"Polygon","coordinates":[[[127.01562,37.6491],[127.01518,37.64911],[127.0139,37.64905],[127.01592,37.64431],[127.01691,37.64081],[127.01778,37.64088],[127.01981,37.64108],[127.01986,37.64108],[127.02021,37.64114],[127.02045,37.64122],[127.02054,37.64125],[127.02082,37.64142],[127.02395,37.64368],[127.02397,37.64438],[127.02412,37.64535],[127.02515,37.6466],[127.02478,37.64724],[127.02462,37.6474],[127.02131,37.64896],[127.02114,37.64902],[127.02084,37.64905],[127.02077,37.64906],[127.02056,37.64908],[127.02049,37.64908],[127.02023,37.64907],[127.01996,37.64901],[127.01971,37.64894],[127.01918,37.6488],[127.01893,37.64874],[127.01887,37.64872],[127.01879,37.64871],[127.01858,37.64867],[127.0182,37.64861],[127.01796,37.64861],[127.01779,37.64862],[127.01763,37.64863],[127.01745,37.64865],[127.017,37.64873],[127.01634,37.6489],[127.01562,37.6491]]]},"properties":{"adm_cd2":"1130562500","adm_nm":"서울특별시 강북구 수유2동","sggnm":"강북구"}},
{"type":"Feature","geometry":{"type":"Polygon","coordinates":[[[127.03083,37.64286],[127.03061,37.64305],[127.03013,37.64337],[127.02993,37.6435],[127.02977,37.64361],[127.02972,37.64364],[127.02791,37.64475],[127.02727,37.64512],[127.02708,37.64518],[127.02664,37.64536],[127.0266,37.64538],[127.02616,37.6456],[127.02609,37.64564],[127.02592,37.64572],[127.02566,37.64586],[127.02564,37.64589],[127.0255,37.64608],[127.02515,37.6466],[127.02412,37.64535],[127.02397,37.64438],[127.02395,37.64368],[127.02082,37.64142],[127.02054,37.64125],[127.02045,37.64122],[127.02021,37.64114],[127.01986,37.64108],[127.01981,37.64108],[127.01778,37.64088],[127.01691,37.64081],[127.01718,37.63726],[127.01952,37.63554],[127.01964,37.6356],[127.0198,37.63567],[127.01986,37.6357],[127.02056,37.63593],[127.0206,37.63595],[127.02111,37.6361],[127.02136,37.63617],[127.02148,37.6362],[127.02152,37.63621],[127.02178,37.63626],[127.0221,37.63628],[127.0224,37.63627],[127.02256,37.63627],[127.02289,37.63624],[127.02358,37.63609],[127.0253,37.63745],[127.03083,37.64286]]]},"properties":{"adm_cd2":"1130563500","adm_nm":"서울특별시 강북구 수유3동","sggnm":"강북구"}},
{"type":"Feature","geometry":{"type":"Polygon","coordinates":[[[127.00856,37.61856],[127.01339,37.62023],[127.0144,37.62023],[127.01468,37.62022],[127.01483,37.62021],[127.01489,37.62021],[127.015,37.6202],[127.01776,37.62001],[127.01883,37.61992],[127.01894,37.61991],[127.01921,37.61988],[127.01933,37.61987],[127.02004,37.61976],[127.02029,37.61971],[127.02109,37.61947],[127.02059,37.62099],[127.01883,37.62352],[127.01867,37.62375],[127.01858,37.62399],[127.01856,37.62404],[127.01847,37.62433],[127.01844,37.6246],[127.0184,37.62486],[127.02201,37.62518],[127.02086,37.62913],[127.02259,37.63034],[127.02123,37.63012],[127.01776,37.6293],[127.01588,37.62746],[127.01009,37.62524],[127.00921,37.62504],[127.00822,37.62495],[127.00781,37.62503],[127.00766,37.62506],[127.00714,37.62511],[127.00647,37.62513],[127.00544,37.62487],[127.0045,37.62444],[127.00644,37.62434],[127.00757,37.62403],[127.00788,37.62391],[127.00782,37.62332],[127.00765,37.6229],[127.00754,37.62265],[127.00748,37.62256],[127.00744,37.62251],[127.00741,37.62247],[127.00737,37.62244],[127.00751,37.62102],[127.00805,37.61937],[127.00849,37.61857],[127.00856,37.61856]]]},"properties":{"adm_cd2":"1130553400","adm_nm":"서울특별시 강북구 삼양동","sggnm":"강북구"}},
{"type":"Feature","geometry":{"type":"Polygon","coordinates":[[[127.02325,37.63465],[127.02343,37.63324],[127.02259,37.63034],[127.02086,37.62913],[127.02201,37.62518],[127.02207,37.625],[127.02235,37.62422],[127.02251,37.62383],[127.02287,37.62295],[127.02586,37.62367],[127.02689,37.62446],[127.03235,37.62569],[127.03259,37.62551],[127.0326,37.62553],[127.03278,37.62592],[127.03279,37.62612],[127.03275,37.62632],[127.03241,37.62763],[127.03211,37.62801],[127.03185,37.62818],[127.03142,37.62859],[127.03132,37.6287],[127.0313,37.62873],[127.03002,37.63055],[127.02982,37.63085],[127.02976,37.63096],[127.02901,37.63305],[127.02757,37.6335],[127.02749,37.63496],[127.02325,37.63465]]]},"properties":{"adm_cd2":"1130553500","adm_nm":"서울특별시 강북구 미아동","sggnm":"강북구"}},
{"type":"Feature","geometry":{"type":"Polygon","coordinates":[[[127.03041,37.60914],[127.0371,37.61271],[127.03912,37.61631],[127.0389,37.61638],[127.03874,37.61644],[127.03871,37.61647],[127.03865,37.61655],[127.03849,37.61741],[127.03849,37.61753],[127.03849,37.61761],[127.03851,37.61782],[127.03854,37.61796],[127.03858,37.61827],[127.03866,37.61856],[127.03871,37.61871],[127.03872,37.61875],[127.03885,37.6189],[127.0389,37.61904],[127.03879,37.61947],[127.03791,37.61975],[127.03683,37.61996],[127.03471,37.62093],[127.03458,37.62102],[127.03447,37.62109],[127.03383,37.62249],[127.03259,37.62551],[127.03235,37.62569],[127.02689,37.62446],[127.02893,37.61934],[127.02981,37.61712],[127.02984,37.61684],[127.02988,37.61617],[127.02995,37.61487],[127.02998,37.61234],[127.03041,37.60914]]]},"properties":{"adm_cd2":"1130554500","adm_nm":"서울특별시 강북구 송중동","sggnm":"강북구"}},
{"type":"Feature","geometry":{"type":"Polygon","coordinates":[[[127.02223,37.61127],[127.02722,37.61256],[127.02998,37.61234],[127.02995,37.61487],[127.02988,37.61617],[127.02984,37.61684],[127.02981,37.61712],[127.02893,37.61934],[127.02689,37.62446],[127.02586,37.62367],[127.02287,37.62295],[127.02251,37.62383],[127.02235,37.62422],[127.02207,37.625],[127.02201,37.62518],[127.0184,37.62486],[127.01844,37.6246],[127.01847,37.62433],[127.01856,37.62404],[127.01858,37.62399],[127.01867,37.62375],[127.01883,37.62352],[127.02059,37.62099],[127.02109,37.61947],[127.02181,37.61696],[127.02188,37.61672],[127.0221,37.6159],[127.0222,37.61553],[127.02222,37.61532],[127.02221,37.6145],[127.02203,37.61229],[127.02223,37.61127]]]},"properties":{"adm_cd2":"1130555500","adm_nm":"서울특별시 강북구 송천동","sggnm":"강북구"}},
{"type":"Feature","geometry":{"type":"Polygon","coordinates":[[[127.01525,37.61481],[127.01631,37.61496],[127.01764,37.61457],[127.01926,37.61375],[127.01979,37.61326],[127.02038,37.61262],[127.02048,37.61255],[127.02061,37.61252],[127.02067,37.6125],[127.02203,37.61229],[127.02221,37.6145],[127.02222,37.61532],[127.0222,37.61553],[127.0221,37.6159],[127.02188,37.61672],[127.02181,37.61696],[127.02109,37.61947],[127.02029,37.61971],[127.02004,37.61976],[127.01933,37.61987],[127.01921,37.61988],[127.01894,37.61991],[127.01883,37.61992],[127.01776,37.62001],[127.015,37.6202],[127.01489,37.62021],[127.01483,37.62021],[127.01468,37.62022],[127.0144,37.62023],[127.01339,37.62023],[127.00856,37.61856],[127.00944,37.61817],[127.01147,37.61642],[127.01475,37.61559],[127.01494,37.61542],[127.01525,37.61481]]]},"properties":{"adm_cd2":"1130557500","adm_nm":"서울특별시 강북구 삼각산동","sggnm":"강북구"}},
{"type":"Feature","geometry":{"type":"Polygon","coordinates":[[[127.01562,37.6491],[127.01538,37.64921],[127.01529,37.64926],[127.0152,37.64931],[127.01324,37.65044],[127.01291,37.65115],[127.0129,37.65118],[127.01269,37.65163],[127.01264,37.65185],[127.01256,37.65222],[127.01255,37.65246],[127.01256,37.65275],[127.01266,37.65331],[127.01379,37.65848],[127.01428,37.65989],[127.01463,37.66089],[127.01516,37.66159],[127.01585,37.66144],[127.01634,37.66158],[127.01545,37.66348],[127.01544,37.66376],[127.01541,37.66584],[127.01545,37.66616],[127.01552,37.66634],[127.01566,37.6667],[127.01583,37.66686],[127.01655,37.66755],[127.01693,37.6679],[127.01763,37.66828],[127.01816,37.66878],[127.01844,37.6694],[127.01847,37.66964],[127.01852,37.66996],[127.01844,37.67008],[127.01739,37.67174],[127.01732,37.67183],[127.01663,37.67267],[127.01574,37.67345],[127.01482,37.67424],[127.01458,37.6744],[127.01412,37.67502],[127.01387,37.67537],[127.01342,37.67645],[127.01322,37.67724],[127.01277,37.67807],[127.01202,37.67925],[127.01198,37.67929],[127.01195,37.67931],[127.01074,37.67951],[127.01056,37.67953],[127.01049,37.67954],[127.01045,37.67954],[127.01036,37.67954],[127.00841,37.6813],[127.00829,37.68468],[127.00666,37.68503],[127.00657,37.68505],[127.00636,37.6851],[127.00615,37.68515],[127.00586,37.68522],[127.00575,37.68523],[127.00565,37.68523],[127.00419,37.68517],[127.00386,37.68514],[127.00364,37.6851],[126.99799,37.68382],[126.99791,37.68379],[126.99774,37.68365],[126.99766,37.68358],[126.99754,37.68346],[126.99735,37.68328],[126.99714,37.68306],[126.99581,37.68193],[126.99385,37.68028],[126.9938,37.68025],[126.99307,37.67989],[126.99174,37.67947],[126.99257,37.67878],[126.99276,37.67841],[126.99296,37.67761],[126.99299,37.67742],[126.99355,37.67324],[126.99426,37.66648],[126.99416,37.66628],[126.99284,37.66502],[126.99243,37.66483],[126.98984,37.6639],[126.98937,37.6638],[126.98802,37.66334],[126.98664,37.66141],[126.98641,37.66098],[126.98618,37.66066],[126.985,37.6593],[126.98485,37.6592],[126.98464,37.65906],[126.98307,37.65811],[126.98169,37.65753],[126.98142,37.65749],[126.98129,37.65742],[126.97995,37.65658],[126.97978,37.65642],[126.97965,37.65622],[126.97957,37.65608],[126.97955,37.65603],[126.97945,37.65583],[126.97945,37.65574],[126.97964,37.65488],[126.9797,37.65479],[126.98099,37.6529],[126.9821,37.65143],[126.98224,37.6513],[126.98351,37.65003],[126.98363,37.64991],[126.9837,37.64978],[126.98462,37.64755],[126.98464,37.64746],[126.98496,37.64599],[126.98496,37.6459],[126.98494,37.64582],[126.98478,37.64551],[126.9842,37.64447],[126.98376,37.64412],[126.98362,37.64404],[126.98345,37.64394],[126.98332,37.6438],[126.98324,37.6437],[126.98325,37.64365],[126.98327,37.6436],[126.98388,37.64217],[126.98392,37.64213],[126.98398,37.64206],[126.98404,37.64199],[126.98411,37.64191],[126.98426,37.64177],[126.98589,37.64057],[126.98637,37.64065],[126.98842,37.63978],[126.98926,37.63946],[126.99151,37.63872],[126.99486,37.63871],[126.99651,37.63885],[126.99673,37.63889],[126.99696,37.63897],[126.99823,37.63957],[127.00056,37.64071],[127.00188,37.6421],[127.0032,37.64338],[127.00346,37.64357],[127.00362,37.64369],[127.00407,37.64402],[127.00429,37.64417],[127.00457,37.64436],[127.00627,37.64478],[127.00734,37.64499],[127.01066,37.64503],[127.01592,37.64431],[127.0139,37.64905],[127.01518,37.64911],[127.01562,37.6491]]]},"properties":{"adm_cd2":"1130564500","adm_nm":"서울특별시 강북구 우이동","sggnm":"강북구"}},
{"type":"Feature","geometry":{"type":"Polygon","coordinates":[[[126.99319,37.63203],[126.99761,37.63205],[127.00037,37.6321],[127.0026,37.63228],[127.00307,37.63235],[127.00813,37.63301],[127.01092,37.63342],[127.01171,37.63356],[127.01203,37.63362],[127.01252,37.63368],[127.01315,37.63375],[127.01327,37.63377],[127.01459,37.6339],[127.01468,37.63391],[127.01504,37.63395],[127.01922,37.63435],[127.02073,37.63449],[127.02195,37.63457],[127.02253,37.63461],[127.02325,37.63465],[127.02358,37.63609],[127.02289,37.63624],[127.02256,37.63627],[127.0224,37.63627],[127.0221,37.63628],[127.02178,37.63626],[127.02152,37.63621],[127.02148,37.6362],[127.02136,37.63617],[127.02111,37.6361],[127.0206,37.63595],[127.02056,37.63593],[127.01986,37.6357],[127.0198,37.63567],[127.01964,37.6356],[127.01952,37.63554],[127.01718,37.63726],[127.01691,37.64081],[127.01592,37.64431],[127.01066,37.64503],[127.00734,37.64499],[127.00627,37.64478],[127.00457,37.64436],[127.00429,37.64417],[127.00407,37.64402],[127.00362,37.64369],[127.00346,37.64357],[127.0032,37.64338],[127.00188,37.6421],[127.00056,37.64071],[126.99823,37.63957],[126.99696,37.63897],[126.99673,37.63889],[126.99651,37.63885],[126.99486,37.63871],[126.99151,37.63872],[126.98926,37.63946],[126.98842,37.63978],[126.98637,37.64065],[126.98463,37.63656],[126.98495,37.63617],[126.98522,37.63586],[126.9856,37.63544],[126.98606,37.6352],[126.99182,37.63231],[126.99319,37.63203]]]},"properties":{"adm_cd2":"1130566000","adm_nm":"서울특별시 강북구 인수동","sggnm":"강북구"}},
{"type":"Feature","geometry":{"type":"Polygon","coordinates":[[[127.02515,37.6466],[127.02867,37.65071],[127.02805,37.65314],[127.02762,37.65353],[127.02695,37.65372],[127.02571,37.65397],[127.02547,37.65402],[127.02459,37.65425],[127.02303,37.65438],[127.02289,37.65439],[127.02248,37.65441],[127.02239,37.65438],[127.02226,37.6543],[127.02222,37.65427],[127.02217,37.65423],[127.0221,37.65421],[127.02204,37.65421],[127.02196,37.65422],[127.02187,37.65424],[127.02092,37.65454],[127.02087,37.65458],[127.02056,37.65485],[127.01893,37.65686],[127.01846,37.6575],[127.01719,37.66002],[127.01634,37.66158],[127.01585,37.66144],[127.01516,37.66159],[127.01463,37.66089],[127.01428,37.65989],[127.01379,37.65848],[127.01266,37.65331],[127.01256,37.65275],[127.01255,37.65246],[127.01256,37.65222],[127.01264,37.65185],[127.01269,37.65163],[127.0129,37.65118],[127.01291,37.65115],[127.01324,37.65044],[127.0152,37.64931],[127.01529,37.64926],[127.01538,37.64921],[127.01562,37.6491],[127.01634,37.6489],[127.017,37.64873],[127.01745,37.64865],[127.01763,37.64863],[127.01779,37.64862],[127.01796,37.64861],[127.0182,37.64861],[127.01858,37.64867],[127.01879,37.64871],[127.01887,37.64872],[127.01893,37.64874],[127.01918,37.6488],[127.01971,37.64894],[127.01996,37.64901],[127.02023,37.64907],[127.02049,37.64908],[127.02056,37.64908],[127.02077,37.64906],[127.02084,37.64905],[127.02114,37.64902],[127.02131,37.64896],[127.02462,37.6474],[127.02478,37.64724],[127.02515,37.6466]]]},"properties":{"adm_cd2":"1132066000","adm_nm":"서울특별시 도봉구 쌍문1동","sggnm":"도봉구"}},
{"type":"Feature","geometry":{"type":"Polygon","coordinates":[[[127.04222,37.66171],[127.03775,37.66175],[127.03491,37.66032],[127.03379,37.66008],[127.03418,37.65953],[127.03438,37.6567],[127.03384,37.65402],[127.03378,37.65399],[127.03369,37.65394],[127.03362,37.65388],[127.03355,37.65382],[127.03307,37.65324],[127.03305,37.6532],[127.03295,37.65261],[127.03329,37.65114],[127.03633,37.65137],[127.03721,37.65284],[127.04173,37.66037],[127.04192,37.66077],[127.04194,37.66083],[127.04201,37.661],[127.04206,37.66114],[127.0422,37.66164],[127.04222,37.66171]]]},"properties":{"adm_cd2":"1132067000","adm_nm":"서울특별시 도봉구 쌍문2동","sggnm":"도봉구"}},
{"type":"Feature","geometry":{"type":"Polygon","coordinates":[[[127.03083,37.64286],[127.03098,37.64299],[127.03347,37.6465],[127.03633,37.65137],[127.03329,37.65114],[127.02867,37.65071],[127.02515,37.6466],[127.0255,37.64608],[127.02564,37.64589],[127.02566,37.64586],[127.02592,37.64572],[127.02609,37.64564],[127.02616,37.6456],[127.0266,37.64538],[127.02664,37.64536],[127.02708,37.64518],[127.02727,37.64512],[127.02791,37.64475],[127.02972,37.64364],[127.02977,37.64361],[127.02993,37.6435],[127.03013,37.64337],[127.03061,37.64305],[127.03083,37.64286]]]},"properties":{"adm_cd2":"1132068000","adm_nm":"서울특별시 도봉구 쌍문3동","sggnm":"도봉구"}},
{"type":"Feature","geometry":{"type":"Polygon","coordinates":[[[127.02867,37.65071],[127.03329,37.65114],[127.03295,37.65261],[127.03305,37.6532],[127.03307,37.65324],[127.03355,37.65382],[127.03362,37.65388],[127.03369,37.65394],[127.03378,37.65399],[127.03384,37.65402],[127.03438,37.6567],[127.03418,37.65953],[127.03379,37.66008],[127.03278,37.65978],[127.03039,37.65962],[127.03023,37.65965],[127.03013,37.65965],[127.03006,37.65963],[127.02999,37.65962],[127.02991,37.6596],[127.02981,37.65957],[127.02817,37.65901],[127.02802,37.65893],[127.02781,37.65882],[127.02777,37.65881],[127.02607,37.65671],[127.02547,37.65402],[127.02571,37.65397],[127.02695,37.65372],[127.02762,37.65353],[127.02805,37.65314],[127.02867,37.65071]]]},"properties":{"adm_cd2":"1132068100","adm_nm":"서울특별시 도봉구 쌍문4동","sggnm":"도봉구"}},
{"type":"Feature","geometry":{"type":"Polygon","coordinates":[[[127.04222,37.66171],[127.04458,37.66203],[127.05155,37.66066],[127.05147,37.6618],[127.05132,37.66365],[127.05127,37.66398],[127.05113,37.66436],[127.05105,37.66457],[127.05085,37.66495],[127.05061,37.66531],[127.05006,37.66611],[127.04979,37.66646],[127.04976,37.6665],[127.04972,37.66656],[127.04967,37.66662],[127.04929,37.66737],[127.04928,37.6674],[127.04901,37.66807],[127.04889,37.66874],[127.04882,37.66909],[127.04365,37.66982],[127.0396,37.66996],[127.03942,37.66884],[127.03933,37.66833],[127.03909,37.66704],[127.03904,37.66695],[127.03816,37.66634],[127.03789,37.66616],[127.03779,37.66609],[127.03764,37.66599],[127.03659,37.66527],[127.03604,37.6649],[127.03539,37.66444],[127.03515,37.66425],[127.035,37.66408],[127.03494,37.664],[127.03481,37.66377],[127.03472,37.66352],[127.03469,37.66336],[127.03469,37.66333],[127.03468,37.66323],[127.03468,37.66309],[127.03469,37.66298],[127.03471,37.66279],[127.03473,37.66254],[127.03491,37.66032],[127.03775,37.66175],[127.04222,37.66171]]]},"properties":{"adm_cd2":"1132069000","adm_nm":"서울특별시 도봉구 방학1동","sggnm":"도봉구"}},
{"type":"Feature","geometry":{"type":"Polygon","coordinates":[[[127.0396,37.66996],[127.03968,37.67042],[127.03972,37.67062],[127.03974,37.6708],[127.03978,37.67126],[127.03981,37.67175],[127.03976,37.67184],[127.03927,37.6721],[127.03881,37.67211],[127.03829,37.67203],[127.0381,37.67192],[127.03773,37.67152],[127.03758,37.67136],[127.0372,37.67145],[127.03685,37.67158],[127.03172,37.67432],[127.03151,37.67444],[127.03136,37.67459],[127.03128,37.67467],[127.03122,37.67493],[127.03047,37.67463],[127.02289,37.67196],[127.0228,37.67162],[127.02544,37.66943],[127.02716,37.66864],[127.02789,37.66812],[127.03052,37.66552],[127.03061,37.66534],[127.03063,37.66526],[127.03065,37.66521],[127.03093,37.66398],[127.03086,37.66392],[127.0308,37.66387],[127.03058,37.66363],[127.03048,37.66342],[127.03075,37.66276],[127.03078,37.66271],[127.03081,37.66267],[127.03136,37.66226],[127.03143,37.6622],[127.03147,37.66217],[127.03309,37.66235],[127.03473,37.66254],[127.03471,37.66279],[127.03469,37.66298],[127.03468,37.66309],[127.03468,37.66323],[127.03469,37.66333],[127.03469,37.66336],[127.03472,37.66352],[127.03481,37.66377],[127.03494,37.664],[127.035,37.66408],[127.03515,37.66425],[127.03539,37.66444],[127.03604,37.6649],[127.03659,37.66527],[127.03764,37.66599],[127.03779,37.66609],[127.03789,37.66616],[127.03816,37.66634],[127.03904,37.66695],[127.03909,37.66704],[127.03933,37.66833],[127.03942,37.66884],[127.0396,37.66996]]]},"properties":{"adm_cd2":"1132070000","adm_nm":"서울특별시 도봉구 방학2동","sggnm":"도봉구"}},
{"type":"Feature","geometry":{"type":"Polygon","coordinates":[[[127.01634,37.66158],[127.01719,37.66002],[127.01846,37.6575],[127.01893,37.65686],[127.02056,37.65485],[127.02087,37.65458],[127.02092,37.65454],[127.02187,37.65424],[127.02196,37.65422],[127.02204,37.65421],[127.0221,37.65421],[127.02217,37.65423],[127.02222,37.65427],[127.02226,37.6543],[127.02239,37.65438],[127.02248,37.65441],[127.02289,37.65439],[127.02303,37.65438],[127.02459,37.65425],[127.02547,37.65402],[127.02607,37.65671],[127.02777,37.65881],[127.02781,37.65882],[127.02802,37.65893],[127.02817,37.65901],[127.02981,37.65957],[127.02991,37.6596],[127.02999,37.65962],[127.03006,37.65963],[127.03013,37.65965],[127.03023,37.65965],[127.03039,37.65962],[127.03278,37.65978],[127.03379,37.66008],[127.03491,37.66032],[127.03473,37.66254],[127.03309,37.66235],[127.03147,37.66217],[127.03143,37.6622],[127.03136,37.66226],[127.03081,37.66267],[127.03078,37.66271],[127.03075,37.66276],[127.03048,37.66342],[127.03058,37.66363],[127.0308,37.66387],[127.03086,37.66392],[127.03093,37.66398],[127.03065,37.66521],[127.03063,37.66526],[127.03061,37.66534],[127.03052,37.66552],[127.02789,37.66812],[127.02716,37.66864],[127.02544,37.66943],[127.0228,37.66955],[127.02156,37.6712],[127.01922,37.6712],[127.01904,37.67112],[127.01877,37.67099],[127.01872,37.67093],[127.01862,37.6708],[127.01844,37.67016],[127.01844,37.67011],[127.01844,37.67008],[127.01852,37.66996],[127.01847,37.66964],[127.01844,37.6694],[127.01816,37.66878],[127.01763,37.66828],[127.01693,37.6679],[127.01655,37.66755],[127.01583,37.66686],[127.01566,37.6667],[127.01552,37.66634],[127.01545,37.66616],[127.01541,37.66584],[127.01544,37.66376],[127.01545,37.66348],[127.01634,37.66158]]]},"properties":{"adm_cd2":"1132071000","adm_nm":"서울특별시 도봉구 방학3동","sggnm":"도봉구"}},
{"type":"Feature","geometry":{"type":"Polygon","coordinates":[[[127.03347,37.6465],[127.03998,37.64637],[127.04365,37.64392],[127.04427,37.64262],[127.04494,37.63987],[127.04502,37.63967],[127.04519,37.63955],[127.04547,37.63946],[127.04635,37.63916],[127.048,37.6417],[127.0506,37.64515],[127.05125,37.6452],[127.0483,37.65166],[127.04638,37.65122],[127.04628,37.6512],[127.04612,37.65116],[127.04594,37.65114],[127.04575,37.65112],[127.04551,37.65112],[127.04532,37.65113],[127.04516,37.65114],[127.04466,37.65122],[127.0416,37.65169],[127.03633,37.65137],[127.03347,37.6465]]]},"properties":{"adm_cd2":"1132051100","adm_nm":"서울특별시 도봉구 창1동","sggnm":"도봉구"}},
{"type":"Feature","geometry":{"type":"Polygon","coordinates":[[[127.03644,37.63689],[127.039,37.63961],[127.04226,37.64304],[127.0425,37.64322],[127.04262,37.64331],[127.04365,37.64392],[127.03998,37.64637],[127.03347,37.6465],[127.03098,37.64299],[127.03083,37.64286],[127.03125,37.64262],[127.0317,37.64235],[127.03179,37.64229],[127.03229,37.64194],[127.03267,37.64163],[127.03291,37.64132],[127.03294,37.64129],[127.03301,37.64116],[127.03315,37.64094],[127.0333,37.64063],[127.03355,37.6401],[127.03358,37.64003],[127.0336,37.63999],[127.03384,37.63939],[127.03389,37.63928],[127.03397,37.63908],[127.03402,37.63895],[127.03424,37.63845],[127.03427,37.63839],[127.0343,37.6383],[127.03436,37.63818],[127.0345,37.63785],[127.03463,37.63768],[127.03469,37.6376],[127.03496,37.63738],[127.0355,37.63714],[127.03553,37.63712],[127.0357,37.63708],[127.03588,37.63704],[127.03609,37.63699],[127.03644,37.63689]]]},"properties":{"adm_cd2":"1132051200","adm_nm":"서울특별시 도봉구 창2동","sggnm":"도봉구"}},
{"type":"Feature","geometry":{"type":"Polygon","coordinates":[[[127.03848,37.63391],[127.04148,37.63128],[127.0429,37.6327],[127.04353,37.63308],[127.04394,37.63344],[127.04403,37.63362],[127.04492,37.63592],[127.04492,37.63596],[127.04501,37.63687],[127.0453,37.63749],[127.04551,37.63783],[127.04635,37.63916],[127.04547,37.63946],[127.04519,37.63955],[127.04502,37.63967],[127.04494,37.63987],[127.04427,37.64262],[127.04365,37.64392],[127.04262,37.64331],[127.0425,37.64322],[127.04226,37.64304],[127.039,37.63961],[127.03644,37.63689],[127.03848,37.63391]]]},"properties":{"adm_cd2":"1132051300","adm_nm":"서울특별시 도봉구 창3동","sggnm":"도봉구"}},
{"type":"Feature","geometry":{"type":"Polygon","coordinates":[[[127.04458,37.66203],[127.04529,37.65843],[127.04559,37.658],[127.04566,37.65784],[127.04586,37.65737],[127.04631,37.65631],[127.04633,37.65626],[127.04655,37.65572],[127.04679,37.65512],[127.04701,37.65458],[127.04718,37.65416],[127.04729,37.6539],[127.04828,37.6517],[127.0483,37.65166],[127.05125,37.6452],[127.05126,37.64516],[127.05225,37.64279],[127.05233,37.6426],[127.05262,37.64209],[127.05289,37.64175],[127.05321,37.6414],[127.05338,37.64123],[127.05362,37.64104],[127.05401,37.64074],[127.05413,37.64067],[127.05419,37.64066],[127.05427,37.64064],[127.05437,37.64064],[127.05494,37.64076],[127.05507,37.64163],[127.05573,37.64531],[127.05589,37.64597],[127.05558,37.64711],[127.05547,37.64747],[127.05532,37.64796],[127.05521,37.64833],[127.05504,37.64867],[127.05482,37.6491],[127.05463,37.64947],[127.05453,37.64967],[127.05443,37.65011],[127.05441,37.65021],[127.05436,37.65041],[127.05429,37.65093],[127.05424,37.65195],[127.05423,37.65204],[127.05423,37.65214],[127.05422,37.65254],[127.05421,37.65302],[127.05418,37.65448],[127.05244,37.65816],[127.05155,37.66066],[127.04458,37.66203]]]},"properties":{"adm_cd2":"1132051400","adm_nm":"서울특별시 도봉구 창4동","sggnm":"도봉구"}},
{"type":"Feature","geometry":{"type":"Polygon","coordinates":[[[127.03633,37.65137],[127.0416,37.65169],[127.04466,37.65122],[127.04516,37.65114],[127.04532,37.65113],[127.04551,37.65112],[127.04575,37.65112],[127.04594,37.65114],[127.04612,37.65116],[127.04628,37.6512],[127.04638,37.65122],[127.0483,37.65166],[127.04828,37.6517],[127.04729,37.6539],[127.04718,37.65416],[127.04701,37.65458],[127.04679,37.65512],[127.04655,37.65572],[127.04633,37.65626],[127.04631,37.65631],[127.04586,37.65737],[127.04566,37.65784],[127.04559,37.658],[127.04529,37.65843],[127.04458,37.66203],[127.04222,37.66171],[127.0422,37.66164],[127.04206,37.66114],[127.04201,37.661],[127.04194,37.66083],[127.04192,37.66077],[127.04173,37.66037],[127.03721,37.65284],[127.03633,37.65137]]]},"properties":{"adm_cd2":"1132051500","adm_nm":"서울특별시 도봉구 창5동","sggnm":"도봉구"}},
{"type":"Feature","geometry":{"type":"Polygon","coordinates":[[[127.01844,37.67008],[127.01844,37.67011],[127.01844,37.67016],[127.01862,37.6708],[127.01872,37.67093],[127.01877,37.67099],[127.01904,37.67112],[127.01922,37.6712],[127.02156,37.6712],[127.0228,37.66955],[127.02544,37.66943],[127.0228,37.67162],[127.02289,37.67196],[127.03047,37.67463],[127.03122,37.67493],[127.03128,37.67467],[127.03136,37.67459],[127.03151,37.67444],[127.03172,37.67432],[127.03685,37.67158],[127.0372,37.67145],[127.03758,37.67136],[127.03773,37.67152],[127.0381,37.67192],[127.03829,37.67203],[127.03881,37.67211],[127.03927,37.6721],[127.03976,37.67184],[127.03981,37.67175],[127.03978,37.67126],[127.03974,37.6708],[127.03972,37.67062],[127.03968,37.67042],[127.0396,37.66996],[127.04365,37.66982],[127.04433,37.67345],[127.04558,37.68079],[127.04559,37.68084],[127.04561,37.68096],[127.04584,37.68252],[127.04588,37.68274],[127.04588,37.68279],[127.04604,37.68485],[127.04605,37.68498],[127.046,37.68549],[127.04578,37.68768],[127.04539,37.69054],[127.04538,37.69064],[127.04509,37.69244],[127.04321,37.69467],[127.0432,37.69491],[127.04319,37.69503],[127.04312,37.69515],[127.04301,37.69521],[127.04172,37.69535],[127.04158,37.69536],[127.04153,37.69534],[127.04143,37.6953],[127.04102,37.69503],[127.0408,37.69492],[127.04072,37.6949],[127.04062,37.69487],[127.04055,37.69486],[127.0405,37.69484],[127.04043,37.69482],[127.04038,37.69478],[127.04026,37.69469],[127.04023,37.69466],[127.04001,37.69443],[127.03981,37.69421],[127.03975,37.69414],[127.03969,37.69409],[127.03905,37.69388],[127.03885,37.69363],[127.03855,37.69336],[127.03843,37.69327],[127.03838,37.69324],[127.03589,37.69224],[127.03584,37.69222],[127.03416,37.69189],[127.03411,37.69189],[127.03407,37.69188],[127.03282,37.69172],[127.03257,37.6917],[127.0325,37.69171],[127.03247,37.69171],[127.03117,37.6929],[127.03114,37.69294],[127.03007,37.69523],[127.02993,37.69561],[127.02986,37.69579],[127.02973,37.69619],[127.0297,37.69635],[127.0297,37.69654],[127.02973,37.69676],[127.02973,37.69697],[127.02973,37.69708],[127.0297,37.69747],[127.0297,37.69757],[127.02967,37.6977],[127.02939,37.69859],[127.0293,37.69882],[127.02928,37.69886],[127.02922,37.699],[127.029,37.69938],[127.02889,37.69954],[127.02821,37.70039],[127.02807,37.70056],[127.02803,37.70059],[127.02799,37.70061],[127.02796,37.70062],[127.02722,37.70071],[127.02715,37.70072],[127.02711,37.7007],[127.02707,37.70065],[127.02704,37.7006],[127.02701,37.70052],[127.027,37.7005],[127.02695,37.7004],[127.02689,37.7003],[127.02684,37.70026],[127.02678,37.70022],[127.02565,37.69966],[127.02551,37.69961],[127.0254,37.69957],[127.0253,37.69955],[127.02507,37.69948],[127.02497,37.69945],[127.0249,37.69944],[127.02482,37.69944],[127.02478,37.69944],[127.0247,37.69945],[127.02215,37.69959],[127.02209,37.6996],[127.02028,37.70051],[127.01989,37.70075],[127.01979,37.70083],[127.01968,37.70095],[127.01957,37.70108],[127.01585,37.70103],[127.01502,37.69867],[127.01498,37.6986],[127.01494,37.69855],[127.01461,37.69832],[127.01453,37.69828],[127.01449,37.69827],[127.01437,37.69826],[127.01379,37.69825],[127.01278,37.69824],[127.01238,37.69824],[127.01234,37.69824],[127.01219,37.69824],[127.01215,37.69825],[127.0121,37.69825],[127.01204,37.69825],[127.01199,37.69825],[127.01195,37.69824],[127.01192,37.69821],[127.01075,37.69705],[127.00921,37.69523],[127.00916,37.69515],[127.00913,37.69511],[127.00907,37.69502],[127.0089,37.69472],[127.00884,37.69461],[127.00882,37.69455],[127.00806,37.6906],[127.00806,37.69055],[127.00808,37.68912],[127.00809,37.68903],[127.00814,37.68891],[127.00819,37.68883],[127.00829,37.68874],[127.00855,37.68849],[127.00864,37.68839],[127.00869,37.6883],[127.00871,37.68824],[127.00896,37.68711],[127.00897,37.68705],[127.00897,37.68697],[127.00896,37.68661],[127.00881,37.68533],[127.00875,37.68511],[127.00872,37.68501],[127.0087,37.68497],[127.00869,37.68494],[127.00863,37.68487],[127.0084,37.68473],[127.00829,37.68468],[127.00841,37.6813],[127.01036,37.67954],[127.01045,37.67954],[127.01049,37.67954],[127.01056,37.67953],[127.01074,37.67951],[127.01195,37.67931],[127.01198,37.67929],[127.01202,37.67925],[127.01277,37.67807],[127.01322,37.67724],[127.01342,37.67645],[127.01387,37.67537],[127.01412,37.67502],[127.01458,37.6744],[127.01482,37.67424],[127.01574,37.67345],[127.01663,37.67267],[127.01732,37.67183],[127.01739,37.67174],[127.01844,37.67008]]]},"properties":{"adm_cd2":"1132052100","adm_nm":"서울특별시 도봉구 도봉1동","sggnm":"도봉구"}},
{"type":"Feature","geometry":{"type":"Polygon","coordinates":[[[127.04882,37.66909],[127.04893,37.6712],[127.04893,37.67123],[127.04897,37.67185],[127.049,37.6721],[127.04906,37.67264],[127.04908,37.67278],[127.04914,37.67312],[127.05094,37.68015],[127.05149,37.682],[127.05182,37.68242],[127.05186,37.68247],[127.05201,37.68366],[127.05202,37.68387],[127.05192,37.68481],[127.05144,37.68579],[127.05118,37.68632],[127.05107,37.68651],[127.05094,37.68673],[127.05078,37.68702],[127.05045,37.68739],[127.05039,37.68749],[127.05035,37.68754],[127.05026,37.6877],[127.05014,37.68788],[127.05006,37.68818],[127.05005,37.68822],[127.05003,37.68851],[127.05,37.68877],[127.05002,37.6892],[127.05003,37.68929],[127.05008,37.68961],[127.05012,37.68985],[127.05013,37.69011],[127.0501,37.69035],[127.05007,37.69045],[127.04937,37.69291],[127.04912,37.69352],[127.0482,37.69391],[127.04509,37.69244],[127.04538,37.69064],[127.04539,37.69054],[127.04578,37.68768],[127.046,37.68549],[127.04605,37.68498],[127.04604,37.68485],[127.04588,37.68279],[127.04588,37.68274],[127.04584,37.68252],[127.04561,37.68096],[127.04559,37.68084],[127.04558,37.68079],[127.04433,37.67345],[127.04365,37.66982],[127.04882,37.66909]]]},"properties":{"adm_cd2":"1132052200","adm_nm":"서울특별시 도봉구 도봉2동","sggnm":"도봉구"}},
{"type":"Feature","geometry":{"type":"Polygon","coordinates":[[[127.06289,37.61434],[127.06487,37.61422],[127.06594,37.61428],[127.06605,37.6143],[127.06775,37.61522],[127.06801,37.61544],[127.06801,37.61554],[127.06801,37.61557],[127.06596,37.61509],[127.06587,37.6153],[127.06576,37.61554],[127.06546,37.61622],[127.06517,37.61688],[127.06513,37.61697],[127.06508,37.61716],[127.06508,37.61723],[127.0643,37.61903],[127.06241,37.62336],[127.06206,37.6234],[127.06166,37.62433],[127.06074,37.62629],[127.06017,37.62737],[127.05997,37.6278],[127.05994,37.62786],[127.05991,37.62793],[127.05963,37.62858],[127.05931,37.62937],[127.05922,37.62964],[127.05916,37.62981],[127.05914,37.62987],[127.05909,37.63005],[127.05904,37.6302],[127.04999,37.62443],[127.05111,37.62325],[127.05217,37.62209],[127.05272,37.62153],[127.05335,37.6209],[127.05373,37.62058],[127.05384,37.62048],[127.05396,37.62038],[127.05421,37.62017],[127.05691,37.61812],[127.06061,37.61565],[127.06091,37.61495],[127.06123,37.61477],[127.06146,37.61465],[127.06152,37.61462],[127.06172,37.61452],[127.06201,37.61438],[127.06221,37.61433],[127.06242,37.61429],[127.06274,37.61431],[127.06289,37.61434]]]},"properties":{"adm_cd2":"1135056000","adm_nm":"서울특별시 노원구 월계1동","sggnm":"노원구"}},
{"type":"Feature","geometry":{"type":"Polygon","coordinates":[[[127.04197,37.63099],[127.04216,37.63088],[127.04289,37.63044],[127.04616,37.62809],[127.04824,37.62647],[127.04999,37.62443],[127.05904,37.6302],[127.05896,37.63059],[127.05893,37.63072],[127.05882,37.63177],[127.05862,37.63627],[127.05959,37.63655],[127.05888,37.63763],[127.05494,37.64076],[127.05437,37.64064],[127.05427,37.64064],[127.05419,37.64066],[127.05413,37.64067],[127.05401,37.64074],[127.05362,37.64104],[127.05338,37.64123],[127.05321,37.6414],[127.05289,37.64175],[127.05262,37.64209],[127.05233,37.6426],[127.05225,37.64279],[127.05126,37.64516],[127.05125,37.6452],[127.0506,37.64515],[127.048,37.6417],[127.04635,37.63916],[127.04551,37.63783],[127.0453,37.63749],[127.04501,37.63687],[127.04492,37.63596],[127.04492,37.63592],[127.04403,37.63362],[127.04394,37.63344],[127.04353,37.63308],[127.0429,37.6327],[127.04148,37.63128],[127.04197,37.63099]]]},"properties":{"adm_cd2":"1135057000","adm_nm":"서울특별시 노원구 월계2동","sggnm":"노원구"}},
{"type":"Feature","geometry":{"type":"Polygon","coordinates":[[[127.07119,37.61637],[127.07119,37.61643],[127.07118,37.61732],[127.07117,37.61808],[127.07083,37.62157],[127.07005,37.62355],[127.06826,37.62555],[127.06716,37.62646],[127.06535,37.62819],[127.06494,37.62861],[127.06484,37.62887],[127.06469,37.62929],[127.06439,37.63078],[127.06415,37.63145],[127.06402,37.63179],[127.06395,37.63191],[127.06386,37.63205],[127.0637,37.63224],[127.06359,37.63235],[127.06289,37.63298],[127.06228,37.6335],[127.06222,37.63354],[127.0616,37.63407],[127.06118,37.63442],[127.06088,37.63471],[127.0605,37.63519],[127.06028,37.63549],[127.05959,37.63655],[127.05862,37.63627],[127.05882,37.63177],[127.05893,37.63072],[127.05896,37.63059],[127.05904,37.6302],[127.05909,37.63005],[127.05914,37.62987],[127.05916,37.62981],[127.05922,37.62964],[127.05931,37.62937],[127.05963,37.62858],[127.05991,37.62793],[127.05994,37.62786],[127.05997,37.6278],[127.06017,37.62737],[127.06074,37.62629],[127.06166,37.62433],[127.06206,37.6234],[127.06241,37.62336],[127.0643,37.61903],[127.06508,37.61723],[127.06508,37.61716],[127.06513,37.61697],[127.06517,37.61688],[127.06546,37.61622],[127.06576,37.61554],[127.06587,37.6153],[127.06596,37.61509],[127.06801,37.61557],[127.07119,37.61637]]]},"properties":{"adm_cd2":"1135058000","adm_nm":"서울특별시 노원구 월계3동","sggnm":"노원구"}},
{"type":"Feature","geometry":{"type":"Polygon","coordinates":[[[127.08954,37.61964],[127.09244,37.61828],[127.09261,37.61821],[127.09305,37.61804],[127.09615,37.6171],[127.09682,37.61705],[127.09695,37.61705],[127.09704,37.61705],[127.1005,37.61888],[127.10145,37.61976],[127.10151,37.6198],[127.10155,37.61981],[127.10183,37.61989],[127.10502,37.62068],[127.10571,37.62083],[127.10572,37.6209],[127.1057,37.62095],[127.10566,37.621],[127.10562,37.62102],[127.1055,37.62106],[127.10542,37.62111],[127.10537,37.62113],[127.1053,37.62115],[127.10525,37.62116],[127.10511,37.62117],[127.10502,37.62117],[127.10496,37.62117],[127.10435,37.62146],[127.10429,37.62149],[127.10424,37.62152],[127.10407,37.62166],[127.10403,37.62169],[127.10398,37.62177],[127.10366,37.62247],[127.10351,37.6229],[127.10353,37.62304],[127.10353,37.62307],[127.10526,37.62691],[127.10537,37.62714],[127.10549,37.62726],[127.10862,37.62914],[127.11042,37.63014],[127.11084,37.63047],[127.11091,37.63053],[127.11098,37.63059],[127.11142,37.63133],[127.11204,37.63262],[127.11238,37.63523],[127.11195,37.64027],[127.11134,37.642],[127.11115,37.64241],[127.10975,37.64249],[127.1097,37.64251],[127.10964,37.64255],[127.10959,37.64258],[127.10956,37.64261],[127.10918,37.64292],[127.10907,37.64303],[127.10822,37.64416],[127.10807,37.64452],[127.10803,37.64464],[127.10742,37.64503],[127.10657,37.64549],[127.10396,37.64563],[127.10139,37.64538],[127.09781,37.64528],[127.09493,37.64551],[127.09445,37.64576],[127.09462,37.64383],[127.09413,37.64259],[127.09103,37.64126],[127.09056,37.6411],[127.08926,37.64082],[127.08917,37.64082],[127.08872,37.64082],[127.08866,37.64084],[127.08851,37.64089],[127.08848,37.6409],[127.08841,37.64094],[127.08832,37.64096],[127.08801,37.64098],[127.08793,37.64099],[127.0878,37.64099],[127.08603,37.64094],[127.08597,37.64094],[127.08571,37.64089],[127.08306,37.64007],[127.08158,37.63754],[127.08154,37.63749],[127.08149,37.63743],[127.08075,37.63663],[127.0804,37.63645],[127.08033,37.63641],[127.07665,37.63469],[127.07531,37.63076],[127.07417,37.63083],[127.0713,37.63108],[127.07173,37.63092],[127.0721,37.63068],[127.07313,37.62998],[127.07401,37.62937],[127.07549,37.62819],[127.07563,37.62807],[127.07568,37.62802],[127.07573,37.62799],[127.07576,37.62796],[127.07581,37.6279],[127.07597,37.62772],[127.0761,37.62758],[127.07615,37.62753],[127.07621,37.62745],[127.07624,37.62741],[127.0764,37.62719],[127.07683,37.62653],[127.07687,37.62646],[127.07711,37.62598],[127.07719,37.62582],[127.07724,37.6257],[127.07732,37.6255],[127.07735,37.62543],[127.07739,37.62528],[127.07745,37.62511],[127.07752,37.62481],[127.07754,37.62474],[127.07754,37.62471],[127.07763,37.62413],[127.07765,37.62404],[127.07773,37.62354],[127.07776,37.62335],[127.07778,37.62322],[127.0778,37.6231],[127.07785,37.62276],[127.07791,37.62238],[127.07806,37.62185],[127.07815,37.62162],[127.07831,37.62126],[127.07851,37.62102],[127.07856,37.62098],[127.07862,37.62092],[127.07906,37.62053],[127.07931,37.62036],[127.07954,37.62023],[127.07964,37.62018],[127.0797,37.62015],[127.07989,37.62006],[127.08001,37.62001],[127.08016,37.61995],[127.08032,37.61989],[127.0808,37.61978],[127.08103,37.61977],[127.08164,37.61925],[127.08245,37.6193],[127.08415,37.61963],[127.08573,37.62017],[127.08797,37.61989],[127.08954,37.61964]]]},"properties":{"adm_cd2":"1135060000","adm_nm":"서울특별시 노원구 공릉2동","sggnm":"노원구"}},
{"type":"Feature","geometry":{"type":"Polygon","coordinates":[[[127.08306,37.64007],[127.08309,37.64051],[127.08194,37.64219],[127.08091,37.64368],[127.08069,37.64386],[127.07994,37.64418],[127.07959,37.64417],[127.07912,37.64389],[127.07833,37.64429],[127.07821,37.64435],[127.0765,37.646],[127.07604,37.64446],[127.07465,37.6454],[127.07424,37.64624],[127.07421,37.64629],[127.07289,37.64591],[127.07077,37.64531],[127.07121,37.64441],[127.07185,37.6431],[127.06936,37.63939],[127.0668,37.63868],[127.06875,37.63421],[127.0694,37.63329],[127.0703,37.6314],[127.0713,37.63108],[127.07417,37.63083],[127.07531,37.63076],[127.07665,37.63469],[127.08033,37.63641],[127.0804,37.63645],[127.08075,37.63663],[127.08149,37.63743],[127.08154,37.63749],[127.08158,37.63754],[127.08306,37.64007]]]},"properties":{"adm_cd2":"1135061100","adm_nm":"서울특별시 노원구 하계1동","sggnm":"노원구"}},
{"type":"Feature","geometry":{"type":"Polygon","coordinates":[[[127.05959,37.63655],[127.06028,37.63549],[127.0605,37.63519],[127.06088,37.63471],[127.06118,37.63442],[127.0616,37.63407],[127.06222,37.63354],[127.06228,37.6335],[127.06289,37.63298],[127.06359,37.63235],[127.0637,37.63224],[127.06386,37.63205],[127.06395,37.63191],[127.06402,37.63179],[127.06415,37.63145],[127.06439,37.63078],[127.0703,37.6314],[127.0694,37.63329],[127.06875,37.63421],[127.0668,37.63868],[127.06136,37.63718],[127.06013,37.63953],[127.05888,37.63763],[127.05959,37.63655]]]},"properties":{"adm_cd2":"1135061200","adm_nm":"서울특별시 노원구 하계2동","sggnm":"노원구"}},
{"type":"Feature","geometry":{"type":"Polygon","coordinates":[[[127.09445,37.64576],[127.09394,37.64633],[127.09348,37.64699],[127.09258,37.64881],[127.09255,37.64888],[127.09245,37.64925],[127.09237,37.6496],[127.09234,37.64973],[127.0923,37.64992],[127.09229,37.64995],[127.0923,37.64999],[127.0936,37.65332],[127.09282,37.6549],[127.09062,37.6549],[127.08921,37.65495],[127.08658,37.65541],[127.08634,37.6555],[127.08603,37.65591],[127.07817,37.65343],[127.07817,37.65335],[127.07817,37.65327],[127.07817,37.65322],[127.07817,37.65319],[127.07817,37.65315],[127.07816,37.65308],[127.07813,37.65292],[127.07811,37.65284],[127.07806,37.65274],[127.07671,37.65017],[127.0765,37.646],[127.07821,37.64435],[127.07833,37.64429],[127.07912,37.64389],[127.07959,37.64417],[127.07994,37.64418],[127.08069,37.64386],[127.08091,37.64368],[127.08194,37.64219],[127.08309,37.64051],[127.08306,37.64007],[127.08571,37.64089],[127.08597,37.64094],[127.08603,37.64094],[127.0878,37.64099],[127.08793,37.64099],[127.08801,37.64098],[127.08832,37.64096],[127.08841,37.64094],[127.08848,37.6409],[127.08851,37.64089],[127.08866,37.64084],[127.08872,37.64082],[127.08917,37.64082],[127.08926,37.64082],[127.09056,37.6411],[127.09103,37.64126],[127.09413,37.64259],[127.09462,37.64383],[127.09445,37.64576]]]},"properties":{"adm_cd2":"1135061900","adm_nm":"서울특별시 노원구 중계본동","sggnm":"노원구"}},
{"type":"Feature","geometry":{"type":"Polygon","coordinates":[[[127.0765,37.646],[127.07671,37.65017],[127.07806,37.65274],[127.07811,37.65284],[127.07813,37.65292],[127.07816,37.65308],[127.07817,37.65315],[127.07817,37.65319],[127.07817,37.65322],[127.07817,37.65327],[127.07817,37.65335],[127.07817,37.65343],[127.07422,37.65469],[127.07213,37.65516],[127.07208,37.6549],[127.07201,37.65455],[127.07191,37.65407],[127.07168,37.65362],[127.07145,37.65315],[127.0714,37.65306],[127.07106,37.65269],[127.071,37.65263],[127.07085,37.65246],[127.07071,37.65231],[127.0706,37.65219],[127.07038,37.65199],[127.07019,37.65182],[127.06974,37.65141],[127.06968,37.65135],[127.06877,37.65062],[127.0686,37.65048],[127.07077,37.64531],[127.07289,37.64591],[127.07421,37.64629],[127.07424,37.64624],[127.07465,37.6454],[127.07604,37.64446],[127.0765,37.646]]]},"properties":{"adm_cd2":"1135062100","adm_nm":"서울특별시 노원구 중계1동","sggnm":"노원구"}},
{"type":"Feature","geometry":{"type":"Polygon","coordinates":[[[127.08603,37.65591],[127.08845,37.65662],[127.09023,37.65728],[127.09244,37.65809],[127.09396,37.66257],[127.09075,37.66313],[127.09062,37.66334],[127.0888,37.66372],[127.08583,37.66302],[127.08321,37.66244],[127.0796,37.66191],[127.07879,37.6618],[127.07853,37.66184],[127.07847,37.66186],[127.07824,37.66201],[127.07767,37.66237],[127.07753,37.66241],[127.07586,37.66259],[127.07527,37.66227],[127.075,37.66203],[127.07481,37.66186],[127.07441,37.66149],[127.07161,37.65836],[127.07213,37.65516],[127.07422,37.65469],[127.07817,37.65343],[127.08603,37.65591]]]},"properties":{"adm_cd2":"1135062400","adm_nm":"서울특별시 노원구 중계4동","sggnm":"노원구"}},
{"type":"Feature","geometry":{"type":"Polygon","coordinates":[[[127.04893,37.6712],[127.05624,37.67052],[127.05826,37.6713],[127.05981,37.67227],[127.06271,37.67241],[127.06336,37.67263],[127.06539,37.67331],[127.06656,37.6738],[127.06668,37.67385],[127.06693,37.67395],[127.06771,37.67424],[127.06877,37.674],[127.06905,37.67388],[127.07053,37.67435],[127.07098,37.67458],[127.07115,37.67467],[127.07121,37.67471],[127.07132,37.67477],[127.07362,37.67679],[127.0738,37.67729],[127.07384,37.67766],[127.0752,37.68224],[127.07597,37.68434],[127.07695,37.68616],[127.07853,37.68784],[127.07918,37.68848],[127.08011,37.68855],[127.08364,37.69013],[127.08493,37.69084],[127.08502,37.69085],[127.08514,37.691],[127.08514,37.69142],[127.08429,37.69401],[127.08377,37.69466],[127.08349,37.69461],[127.08286,37.6951],[127.08111,37.69609],[127.07734,37.69638],[127.07594,37.69596],[127.07446,37.69548],[127.07292,37.69446],[127.07283,37.69443],[127.07263,37.69435],[127.072,37.69426],[127.07104,37.69413],[127.07043,37.69408],[127.06994,37.69426],[127.06939,37.69437],[127.06881,37.69406],[127.06837,37.69358],[127.06826,37.69347],[127.06566,37.6906],[127.06564,37.69047],[127.06547,37.69023],[127.06535,37.69005],[127.06511,37.68985],[127.06451,37.68964],[127.0618,37.68898],[127.06038,37.68869],[127.05885,37.68894],[127.05816,37.68915],[127.05755,37.6894],[127.05683,37.68957],[127.05482,37.68935],[127.05463,37.68929],[127.05294,37.68813],[127.05078,37.68702],[127.05094,37.68673],[127.05107,37.68651],[127.05118,37.68632],[127.05144,37.68579],[127.05192,37.68481],[127.05202,37.68387],[127.05201,37.68366],[127.05186,37.68247],[127.05182,37.68242],[127.05149,37.682],[127.05094,37.68015],[127.04914,37.67312],[127.04908,37.67278],[127.04906,37.67264],[127.049,37.6721],[127.04897,37.67185],[127.04893,37.67123],[127.04893,37.6712]]]},"properties":{"adm_cd2":"1135063000","adm_nm":"서울특별시 노원구 상계1동","sggnm":"노원구"}},
{"type":"Feature","geometry":{"type":"Polygon","coordinates":[[[127.07213,37.65516],[127.07161,37.65836],[127.06805,37.66032],[127.06572,37.66155],[127.06569,37.6614],[127.0655,37.66062],[127.06533,37.65985],[127.0653,37.65973],[127.06521,37.6594],[127.06466,37.65922],[127.06289,37.65896],[127.0626,37.65893],[127.06158,37.6574],[127.06172,37.65597],[127.06135,37.65588],[127.06106,37.65581],[127.06082,37.65577],[127.06043,37.65571],[127.06078,37.65436],[127.06236,37.65471],[127.06445,37.65519],[127.06499,37.65532],[127.0664,37.65562],[127.06701,37.65575],[127.0671,37.65563],[127.06735,37.65477],[127.0674,37.65457],[127.0686,37.65048],[127.06877,37.65062],[127.06968,37.65135],[127.06974,37.65141],[127.07019,37.65182],[127.07038,37.65199],[127.0706,37.65219],[127.07071,37.65231],[127.07085,37.65246],[127.071,37.65263],[127.07106,37.65269],[127.0714,37.65306],[127.07145,37.65315],[127.07168,37.65362],[127.07191,37.65407],[127.07201,37.65455],[127.07208,37.6549],[127.07213,37.65516]]]},"properties":{"adm_cd2":"1135064000","adm_nm":"서울특별시 노원구 상계2동","sggnm":"노원구"}},
{"type":"Feature","geometry":{"type":"Polygon","coordinates":[[[127.07441,37.66149],[127.07363,37.66277],[127.07249,37.66378],[127.07205,37.66403],[127.0714,37.66444],[127.07133,37.6645],[127.0713,37.66453],[127.07122,37.66464],[127.07107,37.66487],[127.07102,37.66494],[127.0709,37.6651],[127.07081,37.66524],[127.07075,37.66537],[127.07074,37.66544],[127.07073,37.66559],[127.07077,37.66589],[127.07085,37.66615],[127.07094,37.66648],[127.07095,37.66663],[127.07096,37.66685],[127.07094,37.66735],[127.07012,37.66795],[127.06936,37.66784],[127.06913,37.66799],[127.06857,37.66806],[127.06672,37.66784],[127.0667,37.66778],[127.06572,37.66155],[127.06805,37.66032],[127.07161,37.65836],[127.07441,37.66149]]]},"properties":{"adm_cd2":"1135067000","adm_nm":"서울특별시 노원구 상계5동","sggnm":"노원구"}},
{"type":"Feature","geometry":{"type":"Polygon","coordinates":[[[127.05147,37.6618],[127.05278,37.66167],[127.0587,37.66118],[127.05869,37.66121],[127.05803,37.66374],[127.05768,37.66419],[127.05624,37.67052],[127.04893,37.6712],[127.04882,37.66909],[127.04889,37.66874],[127.04901,37.66807],[127.04928,37.6674],[127.04929,37.66737],[127.04967,37.66662],[127.04972,37.66656],[127.04976,37.6665],[127.04979,37.66646],[127.05006,37.66611],[127.05061,37.66531],[127.05085,37.66495],[127.05105,37.66457],[127.05113,37.66436],[127.05127,37.66398],[127.05132,37.66365],[127.05147,37.6618]]]},"properties":{"adm_cd2":"1135070000","adm_nm":"서울특별시 노원구 상계8동","sggnm":"노원구"}},
{"type":"Feature","geometry":{"type":"Polygon","coordinates":[[[127.05624,37.67052],[127.05768,37.66419],[127.05803,37.66374],[127.05804,37.66458],[127.06111,37.66509],[127.06162,37.66517],[127.06187,37.66519],[127.06222,37.66516],[127.06243,37.66513],[127.06251,37.6651],[127.06263,37.66507],[127.06316,37.66489],[127.06333,37.66483],[127.06343,37.6648],[127.0632,37.66278],[127.06314,37.6624],[127.06305,37.66195],[127.063,37.66189],[127.06295,37.66157],[127.06293,37.66139],[127.06354,37.66139],[127.06423,37.66139],[127.06569,37.6614],[127.06572,37.66155],[127.0667,37.66778],[127.06672,37.66784],[127.06857,37.66806],[127.06913,37.66799],[127.06936,37.66784],[127.07012,37.66795],[127.06628,37.67048],[127.06656,37.6738],[127.06539,37.67331],[127.06336,37.67263],[127.06271,37.67241],[127.05981,37.67227],[127.05826,37.6713],[127.05624,37.67052]]]},"properties":{"adm_cd2":"1135071000","adm_nm":"서울특별시 노원구 상계9동","sggnm":"노원구"}},
{"type":"Feature","geometry":{"type":"Polygon","coordinates":[[[127.05155,37.66066],[127.05244,37.65816],[127.05418,37.65448],[127.06043,37.65571],[127.06082,37.65577],[127.06106,37.65581],[127.06135,37.65588],[127.06172,37.65597],[127.06158,37.6574],[127.0626,37.65893],[127.06289,37.65896],[127.06466,37.65922],[127.06521,37.6594],[127.0653,37.65973],[127.06533,37.65985],[127.0655,37.66062],[127.06569,37.6614],[127.06423,37.66139],[127.06354,37.66139],[127.06293,37.66139],[127.06295,37.66157],[127.063,37.66189],[127.06305,37.66195],[127.06314,37.6624],[127.0632,37.66278],[127.06343,37.6648],[127.06333,37.66483],[127.06316,37.66489],[127.06263,37.66507],[127.06251,37.6651],[127.06243,37.66513],[127.06222,37.66516],[127.06187,37.66519],[127.06162,37.66517],[127.06111,37.66509],[127.05804,37.66458],[127.05803,37.66374],[127.05869,37.66121],[127.0587,37.66118],[127.05278,37.66167],[127.05147,37.6618],[127.05155,37.66066]]]},"properties":{"adm_cd2":"1135072000","adm_nm":"서울특별시 노원구 상계10동","sggnm":"노원구"}},
{"type":"Feature","geometry":{"type":"Polygon","coordinates":[[[127.09396,37.66257],[127.09441,37.66436],[127.09573,37.67042],[127.09575,37.672],[127.09574,37.67227],[127.09563,37.6726],[127.09556,37.67281],[127.09361,37.67662],[127.09298,37.67728],[127.09279,37.67738],[127.09246,37.67736],[127.09227,37.67748],[127.09204,37.67792],[127.09193,37.67839],[127.09184,37.67892],[127.09184,37.67901],[127.09183,37.67919],[127.0927,37.68158],[127.0928,37.68178],[127.09281,37.6818],[127.09428,37.68355],[127.09467,37.684],[127.09499,37.68408],[127.09506,37.6841],[127.0954,37.68419],[127.09553,37.68426],[127.09563,37.68432],[127.09586,37.68475],[127.09629,37.68574],[127.09629,37.68579],[127.09632,37.68595],[127.09592,37.68772],[127.09579,37.68886],[127.09558,37.68894],[127.0955,37.68897],[127.09531,37.68904],[127.09495,37.68917],[127.09284,37.68968],[127.09241,37.68971],[127.09233,37.68972],[127.0922,37.68973],[127.08993,37.68989],[127.08959,37.68981],[127.08941,37.68977],[127.08899,37.68976],[127.08624,37.69031],[127.08583,37.69045],[127.08493,37.69084],[127.08364,37.69013],[127.08011,37.68855],[127.07918,37.68848],[127.07853,37.68784],[127.07695,37.68616],[127.07597,37.68434],[127.0752,37.68224],[127.07384,37.67766],[127.0738,37.67729],[127.07362,37.67679],[127.07132,37.67477],[127.07121,37.67471],[127.07115,37.67467],[127.07098,37.67458],[127.07053,37.67435],[127.06905,37.67388],[127.06877,37.674],[127.06771,37.67424],[127.06693,37.67395],[127.06668,37.67385],[127.06656,37.6738],[127.06628,37.67048],[127.07012,37.66795],[127.07094,37.66735],[127.07096,37.66685],[127.07095,37.66663],[127.07094,37.66648],[127.07085,37.66615],[127.07077,37.66589],[127.07073,37.66559],[127.07074,37.66544],[127.07075,37.66537],[127.07081,37.66524],[127.0709,37.6651],[127.07102,37.66494],[127.07107,37.66487],[127.07122,37.66464],[127.0713,37.66453],[127.07133,37.6645],[127.0714,37.66444],[127.07205,37.66403],[127.07249,37.66378],[127.07363,37.66277],[127.07441,37.66149],[127.07481,37.66186],[127.075,37.66203],[127.07527,37.66227],[127.07586,37.66259],[127.07753,37.66241],[127.07767,37.66237],[127.07824,37.66201],[127.07847,37.66186],[127.07853,37.66184],[127.07879,37.6618],[127.0796,37.66191],[127.08321,37.66244],[127.08583,37.66302],[127.0888,37.66372],[127.09062,37.66334],[127.09075,37.66313],[127.09396,37.66257]]]},"properties":{"adm_cd2":"1135066500","adm_nm":"서울특별시 노원구 상계3·4동","sggnm":"노원구"}},
{"type":"Feature","geometry":{"type":"Polygon","coordinates":[[[127.05494,37.64076],[127.05888,37.63763],[127.06013,37.63953],[127.06031,37.64002],[127.06084,37.64147],[127.06089,37.64174],[127.06102,37.64334],[127.06103,37.64387],[127.06106,37.64416],[127.06107,37.64433],[127.0611,37.64465],[127.06114,37.64475],[127.06119,37.6449],[127.06125,37.645],[127.06133,37.64511],[127.06138,37.64518],[127.0614,37.6452],[127.06145,37.64526],[127.06149,37.6453],[127.06577,37.64928],[127.06584,37.64932],[127.06592,37.64938],[127.06617,37.64951],[127.06741,37.65001],[127.0686,37.65048],[127.0674,37.65457],[127.06735,37.65477],[127.0671,37.65563],[127.06701,37.65575],[127.0664,37.65562],[127.06499,37.65532],[127.06445,37.65519],[127.06236,37.65471],[127.06078,37.65436],[127.06043,37.65571],[127.05418,37.65448],[127.05421,37.65302],[127.05422,37.65254],[127.05423,37.65214],[127.05423,37.65204],[127.05424,37.65195],[127.05429,37.65093],[127.05436,37.65041],[127.05441,37.65021],[127.05443,37.65011],[127.05453,37.64967],[127.05463,37.64947],[127.05482,37.6491],[127.05504,37.64867],[127.05521,37.64833],[127.05532,37.64796],[127.05547,37.64747],[127.05558,37.64711],[127.05589,37.64597],[127.05573,37.64531],[127.05507,37.64163],[127.05494,37.64076]]]},"properties":{"adm_cd2":"1135069500","adm_nm":"서울특별시 노원구 상계6·7동","sggnm":"노원구"}},
{"type":"Feature","geometry":{"type":"Polygon","coordinates":[[[127.07077,37.64531],[127.0686,37.65048],[127.06741,37.65001],[127.06617,37.64951],[127.06592,37.64938],[127.06584,37.64932],[127.06577,37.64928],[127.06149,37.6453],[127.06145,37.64526],[127.0614,37.6452],[127.06138,37.64518],[127.06133,37.64511],[127.06125,37.645],[127.06119,37.6449],[127.06114,37.64475],[127.0611,37.64465],[127.06107,37.64433],[127.06106,37.64416],[127.06103,37.64387],[127.06102,37.64334],[127.06089,37.64174],[127.06084,37.64147],[127.06031,37.64002],[127.06013,37.63953],[127.06136,37.63718],[127.0668,37.63868],[127.06936,37.63939],[127.07185,37.6431],[127.07121,37.64441],[127.07077,37.64531]]]},"properties":{"adm_cd2":"1135062500","adm_nm":"서울특별시 노원구 중계2·3동","sggnm":"노원구"}},
{"type":"Feature","geometry":{"type":"Polygon","coordinates":[[[127.08164,37.61925],[127.08103,37.61977],[127.0808,37.61978],[127.08032,37.61989],[127.08016,37.61995],[127.08001,37.62001],[127.07989,37.62006],[127.0797,37.62015],[127.07964,37.62018],[127.07954,37.62023],[127.07931,37.62036],[127.07906,37.62053],[127.07862,37.62092],[127.07856,37.62098],[127.07851,37.62102],[127.07831,37.62126],[127.07815,37.62162],[127.07806,37.62185],[127.07791,37.62238],[127.07785,37.62276],[127.0778,37.6231],[127.07778,37.62322],[127.07776,37.62335],[127.07773,37.62354],[127.07765,37.62404],[127.07763,37.62413],[127.07754,37.62471],[127.07754,37.62474],[127.07752,37.62481],[127.07745,37.62511],[127.07739,37.62528],[127.07735,37.62543],[127.07732,37.6255],[127.07724,37.6257],[127.07719,37.62582],[127.07711,37.62598],[127.07687,37.62646],[127.07683,37.62653],[127.0764,37.62719],[127.07624,37.62741],[127.07621,37.62745],[127.07615,37.62753],[127.0761,37.62758],[127.07597,37.62772],[127.07581,37.6279],[127.07576,37.62796],[127.07573,37.62799],[127.07568,37.62802],[127.07563,37.62807],[127.07549,37.62819],[127.07401,37.62937],[127.07313,37.62998],[127.0721,37.63068],[127.07173,37.63092],[127.0713,37.63108],[127.0703,37.6314],[127.06439,37.63078],[127.06469,37.62929],[127.06484,37.62887],[127.06494,37.62861],[127.06535,37.62819],[127.06716,37.62646],[127.06826,37.62555],[127.07005,37.62355],[127.07083,37.62157],[127.07117,37.61808],[127.07118,37.61732],[127.07119,37.61643],[127.07119,37.61637],[127.0714,37.61563],[127.07585,37.61708],[127.08164,37.61925]]]},"properties":{"adm_cd2":"1135059500","adm_nm":"서울특별시 노원구 공릉1동","sggnm":"노원구"}},
{"type":"Feature","geometry":{"type":"Polygon","coordinates":[[[126.94998,37.60971],[126.94295,37.61016],[126.94214,37.61061],[126.94144,37.61085],[126.94086,37.61083],[126.94063,37.61082],[126.93376,37.60966],[126.9333,37.60957],[126.93284,37.60948],[126.932,37.6092],[126.93192,37.60917],[126.93185,37.60912],[126.93162,37.60897],[126.93139,37.60882],[126.93136,37.6088],[126.93074,37.6085],[126.92973,37.60838],[126.92883,37.60841],[126.9283,37.60862],[126.92803,37.60873],[126.92776,37.60885],[126.9273,37.60904],[126.92707,37.60914],[126.92389,37.60747],[126.92338,37.60709],[126.92335,37.60707],[126.92326,37.60693],[126.92289,37.60632],[126.92063,37.60173],[126.92154,37.60165],[126.9224,37.60158],[126.92244,37.60158],[126.92403,37.60192],[126.92467,37.60205],[126.92517,37.60216],[126.9255,37.60223],[126.92644,37.60242],[126.92746,37.60162],[126.9284,37.6015],[126.92845,37.60149],[126.92853,37.60148],[126.93427,37.60094],[126.93555,37.60084],[126.93584,37.60072],[126.93817,37.5981],[126.9386,37.59759],[126.93893,37.59769],[126.939,37.59771],[126.93934,37.59784],[126.94058,37.5986],[126.94068,37.59867],[126.94092,37.59908],[126.94103,37.59962],[126.94108,37.5999],[126.94121,37.60091],[126.9411,37.60111],[126.94017,37.60183],[126.94044,37.60286],[126.94227,37.60469],[126.94242,37.60482],[126.94249,37.60483],[126.94266,37.60484],[126.94334,37.60483],[126.94411,37.60483],[126.94472,37.60482],[126.94482,37.60482],[126.94492,37.60482],[126.9457,37.60582],[126.94599,37.60636],[126.94634,37.6071],[126.94722,37.6078],[126.94725,37.60778],[126.94745,37.60772],[126.94766,37.60768],[126.9478,37.60768],[126.94783,37.60769],[126.94787,37.6077],[126.94793,37.60773],[126.94797,37.60776],[126.94801,37.6078],[126.94803,37.60783],[126.94806,37.60786],[126.94813,37.6079],[126.9482,37.60792],[126.94827,37.60799],[126.94833,37.60799],[126.94839,37.60798],[126.94871,37.60804],[126.94878,37.60807],[126.94881,37.60807],[126.94899,37.60807],[126.94906,37.60806],[126.94911,37.60803],[126.94914,37.60797],[126.94917,37.60793],[126.94929,37.60778],[126.94936,37.60772],[126.94942,37.60769],[126.94946,37.60769],[126.94952,37.60769],[126.94975,37.60769],[126.94999,37.6077],[126.95005,37.60772],[126.9501,37.60774],[126.95034,37.60785],[126.95038,37.60788],[126.94998,37.60971]]]},"properties":{"adm_cd2":"1138051000","adm_nm":"서울특별시 은평구 녹번동","sggnm":"은평구"}},
{"type":"Feature","geometry":{"type":"Polygon","coordinates":[[[126.95318,37.62517],[126.94933,37.6271],[126.9486,37.6274],[126.94835,37.62742],[126.94813,37.62744],[126.94693,37.62703],[126.9462,37.62678],[126.94289,37.62523],[126.94091,37.6257],[126.94037,37.62497],[126.9401,37.62459],[126.93966,37.62395],[126.93935,37.62324],[126.9389,37.62201],[126.9389,37.6215],[126.93889,37.62115],[126.93884,37.62104],[126.93881,37.62099],[126.93857,37.62075],[126.93833,37.62055],[126.93796,37.62033],[126.93754,37.62016],[126.93689,37.62002],[126.93501,37.62084],[126.93478,37.62099],[126.93485,37.62135],[126.93481,37.62136],[126.93424,37.62156],[126.93387,37.62167],[126.93355,37.62173],[126.92642,37.62133],[126.92598,37.62125],[126.92265,37.61955],[126.92133,37.61887],[126.92191,37.6182],[126.92193,37.61817],[126.92213,37.61795],[126.92216,37.61791],[126.92229,37.61778],[126.92255,37.6175],[126.92259,37.61746],[126.92394,37.61628],[126.92473,37.61572],[126.92507,37.6155],[126.92524,37.61539],[126.92531,37.61534],[126.92573,37.61507],[126.92632,37.61463],[126.92658,37.61438],[126.92677,37.61416],[126.92761,37.61317],[126.92979,37.61057],[126.92989,37.61025],[126.93136,37.6088],[126.93139,37.60882],[126.93162,37.60897],[126.93185,37.60912],[126.93192,37.60917],[126.932,37.6092],[126.93284,37.60948],[126.9333,37.60957],[126.93376,37.60966],[126.94063,37.61082],[126.94086,37.61083],[126.94144,37.61085],[126.94214,37.61061],[126.94295,37.61016],[126.94998,37.60971],[126.95063,37.61096],[126.95085,37.6118],[126.95094,37.61236],[126.95069,37.61489],[126.9504,37.61613],[126.95033,37.61836],[126.95124,37.62279],[126.95172,37.62433],[126.95217,37.62482],[126.95235,37.62489],[126.95318,37.62517]]]},"properties":{"adm_cd2":"1138052000","adm_nm":"서울특별시 은평구 불광1동","sggnm":"은평구"}},
{"type":"Feature","geometry":{"type":"Polygon","coordinates":[[[126.91958,37.62796],[126.91565,37.6307],[126.91547,37.63112],[126.9129,37.63058],[126.91277,37.63056],[126.91261,37.63052],[126.91208,37.63041],[126.91122,37.62962],[126.91081,37.62947],[126.91019,37.62923],[126.90913,37.62905],[126.90881,37.62905],[126.90794,37.62539],[126.91139,37.62257],[126.91227,37.62255],[126.91711,37.61977],[126.92012,37.61846],[126.92133,37.61887],[126.9212,37.61902],[126.92109,37.61917],[126.92054,37.61983],[126.92051,37.61987],[126.92036,37.62016],[126.92006,37.62076],[126.91998,37.6211],[126.91986,37.62158],[126.91986,37.62163],[126.91981,37.62195],[126.91975,37.62239],[126.91979,37.6228],[126.91989,37.62374],[126.91992,37.62408],[126.91995,37.62431],[126.91997,37.62453],[126.91997,37.62457],[126.92003,37.62514],[126.92007,37.62552],[126.92011,37.626],[126.91994,37.62674],[126.91993,37.62679],[126.91991,37.62687],[126.91958,37.62796]]]},"properties":{"adm_cd2":"1138055100","adm_nm":"서울특별시 은평구 갈현1동","sggnm":"은평구"}},
{"type":"Feature","geometry":{"type":"Polygon","coordinates":[[[126.90794,37.62539],[126.90709,37.62475],[126.9066,37.6242],[126.90644,37.62403],[126.9052,37.62002],[126.90524,37.6195],[126.90559,37.61921],[126.90639,37.61776],[126.90661,37.61737],[126.90684,37.61696],[126.90685,37.61694],[126.90782,37.61607],[126.90797,37.61594],[126.90858,37.61548],[126.90886,37.61527],[126.90921,37.61501],[126.90927,37.61497],[126.90933,37.61492],[126.91015,37.61431],[126.91019,37.6143],[126.91057,37.61416],[126.91104,37.61399],[126.91117,37.61394],[126.9116,37.61379],[126.91188,37.61369],[126.91194,37.61367],[126.9121,37.61361],[126.91535,37.61241],[126.91729,37.6113],[126.91752,37.61289],[126.9176,37.61336],[126.91778,37.61441],[126.91807,37.61532],[126.92012,37.61846],[126.91711,37.61977],[126.91227,37.62255],[126.91139,37.62257],[126.90794,37.62539]]]},"properties":{"adm_cd2":"1138055200","adm_nm":"서울특별시 은평구 갈현2동","sggnm":"은평구"}},
{"type":"Feature","geometry":{"type":"Polygon","coordinates":[[[126.90524,37.6195],[126.90339,37.6188],[126.90189,37.61559],[126.90103,37.61246],[126.90115,37.61237],[126.90121,37.61233],[126.90187,37.61],[126.90198,37.60939],[126.90221,37.60709],[126.90171,37.60573],[126.90452,37.60478],[126.9046,37.60477],[126.90464,37.60476],[126.90502,37.60469],[126.90738,37.60495],[126.9075,37.60496],[126.90767,37.60499],[126.9079,37.60504],[126.90947,37.6054],[126.91153,37.60753],[126.91183,37.60752],[126.91525,37.60743],[126.91681,37.6102],[126.91688,37.61033],[126.91711,37.61077],[126.91729,37.6113],[126.91535,37.61241],[126.9121,37.61361],[126.91194,37.61367],[126.91188,37.61369],[126.9116,37.61379],[126.91117,37.61394],[126.91104,37.61399],[126.91057,37.61416],[126.91019,37.6143],[126.91015,37.61431],[126.90933,37.61492],[126.90927,37.61497],[126.90921,37.61501],[126.90886,37.61527],[126.90858,37.61548],[126.90797,37.61594],[126.90782,37.61607],[126.90685,37.61694],[126.90684,37.61696],[126.90661,37.61737],[126.90639,37.61776],[126.90559,37.61921],[126.90524,37.6195]]]},"properties":{"adm_cd2":"1138056000","adm_nm":"서울특별시 은평구 구산동","sggnm":"은평구"}},
{"type":"Feature","geometry":{"type":"Polygon","coordinates":[[[126.93136,37.6088],[126.92989,37.61025],[126.92979,37.61057],[126.92761,37.61317],[126.92677,37.61416],[126.92658,37.61438],[126.92632,37.61463],[126.92573,37.61507],[126.92531,37.61534],[126.92524,37.61539],[126.92507,37.6155],[126.92473,37.61572],[126.92394,37.61628],[126.92259,37.61746],[126.92255,37.6175],[126.92229,37.61778],[126.92216,37.61791],[126.92213,37.61795],[126.92193,37.61817],[126.92191,37.6182],[126.92133,37.61887],[126.92012,37.61846],[126.91807,37.61532],[126.91778,37.61441],[126.9176,37.61336],[126.91752,37.61289],[126.91729,37.6113],[126.92185,37.60748],[126.92289,37.60632],[126.92326,37.60693],[126.92335,37.60707],[126.92338,37.60709],[126.92389,37.60747],[126.92707,37.60914],[126.9273,37.60904],[126.92776,37.60885],[126.92803,37.60873],[126.9283,37.60862],[126.92883,37.60841],[126.92973,37.60838],[126.93074,37.6085],[126.93136,37.6088]]]},"properties":{"adm_cd2":"1138057000","adm_nm":"서울특별시 은평구 대조동","sggnm":"은평구"}},
{"type":"Feature","geometry":{"type":"Polygon","coordinates":[[[126.92063,37.60173],[126.91606,37.59921],[126.91569,37.59708],[126.9191,37.596],[126.92223,37.5969],[126.92257,37.59688],[126.92385,37.59665],[126.92633,37.59562],[126.92607,37.595],[126.92605,37.59479],[126.92605,37.59447],[126.92668,37.59288],[126.9276,37.59232],[126.92842,37.59189],[126.92865,37.59226],[126.92927,37.59303],[126.93038,37.59424],[126.93066,37.59449],[126.93295,37.59603],[126.93366,37.5964],[126.93777,37.59775],[126.9386,37.59759],[126.93817,37.5981],[126.93584,37.60072],[126.93555,37.60084],[126.93427,37.60094],[126.92853,37.60148],[126.92845,37.60149],[126.9284,37.6015],[126.92746,37.60162],[126.92644,37.60242],[126.9255,37.60223],[126.92517,37.60216],[126.92467,37.60205],[126.92403,37.60192],[126.92244,37.60158],[126.9224,37.60158],[126.92154,37.60165],[126.92063,37.60173]]]},"properties":{"adm_cd2":"1138058000","adm_nm":"서울특별시 은평구 응암1동","sggnm":"은평구"}},
{"type":"Feature","geometry":{"type":"Polygon","coordinates":[[[126.9191,37.596],[126.91854,37.59523],[126.91844,37.59509],[126.91821,37.59477],[126.91725,37.59024],[126.91749,37.59021],[126.91783,37.59018],[126.91815,37.59019],[126.91829,37.59021],[126.9184,37.59022],[126.91856,37.59018],[126.91876,37.59013],[126.92087,37.5894],[126.92265,37.58877],[126.92282,37.58562],[126.92358,37.58615],[126.92594,37.58714],[126.92607,37.58717],[126.92654,37.58741],[126.92719,37.58776],[126.92739,37.5879],[126.92812,37.58838],[126.92812,37.58943],[126.92802,37.58972],[126.92788,37.59039],[126.92787,37.59045],[126.92811,37.59119],[126.92816,37.59134],[126.92822,37.59153],[126.92826,37.59165],[126.92842,37.59189],[126.9276,37.59232],[126.92668,37.59288],[126.92605,37.59447],[126.92605,37.59479],[126.92607,37.595],[126.92633,37.59562],[126.92385,37.59665],[126.92257,37.59688],[126.92223,37.5969],[126.9191,37.596]]]},"properties":{"adm_cd2":"1138059000","adm_nm":"서울특별시 은평구 응암2동","sggnm":"은평구"}},
{"type":"Feature","geometry":{"type":"Polygon","coordinates":[[[126.91606,37.59921],[126.91441,37.60013],[126.91363,37.60101],[126.91329,37.60115],[126.91322,37.60117],[126.91032,37.60199],[126.90903,37.60204],[126.90881,37.60204],[126.90856,37.60205],[126.9077,37.60157],[126.90646,37.60211],[126.90208,37.60382],[126.90026,37.60315],[126.90023,37.60203],[126.90048,37.60131],[126.90072,37.601],[126.90087,37.60077],[126.90123,37.60012],[126.90149,37.59937],[126.90142,37.59827],[126.90603,37.59817],[126.90846,37.59684],[126.91255,37.59381],[126.91448,37.5923],[126.91569,37.59708],[126.91606,37.59921]]]},"properties":{"adm_cd2":"1138063100","adm_nm":"서울특별시 은평구 신사1동","sggnm":"은평구"}},
{"type":"Feature","geometry":{"type":"Polygon","coordinates":[[[126.90142,37.59827],[126.90136,37.59618],[126.90056,37.5943],[126.89995,37.59377],[126.89933,37.59324],[126.89899,37.59266],[126.89901,37.59259],[126.89958,37.59046],[126.89978,37.58997],[126.89984,37.58987],[126.90428,37.58832],[126.90547,37.58874],[126.91021,37.58941],[126.91073,37.58928],[126.91269,37.58876],[126.91358,37.58873],[126.91448,37.5923],[126.91255,37.59381],[126.90846,37.59684],[126.90603,37.59817],[126.90142,37.59827]]]},"properties":{"adm_cd2":"1138063200","adm_nm":"서울특별시 은평구 신사2동","sggnm":"은평구"}},
{"type":"Feature","geometry":{"type":"Polygon","coordinates":[[[126.90428,37.58832],[126.90326,37.58786],[126.90298,37.58764],[126.90256,37.58733],[126.90231,37.58692],[126.90166,37.58579],[126.90155,37.58556],[126.90142,37.58507],[126.90138,37.58486],[126.90135,37.58454],[126.9015,37.58415],[126.9016,37.58399],[126.90215,37.58309],[126.90207,37.58067],[126.90159,37.58051],[126.90137,37.58044],[126.90109,37.58035],[126.90011,37.57981],[126.89972,37.57954],[126.8988,37.57876],[126.8982,37.57826],[126.89859,37.57799],[126.90164,37.57592],[126.90282,37.57715],[126.90313,37.57689],[126.90629,37.58012],[126.90985,37.58347],[126.91233,37.58581],[126.91255,37.58602],[126.9127,37.58619],[126.91282,37.58634],[126.91297,37.58664],[126.91305,37.58682],[126.91308,37.58689],[126.91315,37.58703],[126.91358,37.58873],[126.91269,37.58876],[126.91073,37.58928],[126.91021,37.58941],[126.90547,37.58874],[126.90428,37.58832]]]},"properties":{"adm_cd2":"1138064000","adm_nm":"서울특별시 은평구 증산동","sggnm":"은평구"}},
{"type":"Feature","geometry":{"type":"Polygon","coordinates":[[[126.89984,37.58987],[126.89696,37.58862],[126.8914,37.58846],[126.88741,37.58858],[126.88726,37.58859],[126.88632,37.58943],[126.88581,37.59008],[126.88544,37.59109],[126.88622,37.59233],[126.88658,37.59384],[126.88482,37.59339],[126.88432,37.59267],[126.88412,37.59241],[126.88393,37.59218],[126.88338,37.59172],[126.88224,37.59094],[126.88325,37.59006],[126.88698,37.58686],[126.88744,37.58647],[126.88941,37.58482],[126.88965,37.58464],[126.88992,37.58444],[126.88997,37.58441],[126.89023,37.58424],[126.89218,37.58294],[126.89529,37.58146],[126.89623,37.58085],[126.89666,37.58049],[126.89791,37.57917],[126.8982,37.57826],[126.8988,37.57876],[126.89972,37.57954],[126.90011,37.57981],[126.90109,37.58035],[126.90137,37.58044],[126.90159,37.58051],[126.90207,37.58067],[126.90215,37.58309],[126.9016,37.58399],[126.9015,37.58415],[126.90135,37.58454],[126.90138,37.58486],[126.90142,37.58507],[126.90155,37.58556],[126.90166,37.58579],[126.90231,37.58692],[126.90256,37.58733],[126.90298,37.58764],[126.90326,37.58786],[126.90428,37.58832],[126.89984,37.58987]]]},"properties":{"adm_cd2":"1138065000","adm_nm":"서울특별시 은평구 수색동","sggnm":"은평구"}},
{"type":"Feature","geometry":{"type":"Polygon","coordinates":[[[126.97179,37.63229],[126.97087,37.63299],[126.96876,37.63698],[126.96879,37.63705],[126.96886,37.63842],[126.96882,37.63868],[126.96829,37.63932],[126.96501,37.64276],[126.96476,37.64295],[126.96442,37.64307],[126.96173,37.64516],[126.95975,37.64846],[126.95677,37.65265],[126.95634,37.65307],[126.95462,37.65475],[126.95355,37.65502],[126.95258,37.65472],[126.95236,37.65473],[126.95233,37.65473],[126.95207,37.65476],[126.95125,37.65495],[126.95119,37.65499],[126.95116,37.65501],[126.94879,37.65696],[126.94759,37.65835],[126.94745,37.65868],[126.94743,37.65871],[126.94742,37.65874],[126.94731,37.65893],[126.94708,37.65899],[126.94653,37.65891],[126.94632,37.65887],[126.94362,37.65815],[126.94282,37.65788],[126.94255,37.65779],[126.94119,37.65715],[126.94103,37.65706],[126.94039,37.65663],[126.93938,37.6555],[126.93926,37.65534],[126.93897,37.65495],[126.93859,37.65442],[126.9385,37.65416],[126.93704,37.65193],[126.93519,37.65089],[126.93473,37.65064],[126.93449,37.65056],[126.93127,37.65062],[126.9312,37.65063],[126.93039,37.65056],[126.92974,37.6504],[126.92889,37.64996],[126.9287,37.64983],[126.92861,37.64977],[126.92851,37.6497],[126.92794,37.64929],[126.92691,37.64853],[126.92599,37.64786],[126.92567,37.64762],[126.9255,37.6475],[126.92542,37.64744],[126.92522,37.64734],[126.92514,37.64729],[126.92454,37.64696],[126.92336,37.64634],[126.92243,37.64594],[126.92217,37.64585],[126.92209,37.64582],[126.92153,37.64564],[126.92127,37.64556],[126.91419,37.64468],[126.91389,37.64471],[126.91287,37.64506],[126.91237,37.64525],[126.91118,37.6458],[126.90777,37.64763],[126.90527,37.64891],[126.90758,37.64649],[126.91223,37.64438],[126.91247,37.6418],[126.91247,37.64169],[126.9123,37.64143],[126.9121,37.64126],[126.91171,37.64102],[126.91082,37.64016],[126.91023,37.63867],[126.90982,37.63511],[126.90917,37.63478],[126.90748,37.63341],[126.90732,37.63327],[126.90726,37.63321],[126.90723,37.63319],[126.90653,37.63252],[126.90655,37.63205],[126.90663,37.63178],[126.90665,37.63173],[126.90717,37.63058],[126.90742,37.63022],[126.90881,37.62905],[126.90913,37.62905],[126.91019,37.62923],[126.91081,37.62947],[126.91122,37.62962],[126.91208,37.63041],[126.91261,37.63052],[126.91277,37.63056],[126.9129,37.63058],[126.91547,37.63112],[126.91565,37.6307],[126.91958,37.62796],[126.92558,37.62954],[126.92615,37.62955],[126.92623,37.62954],[126.92685,37.62948],[126.92922,37.62838],[126.93192,37.62658],[126.93207,37.62646],[126.93212,37.62644],[126.93218,37.62644],[126.93333,37.62657],[126.93591,37.62639],[126.94039,37.62603],[126.94091,37.6257],[126.94289,37.62523],[126.9462,37.62678],[126.94693,37.62703],[126.94813,37.62744],[126.94835,37.62742],[126.9486,37.6274],[126.94933,37.6271],[126.95318,37.62517],[126.95675,37.62537],[126.95748,37.62617],[126.95954,37.62848],[126.96234,37.62885],[126.96763,37.62981],[126.96834,37.62999],[126.96882,37.6301],[126.96925,37.63022],[126.9702,37.63086],[126.97179,37.63229]]]},"properties":{"adm_cd2":"1138069000","adm_nm":"서울특별시 은평구 진관동","sggnm":"은평구"}},
{"type":"Feature","geometry":{"type":"Polygon","coordinates":[[[126.94091,37.6257],[126.94039,37.62603],[126.93591,37.62639],[126.93333,37.62657],[126.93218,37.62644],[126.93212,37.62644],[126.93207,37.62646],[126.93192,37.62658],[126.92922,37.62838],[126.92685,37.62948],[126.92623,37.62954],[126.92615,37.62955],[126.92558,37.62954],[126.91958,37.62796],[126.91991,37.62687],[126.91993,37.62679],[126.91994,37.62674],[126.92011,37.626],[126.92007,37.62552],[126.92003,37.62514],[126.91997,37.62457],[126.91997,37.62453],[126.91995,37.62431],[126.91992,37.62408],[126.91989,37.62374],[126.91979,37.6228],[126.91975,37.62239],[126.91981,37.62195],[126.91986,37.62163],[126.91986,37.62158],[126.91998,37.6211],[126.92006,37.62076],[126.92036,37.62016],[126.92051,37.61987],[126.92054,37.61983],[126.92109,37.61917],[126.9212,37.61902],[126.92133,37.61887],[126.92265,37.61955],[126.92598,37.62125],[126.92642,37.62133],[126.93355,37.62173],[126.93387,37.62167],[126.93424,37.62156],[126.93481,37.62136],[126.93485,37.62135],[126.93478,37.62099],[126.93501,37.62084],[126.93689,37.62002],[126.93754,37.62016],[126.93796,37.62033],[126.93833,37.62055],[126.93857,37.62075],[126.93881,37.62099],[126.93884,37.62104],[126.93889,37.62115],[126.9389,37.6215],[126.9389,37.62201],[126.93935,37.62324],[126.93966,37.62395],[126.9401,37.62459],[126.94037,37.62497],[126.94091,37.6257]]]},"properties":{"adm_cd2":"1138053000","adm_nm":"서울특별시 은평구 불광2동","sggnm":"은평구"}},
{"type":"Feature","geometry":{"type":"Polygon","coordinates":[[[126.91569,37.59708],[126.91448,37.5923],[126.91358,37.58873],[126.91315,37.58703],[126.91544,37.58549],[126.91564,37.58412],[126.91583,37.58314],[126.91592,37.58314],[126.91612,37.58314],[126.91677,37.58324],[126.91891,37.58341],[126.91937,37.58338],[126.91968,37.58333],[126.92081,37.58291],[126.92302,37.585],[126.92282,37.58562],[126.92265,37.58877],[126.92087,37.5894],[126.91876,37.59013],[126.91856,37.59018],[126.9184,37.59022],[126.91829,37.59021],[126.91815,37.59019],[126.91783,37.59018],[126.91749,37.59021],[126.91725,37.59024],[126.91821,37.59477],[126.91844,37.59509],[126.91854,37.59523],[126.9191,37.596],[126.91569,37.59708]]]},"properties":{"adm_cd2":"1138060000","adm_nm":"서울특별시 은평구 응암3동","sggnm":"은평구"}},
{"type":"Feature","geometry":{"type":"Polygon","coordinates":[[[126.92289,37.60632],[126.92185,37.60748],[126.91729,37.6113],[126.91711,37.61077],[126.91688,37.61033],[126.91681,37.6102],[126.91525,37.60743],[126.91183,37.60752],[126.91153,37.60753],[126.90947,37.6054],[126.9079,37.60504],[126.90767,37.60499],[126.9075,37.60496],[126.90738,37.60495],[126.90502,37.60469],[126.90464,37.60476],[126.9046,37.60477],[126.90452,37.60478],[126.90171,37.60573],[126.90208,37.60382],[126.90646,37.60211],[126.9077,37.60157],[126.90856,37.60205],[126.90881,37.60204],[126.90903,37.60204],[126.91032,37.60199],[126.91322,37.60117],[126.91329,37.60115],[126.91363,37.60101],[126.91441,37.60013],[126.91606,37.59921],[126.92063,37.60173],[126.92289,37.60632]]]},"properties":{"adm_cd2":"1138062500","adm_nm":"서울특별시 은평구 역촌동","sggnm":"은평구"}},
{"type":"Feature","geometry":{"type":"Polygon","coordinates":[[[126.95392,37.57849],[126.95376,37.57848],[126.95329,37.57838],[126.95288,37.57823],[126.95281,37.57815],[126.95279,37.57813],[126.95264,37.57795],[126.95222,37.57743],[126.95078,37.57489],[126.95082,37.57388],[126.95178,37.57173],[126.95369,37.57053],[126.95367,37.56934],[126.95641,37.56678],[126.95894,37.56554],[126.96254,37.5659],[126.96258,37.56597],[126.96274,37.56617],[126.96295,37.56625],[126.96341,37.56634],[126.96551,37.56667],[126.96581,37.56667],[126.9619,37.57065],[126.95957,37.57296],[126.95392,37.57849]]]},"properties":{"adm_cd2":"1141052000","adm_nm":"서울특별시 서대문구 천연동","sggnm":"서대문구"}},
{"type":"Feature","geometry":{"type":"Polygon","coordinates":[[[126.95356,37.57888],[126.9521,37.5803],[126.94966,37.58356],[126.94944,37.58379],[126.94925,37.584],[126.94913,37.58412],[126.94828,37.58498],[126.94548,37.58768],[126.94545,37.5877],[126.94498,37.58808],[126.94475,37.58816],[126.94184,37.59093],[126.94145,37.5914],[126.94121,37.5913],[126.94105,37.59122],[126.94099,37.59119],[126.94082,37.5911],[126.94072,37.59104],[126.94066,37.59101],[126.9406,37.59098],[126.94046,37.59089],[126.93954,37.59035],[126.93945,37.59029],[126.93779,37.58931],[126.93762,37.58921],[126.93747,37.58911],[126.93723,37.58896],[126.93716,37.58891],[126.93704,37.58883],[126.93693,37.58876],[126.9368,37.58867],[126.93674,37.58862],[126.93667,37.58856],[126.93661,37.58851],[126.93656,37.58847],[126.9365,37.58843],[126.93645,37.58838],[126.93637,37.58831],[126.93628,37.58822],[126.93619,37.58813],[126.93612,37.58806],[126.9361,37.58804],[126.93605,37.58798],[126.93602,37.58795],[126.93589,37.58778],[126.93582,37.58768],[126.93573,37.58753],[126.93566,37.58741],[126.93561,37.58731],[126.93556,37.5872],[126.93554,37.58713],[126.9355,37.58704],[126.93547,37.58693],[126.93543,37.58682],[126.93541,37.5867],[126.93538,37.58656],[126.93538,37.58653],[126.93537,37.58645],[126.93536,37.58638],[126.93536,37.58635],[126.93536,37.58613],[126.93536,37.58606],[126.93536,37.58601],[126.93538,37.58591],[126.93539,37.58584],[126.9354,37.58576],[126.93543,37.58559],[126.93545,37.5855],[126.93548,37.58541],[126.93551,37.58531],[126.93554,37.58524],[126.93555,37.5852],[126.93558,37.58513],[126.93569,37.5849],[126.93573,37.5848],[126.93581,37.58466],[126.93587,37.58454],[126.93592,37.58445],[126.93597,37.58437],[126.93606,37.58423],[126.93631,37.58385],[126.93637,37.58375],[126.93694,37.58289],[126.93719,37.58254],[126.94084,37.58391],[126.94187,37.58083],[126.94471,37.57746],[126.94513,37.5772],[126.94591,37.57695],[126.94675,37.57681],[126.94752,37.57612],[126.94895,37.57572],[126.94904,37.57565],[126.94906,37.57559],[126.94908,37.57552],[126.94905,37.57465],[126.94879,37.574],[126.94858,37.57386],[126.94854,37.57383],[126.94789,37.57328],[126.94786,37.57325],[126.94784,37.57322],[126.94781,37.57316],[126.94772,37.57298],[126.94767,37.57279],[126.94894,37.56944],[126.94969,37.56846],[126.95367,37.56934],[126.95369,37.57053],[126.95178,37.57173],[126.95082,37.57388],[126.95078,37.57489],[126.95222,37.57743],[126.95264,37.57795],[126.95279,37.57813],[126.95281,37.57815],[126.95288,37.57823],[126.95329,37.57838],[126.95376,37.57848],[126.95392,37.57849],[126.95356,37.57888]]]},"properties":{"adm_cd2":"1141062000","adm_nm":"서울특별시 서대문구 홍제1동","sggnm":"서대문구"}},
{"type":"Feature","geometry":{"type":"Polygon","coordinates":[[[126.9563,37.59566],[126.95139,37.5957],[126.95041,37.59731],[126.9502,37.59764],[126.95006,37.59786],[126.95003,37.59788],[126.94984,37.59805],[126.94969,37.59813],[126.94947,37.59822],[126.94912,37.59833],[126.94866,37.59845],[126.94836,37.59851],[126.94802,37.59853],[126.94766,37.59852],[126.94755,37.59851],[126.9475,37.5985],[126.94737,37.59847],[126.94716,37.59836],[126.94714,37.59834],[126.94711,37.59831],[126.94694,37.59814],[126.94691,37.59811],[126.94684,37.59795],[126.94677,37.5978],[126.94674,37.59774],[126.94662,37.59743],[126.94657,37.59728],[126.94654,37.59716],[126.94651,37.59707],[126.94651,37.59702],[126.94649,37.59668],[126.9466,37.59633],[126.94679,37.59603],[126.94702,37.59567],[126.94711,37.59552],[126.94721,37.5952],[126.94724,37.5949],[126.94722,37.59483],[126.9472,37.59468],[126.94706,37.5945],[126.94703,37.59447],[126.94695,37.59437],[126.94467,37.59181],[126.94458,37.59177],[126.94452,37.59175],[126.94293,37.59126],[126.94249,37.59113],[126.94184,37.59093],[126.94475,37.58816],[126.94498,37.58808],[126.94548,37.58853],[126.94564,37.58864],[126.94568,37.58865],[126.94594,37.58874],[126.94636,37.58888],[126.94657,37.58894],[126.95099,37.5893],[126.95143,37.58915],[126.95182,37.58882],[126.95689,37.58542],[126.95717,37.58647],[126.95747,37.5876],[126.95793,37.58879],[126.95751,37.59267],[126.95725,37.59314],[126.95677,37.59401],[126.9565,37.59471],[126.95633,37.59515],[126.95631,37.59548],[126.95631,37.59554],[126.9563,37.59566]]]},"properties":{"adm_cd2":"1141064000","adm_nm":"서울특별시 서대문구 홍제3동","sggnm":"서대문구"}},
{"type":"Feature","geometry":{"type":"Polygon","coordinates":[[[126.95689,37.58542],[126.95182,37.58882],[126.95143,37.58915],[126.95099,37.5893],[126.94657,37.58894],[126.94636,37.58888],[126.94594,37.58874],[126.94568,37.58865],[126.94564,37.58864],[126.94548,37.58853],[126.94498,37.58808],[126.94545,37.5877],[126.94548,37.58768],[126.94828,37.58498],[126.94913,37.58412],[126.94925,37.584],[126.94944,37.58379],[126.94966,37.58356],[126.9521,37.5803],[126.95356,37.57888],[126.95416,37.5789],[126.95481,37.57892],[126.95495,37.57893],[126.95546,37.57897],[126.95556,37.57909],[126.95575,37.5793],[126.95577,37.58002],[126.95577,37.58005],[126.95579,37.58073],[126.95646,37.58128],[126.957,37.58158],[126.95712,37.58162],[126.95827,37.5817],[126.95878,37.58162],[126.96067,37.5808],[126.9579,37.58381],[126.95689,37.58542]]]},"properties":{"adm_cd2":"1141065500","adm_nm":"서울특별시 서대문구 홍제2동","sggnm":"서대문구"}},
{"type":"Feature","geometry":{"type":"Polygon","coordinates":[[[126.95338,37.60537],[126.95312,37.6056],[126.95074,37.60832],[126.95038,37.60788],[126.95034,37.60785],[126.9501,37.60774],[126.95005,37.60772],[126.94999,37.6077],[126.94975,37.60769],[126.94952,37.60769],[126.94946,37.60769],[126.94942,37.60769],[126.94936,37.60772],[126.94929,37.60778],[126.94917,37.60793],[126.94914,37.60797],[126.94911,37.60803],[126.94906,37.60806],[126.94899,37.60807],[126.94881,37.60807],[126.94878,37.60807],[126.94871,37.60804],[126.94839,37.60798],[126.94833,37.60799],[126.94827,37.60799],[126.9482,37.60792],[126.94813,37.6079],[126.94806,37.60786],[126.94803,37.60783],[126.94801,37.6078],[126.94797,37.60776],[126.94793,37.60773],[126.94787,37.6077],[126.94783,37.60769],[126.9478,37.60768],[126.94766,37.60768],[126.94745,37.60772],[126.94725,37.60778],[126.94722,37.6078],[126.94634,37.6071],[126.94599,37.60636],[126.9457,37.60582],[126.94492,37.60482],[126.94482,37.60482],[126.94472,37.60482],[126.94411,37.60483],[126.94334,37.60483],[126.94266,37.60484],[126.94249,37.60483],[126.94242,37.60482],[126.94227,37.60469],[126.94044,37.60286],[126.94017,37.60183],[126.9411,37.60111],[126.94121,37.60091],[126.94108,37.5999],[126.94103,37.59962],[126.94092,37.59908],[126.94068,37.59867],[126.94058,37.5986],[126.93934,37.59784],[126.939,37.59771],[126.93893,37.59769],[126.9386,37.59759],[126.93899,37.59663],[126.93938,37.59602],[126.93999,37.59538],[126.94002,37.59535],[126.94005,37.59532],[126.94046,37.59492],[126.94064,37.59466],[126.94087,37.59434],[126.94096,37.59396],[126.94145,37.5914],[126.94184,37.59093],[126.94249,37.59113],[126.94293,37.59126],[126.94452,37.59175],[126.94458,37.59177],[126.94467,37.59181],[126.94695,37.59437],[126.94703,37.59447],[126.94706,37.5945],[126.9472,37.59468],[126.94722,37.59483],[126.94724,37.5949],[126.94721,37.5952],[126.94711,37.59552],[126.94702,37.59567],[126.94679,37.59603],[126.9466,37.59633],[126.94649,37.59668],[126.94651,37.59702],[126.94651,37.59707],[126.94654,37.59716],[126.94657,37.59728],[126.94662,37.59743],[126.94674,37.59774],[126.94677,37.5978],[126.94684,37.59795],[126.94691,37.59811],[126.94694,37.59814],[126.94711,37.59831],[126.94714,37.59834],[126.94716,37.59836],[126.94737,37.59847],[126.9475,37.5985],[126.94755,37.59851],[126.94766,37.59852],[126.94802,37.59853],[126.94836,37.59851],[126.94866,37.59845],[126.94912,37.59833],[126.94947,37.59822],[126.94969,37.59813],[126.94984,37.59805],[126.95003,37.59788],[126.95006,37.59786],[126.9502,37.59764],[126.95041,37.59731],[126.95139,37.5957],[126.9563,37.59566],[126.95661,37.59654],[126.95695,37.59762],[126.95698,37.59772],[126.95704,37.59791],[126.95715,37.59824],[126.95714,37.59839],[126.9571,37.59846],[126.95705,37.59855],[126.95697,37.59861],[126.95688,37.59863],[126.95673,37.59866],[126.95635,37.59866],[126.95621,37.5986],[126.95612,37.59855],[126.95613,37.59852],[126.95613,37.59846],[126.95552,37.59848],[126.95409,37.59855],[126.95397,37.59867],[126.95394,37.5987],[126.95383,37.59881],[126.95351,37.59912],[126.95275,37.60041],[126.95276,37.60128],[126.95277,37.60144],[126.95278,37.60221],[126.95278,37.60226],[126.9528,37.60269],[126.95288,37.60279],[126.95301,37.60287],[126.95308,37.60291],[126.9532,37.60301],[126.95326,37.6032],[126.95351,37.60427],[126.95354,37.60449],[126.95354,37.60457],[126.95354,37.60462],[126.95344,37.60517],[126.95338,37.60537]]]},"properties":{"adm_cd2":"1141066000","adm_nm":"서울특별시 서대문구 홍은1동","sggnm":"서대문구"}},
{"type":"Feature","geometry":{"type":"Polygon","coordinates":[[[126.92842,37.59189],[126.92826,37.59165],[126.92822,37.59153],[126.92816,37.59134],[126.92811,37.59119],[126.92787,37.59045],[126.92788,37.59039],[126.92802,37.58972],[126.92812,37.58943],[126.92812,37.58838],[126.92739,37.5879],[126.92719,37.58776],[126.92654,37.58741],[126.92607,37.58717],[126.92594,37.58714],[126.92358,37.58615],[126.92282,37.58562],[126.92302,37.585],[126.92321,37.58428],[126.92393,37.58387],[126.92415,37.58353],[126.92417,37.5835],[126.92423,37.5834],[126.92428,37.5833],[126.92431,37.58324],[126.92462,37.58257],[126.9245,37.58185],[126.9252,37.5795],[126.92566,37.5787],[126.92682,37.57674],[126.92703,37.57638],[126.92708,37.57631],[126.92731,37.57594],[126.92783,37.57621],[126.92809,37.57634],[126.92992,37.5773],[126.93041,37.57755],[126.93045,37.57757],[126.9321,37.57841],[126.93326,37.5789],[126.93331,37.57892],[126.93437,37.57928],[126.93524,37.57959],[126.93549,37.57968],[126.93663,37.58015],[126.93705,37.58041],[126.93739,37.58065],[126.9375,37.58077],[126.93759,37.58089],[126.93771,37.5811],[126.93782,37.58137],[126.9379,37.58162],[126.93781,37.58185],[126.93757,37.58223],[126.93748,37.58235],[126.93719,37.58254],[126.93694,37.58289],[126.93637,37.58375],[126.93631,37.58385],[126.93606,37.58423],[126.93597,37.58437],[126.93592,37.58445],[126.93587,37.58454],[126.93581,37.58466],[126.93573,37.5848],[126.93569,37.5849],[126.93558,37.58513],[126.93555,37.5852],[126.93554,37.58524],[126.93551,37.58531],[126.93548,37.58541],[126.93545,37.5855],[126.93543,37.58559],[126.9354,37.58576],[126.93539,37.58584],[126.93538,37.58591],[126.93536,37.58601],[126.93536,37.58606],[126.93536,37.58613],[126.93536,37.58635],[126.93536,37.58638],[126.93537,37.58645],[126.93538,37.58653],[126.93538,37.58656],[126.93541,37.5867],[126.93543,37.58682],[126.93547,37.58693],[126.9355,37.58704],[126.93554,37.58713],[126.93556,37.5872],[126.93561,37.58731],[126.93566,37.58741],[126.93573,37.58753],[126.93582,37.58768],[126.93589,37.58778],[126.93602,37.58795],[126.93605,37.58798],[126.9361,37.58804],[126.93612,37.58806],[126.93619,37.58813],[126.93628,37.58822],[126.93637,37.58831],[126.93645,37.58838],[126.9365,37.58843],[126.93656,37.58847],[126.93661,37.58851],[126.93667,37.58856],[126.93674,37.58862],[126.9368,37.58867],[126.93693,37.58876],[126.93704,37.58883],[126.93716,37.58891],[126.93723,37.58896],[126.93747,37.58911],[126.93762,37.58921],[126.93779,37.58931],[126.93945,37.59029],[126.93954,37.59035],[126.94046,37.59089],[126.9406,37.59098],[126.94066,37.59101],[126.94072,37.59104],[126.94082,37.5911],[126.94099,37.59119],[126.94105,37.59122],[126.94121,37.5913],[126.94145,37.5914],[126.94096,37.59396],[126.94087,37.59434],[126.94064,37.59466],[126.94046,37.59492],[126.94005,37.59532],[126.94002,37.59535],[126.93999,37.59538],[126.93938,37.59602],[126.93899,37.59663],[126.9386,37.59759],[126.93777,37.59775],[126.93366,37.5964],[126.93295,37.59603],[126.93066,37.59449],[126.93038,37.59424],[126.92927,37.59303],[126.92865,37.59226],[126.92842,37.59189]]]},"properties":{"adm_cd2":"1141068500","adm_nm":"서울특별시 서대문구 홍은2동","sggnm":"서대문구"}},
{"type":"Feature","geometry":{"type":"Polygon","coordinates":[[[126.92189,37.57191],[126.91702,37.57504],[126.91513,37.57516],[126.91325,37.57375],[126.9114,37.57258],[126.91128,37.57218],[126.91172,37.5705],[126.91181,37.57028],[126.91685,37.56789],[126.92189,37.57191]]]},"properties":{"adm_cd2":"1141069000","adm_nm":"서울특별시 서대문구 남가좌1동","sggnm":"서대문구"}},
{"type":"Feature","geometry":{"type":"Polygon","coordinates":[[[126.92081,37.58291],[126.92092,37.58278],[126.92106,37.58259],[126.92112,37.58246],[126.92152,37.58103],[126.92153,37.58088],[126.91903,37.58056],[126.9181,37.58048],[126.91556,37.57839],[126.91497,37.57626],[126.91453,37.57524],[126.91513,37.57516],[126.91702,37.57504],[126.92189,37.57191],[126.92731,37.57594],[126.92708,37.57631],[126.92703,37.57638],[126.92682,37.57674],[126.92566,37.5787],[126.9252,37.5795],[126.9245,37.58185],[126.92462,37.58257],[126.92431,37.58324],[126.92428,37.5833],[126.92423,37.5834],[126.92417,37.5835],[126.92415,37.58353],[126.92393,37.58387],[126.92321,37.58428],[126.92302,37.585],[126.92081,37.58291]]]},"properties":{"adm_cd2":"1141070000","adm_nm":"서울특별시 서대문구 남가좌2동","sggnm":"서대문구"}},
{"type":"Feature","geometry":{"type":"Polygon","coordinates":[[[126.90313,37.57689],[126.90161,37.57546],[126.90478,37.57339],[126.91181,37.57028],[126.91172,37.5705],[126.91128,37.57218],[126.9114,37.57258],[126.91325,37.57375],[126.91513,37.57516],[126.91453,37.57524],[126.91329,37.57539],[126.91278,37.57556],[126.91133,37.57662],[126.91126,37.57668],[126.91089,37.57697],[126.91069,37.57712],[126.91012,37.57756],[126.90749,37.57934],[126.90629,37.58012],[126.90313,37.57689]]]},"properties":{"adm_cd2":"1141071000","adm_nm":"서울특별시 서대문구 북가좌1동","sggnm":"서대문구"}},
{"type":"Feature","geometry":{"type":"Polygon","coordinates":[[[126.90629,37.58012],[126.90749,37.57934],[126.91012,37.57756],[126.91069,37.57712],[126.91089,37.57697],[126.91126,37.57668],[126.91133,37.57662],[126.91278,37.57556],[126.91329,37.57539],[126.91453,37.57524],[126.91497,37.57626],[126.91556,37.57839],[126.9181,37.58048],[126.91903,37.58056],[126.92153,37.58088],[126.92152,37.58103],[126.92112,37.58246],[126.92106,37.58259],[126.92092,37.58278],[126.92081,37.58291],[126.91968,37.58333],[126.91937,37.58338],[126.91891,37.58341],[126.91677,37.58324],[126.91612,37.58314],[126.91592,37.58314],[126.91583,37.58314],[126.91564,37.58412],[126.91544,37.58549],[126.91315,37.58703],[126.91308,37.58689],[126.91305,37.58682],[126.91297,37.58664],[126.91282,37.58634],[126.9127,37.58619],[126.91255,37.58602],[126.91233,37.58581],[126.90985,37.58347],[126.90629,37.58012]]]},"properties":{"adm_cd2":"1141072000","adm_nm":"서울특별시 서대문구 북가좌2동","sggnm":"서대문구"}},
{"type":"Feature","geometry":{"type":"Polygon","coordinates":[[[126.96581,37.56667],[126.96551,37.56667],[126.96341,37.56634],[126.96295,37.56625],[126.96274,37.56617],[126.96258,37.56597],[126.96254,37.5659],[126.95894,37.56554],[126.95641,37.56678],[126.95367,37.56934],[126.94969,37.56846],[126.95,37.56648],[126.94968,37.56613],[126.94922,37.56516],[126.94951,37.56053],[126.9496,37.5602],[126.94986,37.55981],[126.95068,37.56026],[126.95253,37.56094],[126.95343,37.56115],[126.95547,37.56146],[126.95805,37.56186],[126.95819,37.56188],[126.95923,37.56197],[126.95929,37.56188],[126.96207,37.55926],[126.96361,37.55931],[126.96366,37.55932],[126.96371,37.55934],[126.96376,37.55935],[126.96387,37.55941],[126.96418,37.55957],[126.96433,37.55965],[126.96524,37.56017],[126.96554,37.56038],[126.96619,37.56085],[126.96654,37.56108],[126.96661,37.56113],[126.9669,37.56131],[126.96738,37.5615],[126.96792,37.56164],[126.96808,37.56168],[126.9689,37.56186],[126.96959,37.56201],[126.96677,37.56579],[126.96581,37.56667]]]},"properties":{"adm_cd2":"1141056500","adm_nm":"서울특별시 서대문구 충현동","sggnm":"서대문구"}},
{"type":"Feature","geometry":{"type":"Polygon","coordinates":[[[126.96207,37.55926],[126.95929,37.56188],[126.95923,37.56197],[126.95819,37.56188],[126.95805,37.56186],[126.95547,37.56146],[126.95343,37.56115],[126.95253,37.56094],[126.95068,37.56026],[126.94986,37.55981],[126.94885,37.55697],[126.95195,37.55713],[126.95201,37.55713],[126.95321,37.55722],[126.95432,37.5573],[126.95498,37.55743],[126.9553,37.55744],[126.95621,37.55746],[126.95684,37.55748],[126.95707,37.55748],[126.95849,37.55724],[126.95868,37.55684],[126.95871,37.55666],[126.96148,37.55885],[126.96207,37.55926]]]},"properties":{"adm_cd2":"1141055500","adm_nm":"서울특별시 서대문구 북아현동","sggnm":"서대문구"}},
{"type":"Feature","geometry":{"type":"Polygon","coordinates":[[[126.94675,37.57681],[126.94657,37.5768],[126.94563,37.57672],[126.94474,37.5766],[126.94393,37.57533],[126.94353,37.57468],[126.94349,37.57454],[126.94343,37.57419],[126.94344,37.57402],[126.94349,37.57349],[126.94353,37.57343],[126.9437,37.57324],[126.94375,37.57323],[126.94378,37.57321],[126.94392,37.57308],[126.94397,37.57297],[126.94401,37.57281],[126.94403,37.57264],[126.94404,37.57218],[126.94351,37.57107],[126.94346,37.571],[126.94336,37.5709],[126.94265,37.57032],[126.94135,37.5701],[126.93931,37.56941],[126.93888,37.56917],[126.93723,37.56816],[126.93447,37.56623],[126.93365,37.5646],[126.93306,37.56312],[126.93142,37.56124],[126.93117,37.56109],[126.93082,37.56096],[126.92957,37.56092],[126.92848,37.56099],[126.92841,37.56102],[126.92834,37.56106],[126.92813,37.56119],[126.9272,37.56183],[126.92714,37.56175],[126.92668,37.56058],[126.92649,37.5592],[126.92663,37.55883],[126.92686,37.55874],[126.92701,37.55867],[126.92712,37.55863],[126.93,37.55756],[126.93511,37.55567],[126.93644,37.5552],[126.93673,37.55511],[126.93687,37.5551],[126.94025,37.55619],[126.94105,37.55644],[126.94469,37.55684],[126.9468,37.55696],[126.94681,37.55691],[126.94681,37.55685],[126.94885,37.55697],[126.94986,37.55981],[126.9496,37.5602],[126.94951,37.56053],[126.94922,37.56516],[126.94968,37.56613],[126.95,37.56648],[126.94969,37.56846],[126.94894,37.56944],[126.94767,37.57279],[126.94772,37.57298],[126.94781,37.57316],[126.94784,37.57322],[126.94786,37.57325],[126.94789,37.57328],[126.94854,37.57383],[126.94858,37.57386],[126.94879,37.574],[126.94905,37.57465],[126.94908,37.57552],[126.94906,37.57559],[126.94904,37.57565],[126.94895,37.57572],[126.94752,37.57612],[126.94675,37.57681]]]},"properties":{"adm_cd2":"1141058500","adm_nm":"서울특별시 서대문구 신촌동","sggnm":"서대문구"}},
{"type":"Feature","geometry":{"type":"Polygon","coordinates":[[[126.93719,37.58254],[126.93748,37.58235],[126.93757,37.58223],[126.93781,37.58185],[126.9379,37.58162],[126.93782,37.58137],[126.93771,37.5811],[126.93759,37.58089],[126.9375,37.58077],[126.93739,37.58065],[126.93705,37.58041],[126.93663,37.58015],[126.93549,37.57968],[126.93524,37.57959],[126.93437,37.57928],[126.93331,37.57892],[126.93326,37.5789],[126.9321,37.57841],[126.93045,37.57757],[126.93041,37.57755],[126.92992,37.5773],[126.92809,37.57634],[126.92783,37.57621],[126.92731,37.57594],[126.92189,37.57191],[126.91685,37.56789],[126.91774,37.56744],[126.92474,37.56573],[126.92513,37.56556],[126.92569,37.56529],[126.92582,37.56522],[126.92596,37.56514],[126.92614,37.56503],[126.9263,37.56492],[126.92682,37.56452],[126.92696,37.56442],[126.92825,37.56334],[126.92815,37.5632],[126.92812,37.56315],[126.92748,37.56223],[126.9272,37.56183],[126.92813,37.56119],[126.92834,37.56106],[126.92841,37.56102],[126.92848,37.56099],[126.92957,37.56092],[126.93082,37.56096],[126.93117,37.56109],[126.93142,37.56124],[126.93306,37.56312],[126.93365,37.5646],[126.93447,37.56623],[126.93723,37.56816],[126.93888,37.56917],[126.93931,37.56941],[126.94135,37.5701],[126.94265,37.57032],[126.94336,37.5709],[126.94346,37.571],[126.94351,37.57107],[126.94404,37.57218],[126.94403,37.57264],[126.94401,37.57281],[126.94397,37.57297],[126.94392,37.57308],[126.94378,37.57321],[126.94375,37.57323],[126.9437,37.57324],[126.94353,37.57343],[126.94349,37.57349],[126.94344,37.57402],[126.94343,37.57419],[126.94349,37.57454],[126.94353,37.57468],[126.94393,37.57533],[126.94474,37.5766],[126.94563,37.57672],[126.94657,37.5768],[126.94675,37.57681],[126.94591,37.57695],[126.94513,37.5772],[126.94471,37.57746],[126.94187,37.58083],[126.94084,37.58391],[126.93719,37.58254]]]},"properties":{"adm_cd2":"1141061500","adm_nm":"서울특별시 서대문구 연희동","sggnm":"서대문구"}},
{"type":"Feature","geometry":{"type":"Polygon","coordinates":[[[126.94453,37.54515],[126.94073,37.54661],[126.93877,37.54429],[126.93706,37.54216],[126.93663,37.5414],[126.93582,37.539],[126.94121,37.53645],[126.94375,37.53798],[126.94917,37.54184],[126.94977,37.54237],[126.9507,37.5434],[126.95064,37.54342],[126.94968,37.54382],[126.94923,37.54331],[126.94781,37.54336],[126.94552,37.54449],[126.94505,37.54479],[126.94495,37.54486],[126.9448,37.54496],[126.94476,37.54499],[126.94453,37.54515]]]},"properties":{"adm_cd2":"1144059000","adm_nm":"서울특별시 마포구 용강동","sggnm":"마포구"}},
{"type":"Feature","geometry":{"type":"Polygon","coordinates":[[[126.93687,37.5551],[126.93408,37.55342],[126.93372,37.55311],[126.93406,37.55261],[126.93461,37.55226],[126.93537,37.55178],[126.93574,37.55165],[126.936,37.55155],[126.9361,37.55152],[126.93649,37.55137],[126.93666,37.55127],[126.93704,37.55103],[126.93746,37.55065],[126.93991,37.54763],[126.93987,37.54738],[126.94073,37.54661],[126.94453,37.54515],[126.94377,37.54684],[126.94375,37.54694],[126.94374,37.54697],[126.94372,37.54706],[126.94375,37.54743],[126.94469,37.54915],[126.94484,37.54937],[126.9449,37.54944],[126.94494,37.54948],[126.94503,37.54952],[126.94507,37.54954],[126.94517,37.54953],[126.94527,37.54952],[126.94667,37.55306],[126.94656,37.55388],[126.9465,37.55674],[126.94681,37.55685],[126.94681,37.55691],[126.9468,37.55696],[126.94469,37.55684],[126.94105,37.55644],[126.94025,37.55619],[126.93687,37.5551]]]},"properties":{"adm_cd2":"1144060000","adm_nm":"서울특별시 마포구 대흥동","sggnm":"마포구"}},
{"type":"Feature","geometry":{"type":"Polygon","coordinates":[[[126.94681,37.55685],[126.9465,37.55674],[126.94656,37.55388],[126.94667,37.55306],[126.94527,37.54952],[126.94517,37.54953],[126.94507,37.54954],[126.94503,37.54952],[126.94494,37.54948],[126.9449,37.54944],[126.94484,37.54937],[126.94469,37.54915],[126.94375,37.54743],[126.94372,37.54706],[126.94374,37.54697],[126.94375,37.54694],[126.94377,37.54684],[126.94453,37.54515],[126.94476,37.54499],[126.9448,37.54496],[126.94495,37.54486],[126.94505,37.54479],[126.94552,37.54449],[126.94781,37.54336],[126.94923,37.54331],[126.94968,37.54382],[126.94788,37.54464],[126.94777,37.54537],[126.94804,37.54555],[126.94848,37.54595],[126.94998,37.54763],[126.95059,37.55232],[126.9506,37.55249],[126.95061,37.55255],[126.95065,37.55297],[126.95041,37.55397],[126.94963,37.55502],[126.94876,37.55543],[126.94885,37.55697],[126.94681,37.55685]]]},"properties":{"adm_cd2":"1144061000","adm_nm":"서울특별시 마포구 염리동","sggnm":"마포구"}},
{"type":"Feature","geometry":{"type":"Polygon","coordinates":[[[126.94073,37.54661],[126.93987,37.54738],[126.93991,37.54763],[126.93746,37.55065],[126.93704,37.55103],[126.93666,37.55127],[126.93649,37.55137],[126.9361,37.55152],[126.936,37.55155],[126.93574,37.55165],[126.93537,37.55178],[126.93461,37.55226],[126.93406,37.55261],[126.93372,37.55311],[126.93296,37.55148],[126.93296,37.55004],[126.93296,37.54999],[126.9329,37.54932],[126.93263,37.5476],[126.93258,37.54733],[126.93192,37.54551],[126.9319,37.54546],[126.93145,37.54513],[126.93138,37.54509],[126.93036,37.54514],[126.928,37.5415],[126.93026,37.54132],[126.93582,37.539],[126.93663,37.5414],[126.93706,37.54216],[126.93877,37.54429],[126.94073,37.54661]]]},"properties":{"adm_cd2":"1144063000","adm_nm":"서울특별시 마포구 신수동","sggnm":"마포구"}},
{"type":"Feature","geometry":{"type":"Polygon","coordinates":[[[126.92714,37.56175],[126.92625,37.56122],[126.92161,37.55947],[126.91878,37.55754],[126.91783,37.55859],[126.9176,37.55884],[126.91701,37.5586],[126.91665,37.55846],[126.91643,37.55837],[126.91624,37.55832],[126.9162,37.55831],[126.91617,37.5583],[126.91576,37.55825],[126.91542,37.55823],[126.91536,37.55823],[126.91513,37.55823],[126.91311,37.55824],[126.91201,37.55826],[126.91065,37.55803],[126.91023,37.55793],[126.90909,37.55766],[126.9088,37.55742],[126.91166,37.55422],[126.91353,37.54948],[126.9144,37.55015],[126.91526,37.55077],[126.91541,37.55088],[126.91556,37.55076],[126.91562,37.5507],[126.91439,37.54977],[126.91459,37.5496],[126.9148,37.54941],[126.91504,37.54922],[126.91509,37.54918],[126.91655,37.54887],[126.917,37.54878],[126.91806,37.54856],[126.91834,37.54851],[126.91874,37.54843],[126.91938,37.54838],[126.9203,37.54831],[126.92115,37.5487],[126.92185,37.5491],[126.92387,37.55064],[126.92424,37.55093],[126.92425,37.55112],[126.92421,37.55155],[126.92411,37.55183],[126.9241,37.55185],[126.92409,37.55189],[126.92407,37.55212],[126.9241,37.55223],[126.92411,37.55226],[126.92422,37.55239],[126.92504,37.55317],[126.92552,37.55333],[126.92931,37.55415],[126.93094,37.55471],[126.93408,37.55342],[126.93687,37.5551],[126.93673,37.55511],[126.93644,37.5552],[126.93511,37.55567],[126.93,37.55756],[126.92712,37.55863],[126.92701,37.55867],[126.92686,37.55874],[126.92663,37.55883],[126.92649,37.5592],[126.92668,37.56058],[126.92714,37.56175]]]},"properties":{"adm_cd2":"1144066000","adm_nm":"서울특별시 마포구 서교동","sggnm":"마포구"}},
{"type":"Feature","geometry":{"type":"Polygon","coordinates":[[[126.91166,37.55422],[126.90984,37.55366],[126.90284,37.55146],[126.90106,37.54998],[126.899,37.54792],[126.90175,37.54513],[126.90218,37.54407],[126.90498,37.54132],[126.9171,37.54142],[126.91708,37.54278],[126.9167,37.54346],[126.91765,37.54464],[126.91969,37.54731],[126.9203,37.54831],[126.91938,37.54838],[126.91874,37.54843],[126.91834,37.54851],[126.91806,37.54856],[126.917,37.54878],[126.91655,37.54887],[126.91509,37.54918],[126.91504,37.54922],[126.9148,37.54941],[126.91459,37.5496],[126.91439,37.54977],[126.91562,37.5507],[126.91556,37.55076],[126.91541,37.55088],[126.91526,37.55077],[126.9144,37.55015],[126.91353,37.54948],[126.91166,37.55422]]]},"properties":{"adm_cd2":"1144068000","adm_nm":"서울특별시 마포구 합정동","sggnm":"마포구"}},
{"type":"Feature","geometry":{"type":"Polygon","coordinates":[[[126.9088,37.55742],[126.90819,37.55805],[126.89994,37.55633],[126.89687,37.55536],[126.89441,37.55754],[126.89179,37.55344],[126.89063,37.55117],[126.899,37.54792],[126.90106,37.54998],[126.90284,37.55146],[126.90984,37.55366],[126.91166,37.55422],[126.9088,37.55742]]]},"properties":{"adm_cd2":"1144069000","adm_nm":"서울특별시 마포구 망원1동","sggnm":"마포구"}},
{"type":"Feature","geometry":{"type":"Polygon","coordinates":[[[126.90819,37.55805],[126.9043,37.5624],[126.90381,37.56279],[126.90334,37.5633],[126.90236,37.56317],[126.90196,37.56303],[126.9,37.56224],[126.89432,37.55989],[126.89293,37.55898],[126.89441,37.55754],[126.89687,37.55536],[126.89994,37.55633],[126.90819,37.55805]]]},"properties":{"adm_cd2":"1144070000","adm_nm":"서울특별시 마포구 망원2동","sggnm":"마포구"}},
{"type":"Feature","geometry":{"type":"Polygon","coordinates":[[[126.9272,37.56183],[126.92748,37.56223],[126.92812,37.56315],[126.92815,37.5632],[126.92825,37.56334],[126.92696,37.56442],[126.92682,37.56452],[126.9263,37.56492],[126.92614,37.56503],[126.92596,37.56514],[126.92582,37.56522],[126.92569,37.56529],[126.92513,37.56556],[126.92474,37.56573],[126.91774,37.56744],[126.91666,37.56694],[126.91682,37.56556],[126.91695,37.56444],[126.91709,37.56357],[126.91715,37.56336],[126.91739,37.56253],[126.91755,37.56255],[126.91758,37.5625],[126.91786,37.56184],[126.91811,37.56098],[126.91815,37.56053],[126.91795,37.55941],[126.91791,37.55929],[126.9176,37.55884],[126.91783,37.55859],[126.91878,37.55754],[126.92161,37.55947],[126.92625,37.56122],[126.92714,37.56175],[126.9272,37.56183]]]},"properties":{"adm_cd2":"1144071000","adm_nm":"서울특별시 마포구 연남동","sggnm":"마포구"}},
{"type":"Feature","geometry":{"type":"Polygon","coordinates":[[[126.9176,37.55884],[126.91791,37.55929],[126.91795,37.55941],[126.91815,37.56053],[126.91811,37.56098],[126.91786,37.56184],[126.91758,37.5625],[126.91755,37.56255],[126.91739,37.56253],[126.91715,37.56336],[126.91709,37.56357],[126.91695,37.56444],[126.91682,37.56556],[126.91666,37.56694],[126.91544,37.56681],[126.90358,37.56337],[126.9043,37.5624],[126.90819,37.55805],[126.9088,37.55742],[126.90909,37.55766],[126.91023,37.55793],[126.91065,37.55803],[126.91201,37.55826],[126.91311,37.55824],[126.91513,37.55823],[126.91536,37.55823],[126.91542,37.55823],[126.91576,37.55825],[126.91617,37.5583],[126.9162,37.55831],[126.91624,37.55832],[126.91643,37.55837],[126.91665,37.55846],[126.91701,37.5586],[126.9176,37.55884]]]},"properties":{"adm_cd2":"1144072000","adm_nm":"서울특별시 마포구 성산1동","sggnm":"마포구"}},
{"type":"Feature","geometry":{"type":"Polygon","coordinates":[[[126.91181,37.57028],[126.90478,37.57339],[126.90161,37.57546],[126.90029,37.57384],[126.8991,37.57325],[126.89657,37.57288],[126.89478,37.57267],[126.89473,37.57266],[126.89457,37.57265],[126.89441,37.57272],[126.89431,37.57284],[126.89407,37.57314],[126.89402,37.57322],[126.89393,37.57326],[126.89354,37.57326],[126.89231,37.57294],[126.89214,37.57285],[126.89205,37.57272],[126.89122,37.5709],[126.89116,37.5697],[126.89197,37.56839],[126.8928,37.56763],[126.89369,37.56717],[126.89486,37.56649],[126.8951,37.5652],[126.89494,37.56463],[126.89478,37.56406],[126.89457,37.56351],[126.89438,37.56303],[126.89364,37.56141],[126.89432,37.55989],[126.9,37.56224],[126.90196,37.56303],[126.90236,37.56317],[126.90334,37.5633],[126.90381,37.56279],[126.9043,37.5624],[126.90358,37.56337],[126.91544,37.56681],[126.91666,37.56694],[126.91774,37.56744],[126.91685,37.56789],[126.91181,37.57028]]]},"properties":{"adm_cd2":"1144073000","adm_nm":"서울특별시 마포구 성산2동","sggnm":"마포구"}},
{"type":"Feature","geometry":{"type":"Polygon","coordinates":[[[126.8982,37.57826],[126.89791,37.57917],[126.89666,37.58049],[126.89623,37.58085],[126.89529,37.58146],[126.89218,37.58294],[126.89023,37.58424],[126.88997,37.58441],[126.88992,37.58444],[126.88965,37.58464],[126.88941,37.58482],[126.88744,37.58647],[126.88698,37.58686],[126.88325,37.59006],[126.88224,37.59094],[126.88049,37.58981],[126.88037,37.58971],[126.88029,37.58964],[126.87763,37.5862],[126.87667,37.58412],[126.87663,37.58156],[126.87747,37.58031],[126.87763,37.57975],[126.87752,37.57952],[126.87744,37.5794],[126.87708,37.5789],[126.87626,37.57896],[126.87335,37.57885],[126.86799,37.57739],[126.86664,37.57645],[126.86495,37.57584],[126.86172,37.57586],[126.85912,37.57486],[126.85412,37.57386],[126.85356,37.57181],[126.85517,37.56998],[126.8595,37.56733],[126.86306,37.565],[126.87203,37.56004],[126.88038,37.55618],[126.89063,37.55117],[126.89179,37.55344],[126.89441,37.55754],[126.89293,37.55898],[126.89432,37.55989],[126.89364,37.56141],[126.89438,37.56303],[126.89457,37.56351],[126.89478,37.56406],[126.89494,37.56463],[126.8951,37.5652],[126.89486,37.56649],[126.89369,37.56717],[126.8928,37.56763],[126.89197,37.56839],[126.89116,37.5697],[126.89122,37.5709],[126.89205,37.57272],[126.89214,37.57285],[126.89231,37.57294],[126.89354,37.57326],[126.89393,37.57326],[126.89402,37.57322],[126.89407,37.57314],[126.89431,37.57284],[126.89441,37.57272],[126.89457,37.57265],[126.89473,37.57266],[126.89478,37.57267],[126.89657,37.57288],[126.8991,37.57325],[126.90029,37.57384],[126.90161,37.57546],[126.90313,37.57689],[126.90282,37.57715],[126.90164,37.57592],[126.89859,37.57799],[126.8982,37.57826]]]},"properties":{"adm_cd2":"1144074000","adm_nm":"서울특별시 마포구 상암동","sggnm":"마포구"}},
{"type":"Feature","geometry":{"type":"Polygon","coordinates":[[[126.95301,37.53785],[126.95384,37.53849],[126.9564,37.54058],[126.9507,37.5434],[126.94977,37.54237],[126.94917,37.54184],[126.94375,37.53798],[126.94121,37.53645],[126.94467,37.53375],[126.94508,37.53493],[126.94543,37.53519],[126.94605,37.5356],[126.94619,37.53565],[126.9464,37.53574],[126.94781,37.53562],[126.94942,37.53587],[126.95076,37.53612],[126.95113,37.53621],[126.95131,37.53629],[126.95223,37.5368],[126.95283,37.53728],[126.95297,37.53743],[126.95299,37.53752],[126.95299,37.53757],[126.95301,37.53767],[126.95301,37.53781],[126.95301,37.53785]]]},"properties":{"adm_cd2":"1144058500","adm_nm":"서울특별시 마포구 도화동","sggnm":"마포구"}},
{"type":"Feature","geometry":{"type":"Polygon","coordinates":[[[126.93408,37.55342],[126.93094,37.55471],[126.92931,37.55415],[126.92552,37.55333],[126.92504,37.55317],[126.92422,37.55239],[126.92411,37.55226],[126.9241,37.55223],[126.92407,37.55212],[126.92409,37.55189],[126.9241,37.55185],[126.92411,37.55183],[126.92421,37.55155],[126.92425,37.55112],[126.92424,37.55093],[126.92387,37.55064],[126.92185,37.5491],[126.92115,37.5487],[126.9203,37.54831],[126.91969,37.54731],[126.91765,37.54464],[126.9167,37.54346],[126.91708,37.54278],[126.9171,37.54142],[126.92244,37.54139],[126.92303,37.54059],[126.92763,37.53903],[126.93026,37.54132],[126.928,37.5415],[126.93036,37.54514],[126.93138,37.54509],[126.93145,37.54513],[126.9319,37.54546],[126.93192,37.54551],[126.93258,37.54733],[126.93263,37.5476],[126.9329,37.54932],[126.93296,37.54999],[126.93296,37.55004],[126.93296,37.55148],[126.93372,37.55311],[126.93408,37.55342]]]},"properties":{"adm_cd2":"1144065500","adm_nm":"서울특별시 마포구 서강동","sggnm":"마포구"}},
{"type":"Feature","geometry":{"type":"Polygon","coordinates":[[[126.96148,37.55885],[126.95871,37.55666],[126.95777,37.55513],[126.95399,37.54808],[126.95358,37.54746],[126.95221,37.54559],[126.95206,37.54564],[126.95168,37.54514],[126.95047,37.54354],[126.95064,37.54342],[126.9507,37.5434],[126.9564,37.54058],[126.95651,37.5407],[126.9577,37.54208],[126.9578,37.5429],[126.95863,37.54558],[126.96162,37.5477],[126.96293,37.54878],[126.9632,37.54868],[126.96369,37.5489],[126.96394,37.5498],[126.96239,37.5515],[126.96214,37.55192],[126.96207,37.55208],[126.96171,37.55297],[126.96166,37.55334],[126.9617,37.55534],[126.96184,37.55541],[126.96198,37.55535],[126.96202,37.55534],[126.96205,37.55533],[126.96293,37.55623],[126.9631,37.55642],[126.96322,37.55715],[126.96304,37.55818],[126.96148,37.55885]]]},"properties":{"adm_cd2":"1144056500","adm_nm":"서울특별시 마포구 공덕동","sggnm":"마포구"}},
{"type":"Feature","geometry":{"type":"Polygon","coordinates":[[[126.94885,37.55697],[126.94876,37.55543],[126.94963,37.55502],[126.95041,37.55397],[126.95065,37.55297],[126.95061,37.55255],[126.9506,37.55249],[126.95059,37.55232],[126.94998,37.54763],[126.94848,37.54595],[126.94804,37.54555],[126.94777,37.54537],[126.94788,37.54464],[126.94968,37.54382],[126.95064,37.54342],[126.95047,37.54354],[126.95168,37.54514],[126.95206,37.54564],[126.95221,37.54559],[126.95358,37.54746],[126.95399,37.54808],[126.95777,37.55513],[126.95871,37.55666],[126.95868,37.55684],[126.95849,37.55724],[126.95707,37.55748],[126.95684,37.55748],[126.95621,37.55746],[126.9553,37.55744],[126.95498,37.55743],[126.95432,37.5573],[126.95321,37.55722],[126.95201,37.55713],[126.95195,37.55713],[126.94885,37.55697]]]},"properties":{"adm_cd2":"1144055500","adm_nm":"서울특별시 마포구 아현동","sggnm":"마포구"}},
{"type":"Feature","geometry":{"type":"Polygon","coordinates":[[[126.88848,37.53072],[126.88651,37.53129],[126.88643,37.53132],[126.88507,37.53156],[126.88374,37.53178],[126.88295,37.53184],[126.88259,37.53187],[126.88253,37.53187],[126.88148,37.53189],[126.88083,37.53186],[126.8806,37.53184],[126.87961,37.53176],[126.87505,37.53126],[126.87393,37.53111],[126.87037,37.53063],[126.86719,37.53022],[126.86401,37.5298],[126.86405,37.52924],[126.86417,37.52751],[126.86421,37.52716],[126.86432,37.52621],[126.86442,37.52583],[126.8654,37.52257],[126.86859,37.52396],[126.87116,37.52313],[126.87445,37.52267],[126.87982,37.5222],[126.88028,37.52436],[126.88049,37.52515],[126.88051,37.52523],[126.88137,37.526],[126.88173,37.52632],[126.88476,37.5274],[126.88535,37.52761],[126.88603,37.52793],[126.88631,37.52806],[126.88659,37.52831],[126.88696,37.52866],[126.88705,37.52878],[126.88761,37.52948],[126.88848,37.53072]]]},"properties":{"adm_cd2":"1147051000","adm_nm":"서울특별시 양천구 목1동","sggnm":"양천구"}},
{"type":"Feature","geometry":{"type":"Polygon","coordinates":[[[126.88516,37.54359],[126.88325,37.54556],[126.88071,37.54787],[126.87988,37.54767],[126.8794,37.54755],[126.87849,37.54731],[126.87814,37.54721],[126.87789,37.54718],[126.87781,37.54717],[126.87772,37.54715],[126.87737,37.54711],[126.87685,37.54706],[126.87501,37.54696],[126.87495,37.54695],[126.87489,37.54695],[126.87462,37.54694],[126.87402,37.54693],[126.87347,37.54697],[126.873,37.54702],[126.87242,37.54711],[126.87206,37.54721],[126.87177,37.54729],[126.87116,37.54749],[126.8707,37.54765],[126.87005,37.54699],[126.86853,37.54722],[126.86686,37.54557],[126.86633,37.54469],[126.86627,37.54449],[126.86616,37.54411],[126.86793,37.54025],[126.86847,37.53979],[126.86945,37.53933],[126.87267,37.53757],[126.87437,37.53914],[126.87749,37.5415],[126.88189,37.54358],[126.88349,37.54401],[126.88516,37.54359]]]},"properties":{"adm_cd2":"1147052000","adm_nm":"서울특별시 양천구 목2동","sggnm":"양천구"}},
{"type":"Feature","geometry":{"type":"Polygon","coordinates":[[[126.8707,37.54765],[126.86498,37.55093],[126.86428,37.55139],[126.86293,37.54702],[126.86254,37.54585],[126.86243,37.54543],[126.86219,37.54456],[126.86217,37.54448],[126.86216,37.54414],[126.86229,37.54374],[126.86233,37.54364],[126.86234,37.5436],[126.86294,37.54247],[126.86367,37.53928],[126.86847,37.53979],[126.86793,37.54025],[126.86616,37.54411],[126.86627,37.54449],[126.86633,37.54469],[126.86686,37.54557],[126.86853,37.54722],[126.87005,37.54699],[126.8707,37.54765]]]},"properties":{"adm_cd2":"1147053000","adm_nm":"서울특별시 양천구 목3동","sggnm":"양천구"}},
{"type":"Feature","geometry":{"type":"Polygon","coordinates":[[[126.86719,37.53022],[126.8679,37.53162],[126.86987,37.53494],[126.86991,37.535],[126.87002,37.53518],[126.87015,37.53539],[126.87024,37.53548],[126.87057,37.5358],[126.8709,37.53609],[126.87097,37.53615],[126.87112,37.53628],[126.87137,37.5365],[126.87254,37.53747],[126.87267,37.53757],[126.86945,37.53933],[126.86847,37.53979],[126.86367,37.53928],[126.86349,37.5356],[126.86401,37.5298],[126.86719,37.53022]]]},"properties":{"adm_cd2":"1147054000","adm_nm":"서울특별시 양천구 목4동","sggnm":"양천구"}},
{"type":"Feature","geometry":{"type":"Polygon","coordinates":[[[126.84049,37.52654],[126.83473,37.53603],[126.83517,37.53691],[126.82832,37.53575],[126.82965,37.5339],[126.83156,37.53111],[126.83197,37.53051],[126.83251,37.52972],[126.83304,37.52879],[126.83328,37.52837],[126.83489,37.52555],[126.84049,37.52654]]]},"properties":{"adm_cd2":"1147056000","adm_nm":"서울특별시 양천구 신월1동","sggnm":"양천구"}},
{"type":"Feature","geometry":{"type":"Polygon","coordinates":[[[126.85161,37.52172],[126.85168,37.52263],[126.8489,37.5279],[126.84049,37.52654],[126.84444,37.52004],[126.84568,37.51799],[126.84577,37.51795],[126.84658,37.51766],[126.84698,37.51752],[126.84848,37.51698],[126.84851,37.51703],[126.84852,37.51725],[126.84855,37.51783],[126.84855,37.51786],[126.84863,37.51977],[126.84864,37.51991],[126.84866,37.52071],[126.8475,37.52156],[126.84692,37.52194],[126.84681,37.52207],[126.84691,37.52215],[126.84702,37.52225],[126.84729,37.52239],[126.8476,37.52248],[126.848,37.52253],[126.84853,37.52252],[126.85161,37.52172]]]},"properties":{"adm_cd2":"1147057000","adm_nm":"서울특별시 양천구 신월2동","sggnm":"양천구"}},
{"type":"Feature","geometry":{"type":"Polygon","coordinates":[[[126.82832,37.53575],[126.82707,37.53775],[126.8257,37.53984],[126.82443,37.54138],[126.82215,37.54068],[126.82159,37.53972],[126.82183,37.53916],[126.82196,37.53887],[126.82231,37.53792],[126.8224,37.53649],[126.82182,37.53487],[126.82265,37.53419],[126.82274,37.53377],[126.82351,37.53377],[126.82345,37.53254],[126.82398,37.53179],[126.82474,37.53063],[126.82549,37.52982],[126.82709,37.5298],[126.82814,37.52903],[126.82786,37.52818],[126.82846,37.5267],[126.82881,37.52651],[126.82823,37.52621],[126.82815,37.5258],[126.82645,37.52496],[126.82592,37.52408],[126.83489,37.52555],[126.83328,37.52837],[126.83304,37.52879],[126.83251,37.52972],[126.83197,37.53051],[126.83156,37.53111],[126.82965,37.5339],[126.82832,37.53575]]]},"properties":{"adm_cd2":"1147058000","adm_nm":"서울특별시 양천구 신월3동","sggnm":"양천구"}},
{"type":"Feature","geometry":{"type":"Polygon","coordinates":[[[126.83489,37.52555],[126.8372,37.52185],[126.83734,37.5216],[126.83783,37.52072],[126.8379,37.5206],[126.83792,37.52056],[126.83801,37.52037],[126.83847,37.51933],[126.83906,37.51797],[126.83945,37.51709],[126.84444,37.52004],[126.84049,37.52654],[126.83489,37.52555]]]},"properties":{"adm_cd2":"1147059000","adm_nm":"서울특별시 양천구 신월4동","sggnm":"양천구"}},
{"type":"Feature","geometry":{"type":"Polygon","coordinates":[[[126.83517,37.53691],[126.83378,37.53987],[126.83349,37.5408],[126.83333,37.54129],[126.83328,37.54143],[126.83314,37.54184],[126.83143,37.54178],[126.83069,37.54176],[126.83045,37.54175],[126.83008,37.54172],[126.83005,37.54243],[126.83022,37.54268],[126.82974,37.54407],[126.83035,37.54577],[126.82974,37.54767],[126.8276,37.54768],[126.82755,37.54706],[126.82713,37.54639],[126.8268,37.54578],[126.82593,37.5447],[126.82573,37.54394],[126.826,37.54322],[126.82613,37.54281],[126.82525,37.54215],[126.82541,37.54165],[126.82443,37.54138],[126.8257,37.53984],[126.82707,37.53775],[126.82832,37.53575],[126.83517,37.53691]]]},"properties":{"adm_cd2":"1147060000","adm_nm":"서울특별시 양천구 신월5동","sggnm":"양천구"}},
{"type":"Feature","geometry":{"type":"Polygon","coordinates":[[[126.84444,37.52004],[126.83945,37.51709],[126.83493,37.51565],[126.83527,37.51497],[126.8354,37.51485],[126.83556,37.51477],[126.83615,37.51445],[126.83767,37.51368],[126.84145,37.51311],[126.84225,37.51307],[126.84254,37.51314],[126.84622,37.51493],[126.84857,37.51599],[126.84848,37.51698],[126.84698,37.51752],[126.84658,37.51766],[126.84577,37.51795],[126.84568,37.51799],[126.84444,37.52004]]]},"properties":{"adm_cd2":"1147061000","adm_nm":"서울특별시 양천구 신월6동","sggnm":"양천구"}},
{"type":"Feature","geometry":{"type":"Polygon","coordinates":[[[126.82592,37.52408],[126.82525,37.52315],[126.82523,37.5231],[126.82521,37.52303],[126.82522,37.52298],[126.82559,37.52197],[126.82558,37.52049],[126.82556,37.51985],[126.82449,37.51772],[126.82324,37.51618],[126.82332,37.51489],[126.82421,37.51435],[126.82447,37.51304],[126.82385,37.51096],[126.82397,37.50906],[126.82468,37.50833],[126.82627,37.50875],[126.82653,37.50875],[126.82697,37.50859],[126.82667,37.50954],[126.82714,37.51135],[126.82782,37.51215],[126.82605,37.51293],[126.82534,37.51484],[126.82683,37.5154],[126.82727,37.51634],[126.82942,37.51759],[126.83058,37.51747],[126.83153,37.5171],[126.83227,37.51631],[126.83328,37.51601],[126.83378,37.51527],[126.83438,37.51544],[126.83493,37.51565],[126.83945,37.51709],[126.83906,37.51797],[126.83847,37.51933],[126.83801,37.52037],[126.83792,37.52056],[126.8379,37.5206],[126.83783,37.52072],[126.83734,37.5216],[126.8372,37.52185],[126.83489,37.52555],[126.82592,37.52408]]]},"properties":{"adm_cd2":"1147061100","adm_nm":"서울특별시 양천구 신월7동","sggnm":"양천구"}},
{"type":"Feature","geometry":{"type":"Polygon","coordinates":[[[126.8626,37.51687],[126.86521,37.51778],[126.86606,37.51808],[126.86733,37.51853],[126.86603,37.52124],[126.8654,37.52257],[126.86324,37.52232],[126.86195,37.52217],[126.86156,37.52213],[126.85939,37.52188],[126.85826,37.52174],[126.85687,37.52158],[126.85616,37.52149],[126.85548,37.52141],[126.85412,37.52125],[126.85321,37.52115],[126.85292,37.52112],[126.85275,37.52116],[126.85246,37.52125],[126.85594,37.51368],[126.85629,37.5138],[126.85679,37.51397],[126.85749,37.51421],[126.85845,37.51454],[126.85895,37.51472],[126.85877,37.51507],[126.85877,37.5154],[126.85888,37.51555],[126.85916,37.51568],[126.85921,37.5157],[126.8626,37.51687]]]},"properties":{"adm_cd2":"1147062000","adm_nm":"서울특별시 양천구 신정1동","sggnm":"양천구"}},
{"type":"Feature","geometry":{"type":"Polygon","coordinates":[[[126.87116,37.52313],[126.87105,37.52264],[126.87067,37.52101],[126.87023,37.51916],[126.87004,37.51861],[126.87,37.51849],[126.87176,37.5159],[126.87696,37.5146],[126.8784,37.5143],[126.87846,37.51428],[126.87947,37.51677],[126.87981,37.52138],[126.87982,37.5222],[126.87445,37.52267],[126.87116,37.52313]]]},"properties":{"adm_cd2":"1147063000","adm_nm":"서울특별시 양천구 신정2동","sggnm":"양천구"}},
{"type":"Feature","geometry":{"type":"Polygon","coordinates":[[[126.84848,37.51698],[126.84857,37.51599],[126.84622,37.51493],[126.84254,37.51314],[126.84225,37.51307],[126.84145,37.51311],[126.83767,37.51368],[126.83615,37.51445],[126.83556,37.51477],[126.8354,37.51485],[126.83527,37.51497],[126.83493,37.51565],[126.83438,37.51544],[126.83378,37.51527],[126.83328,37.51601],[126.83227,37.51631],[126.83153,37.5171],[126.83058,37.51747],[126.82942,37.51759],[126.82727,37.51634],[126.82683,37.5154],[126.82534,37.51484],[126.82605,37.51293],[126.82782,37.51215],[126.82714,37.51135],[126.82667,37.50954],[126.82697,37.50859],[126.83068,37.50757],[126.83064,37.50683],[126.83264,37.50503],[126.83388,37.50408],[126.83424,37.50383],[126.83434,37.50377],[126.83535,37.50348],[126.8357,37.50339],[126.83617,37.50304],[126.83642,37.50246],[126.83653,37.50097],[126.83646,37.50077],[126.83641,37.50065],[126.83689,37.50063],[126.83836,37.50014],[126.83838,37.50147],[126.83898,37.5029],[126.84062,37.50399],[126.84233,37.50489],[126.84454,37.50644],[126.84529,37.50787],[126.84718,37.50879],[126.85124,37.51003],[126.8529,37.51058],[126.85402,37.5103],[126.85507,37.50992],[126.85609,37.50947],[126.85816,37.50995],[126.85594,37.51368],[126.85246,37.52125],[126.85161,37.52172],[126.84853,37.52252],[126.848,37.52253],[126.8476,37.52248],[126.84729,37.52239],[126.84702,37.52225],[126.84691,37.52215],[126.84681,37.52207],[126.84692,37.52194],[126.8475,37.52156],[126.84866,37.52071],[126.84864,37.51991],[126.84863,37.51977],[126.84855,37.51786],[126.84855,37.51783],[126.84852,37.51725],[126.84851,37.51703],[126.84848,37.51698]]]},"properties":{"adm_cd2":"1147064000","adm_nm":"서울특별시 양천구 신정3동","sggnm":"양천구"}},
{"type":"Feature","geometry":{"type":"Polygon","coordinates":[[[126.8654,37.52257],[126.86603,37.52124],[126.86733,37.51853],[126.86606,37.51808],[126.86521,37.51778],[126.8626,37.51687],[126.86318,37.51536],[126.86237,37.51506],[126.86374,37.51258],[126.86401,37.51209],[126.86402,37.51207],[126.86975,37.51406],[126.86992,37.51371],[126.86997,37.51359],[126.87009,37.51334],[126.87034,37.51284],[126.87068,37.51212],[126.87074,37.51201],[126.8714,37.51084],[126.87143,37.51081],[126.87245,37.50967],[126.87348,37.50852],[126.87846,37.51428],[126.8784,37.5143],[126.87696,37.5146],[126.87176,37.5159],[126.87,37.51849],[126.87004,37.51861],[126.87023,37.51916],[126.87067,37.52101],[126.87105,37.52264],[126.87116,37.52313],[126.86859,37.52396],[126.8654,37.52257]]]},"properties":{"adm_cd2":"1147067000","adm_nm":"서울특별시 양천구 신정6동","sggnm":"양천구"}},
{"type":"Feature","geometry":{"type":"Polygon","coordinates":[[[126.85594,37.51368],[126.85816,37.50995],[126.8596,37.50754],[126.85968,37.50739],[126.86011,37.50669],[126.86246,37.50669],[126.86275,37.506],[126.86317,37.50525],[126.86339,37.50508],[126.86353,37.50497],[126.86457,37.50501],[126.86964,37.5054],[126.87126,37.50563],[126.87348,37.50852],[126.87245,37.50967],[126.87143,37.51081],[126.8714,37.51084],[126.87074,37.51201],[126.87068,37.51212],[126.87034,37.51284],[126.87009,37.51334],[126.86997,37.51359],[126.86992,37.51371],[126.86975,37.51406],[126.86402,37.51207],[126.86401,37.51209],[126.86374,37.51258],[126.86237,37.51506],[126.86318,37.51536],[126.8626,37.51687],[126.85921,37.5157],[126.85916,37.51568],[126.85888,37.51555],[126.85877,37.5154],[126.85877,37.51507],[126.85895,37.51472],[126.85845,37.51454],[126.85749,37.51421],[126.85679,37.51397],[126.85629,37.5138],[126.85594,37.51368]]]},"properties":{"adm_cd2":"1147068000","adm_nm":"서울특별시 양천구 신정7동","sggnm":"양천구"}},
{"type":"Feature","geometry":{"type":"Polygon","coordinates":[[[126.88848,37.53072],[126.89004,37.53038],[126.89054,37.5315],[126.8888,37.53206],[126.8888,37.53283],[126.89003,37.53329],[126.89025,37.53467],[126.88832,37.5368],[126.88552,37.54184],[126.88516,37.54359],[126.88349,37.54401],[126.88189,37.54358],[126.87749,37.5415],[126.87437,37.53914],[126.87267,37.53757],[126.87254,37.53747],[126.87137,37.5365],[126.87112,37.53628],[126.87097,37.53615],[126.8709,37.53609],[126.87057,37.5358],[126.87024,37.53548],[126.87015,37.53539],[126.87002,37.53518],[126.86991,37.535],[126.86987,37.53494],[126.8679,37.53162],[126.86719,37.53022],[126.87037,37.53063],[126.87393,37.53111],[126.87505,37.53126],[126.87961,37.53176],[126.8806,37.53184],[126.88083,37.53186],[126.88148,37.53189],[126.88253,37.53187],[126.88259,37.53187],[126.88295,37.53184],[126.88374,37.53178],[126.88507,37.53156],[126.88643,37.53132],[126.88651,37.53129],[126.88848,37.53072]]]},"properties":{"adm_cd2":"1147055000","adm_nm":"서울특별시 양천구 목5동","sggnm":"양천구"}},
{"type":"Feature","geometry":{"type":"Polygon","coordinates":[[[126.86401,37.5298],[126.85849,37.52911],[126.85196,37.52828],[126.8489,37.5279],[126.85168,37.52263],[126.85161,37.52172],[126.85246,37.52125],[126.85275,37.52116],[126.85292,37.52112],[126.85321,37.52115],[126.85412,37.52125],[126.85548,37.52141],[126.85616,37.52149],[126.85687,37.52158],[126.85826,37.52174],[126.85939,37.52188],[126.86156,37.52213],[126.86195,37.52217],[126.86324,37.52232],[126.8654,37.52257],[126.86442,37.52583],[126.86432,37.52621],[126.86421,37.52716],[126.86417,37.52751],[126.86405,37.52924],[126.86401,37.5298]]]},"properties":{"adm_cd2":"1147065000","adm_nm":"서울특별시 양천구 신정4동","sggnm":"양천구"}},
{"type":"Feature","geometry":{"type":"Polygon","coordinates":[[[126.86306,37.565],[126.862,37.56335],[126.86772,37.56033],[126.86743,37.55984],[126.86741,37.55981],[126.86738,37.55978],[126.86721,37.55971],[126.8656,37.55909],[126.86304,37.55688],[126.86408,37.55631],[126.86431,37.55618],[126.86451,37.55607],[126.86732,37.5542],[126.86645,37.55295],[126.86621,37.55261],[126.86617,37.55256],[126.86508,37.55106],[126.86498,37.55093],[126.8707,37.54765],[126.87116,37.54749],[126.87177,37.54729],[126.87206,37.54721],[126.87242,37.54711],[126.873,37.54702],[126.87347,37.54697],[126.87402,37.54693],[126.87462,37.54694],[126.87489,37.54695],[126.87495,37.54695],[126.87501,37.54696],[126.87685,37.54706],[126.87737,37.54711],[126.87772,37.54715],[126.87781,37.54717],[126.87789,37.54718],[126.87814,37.54721],[126.87849,37.54731],[126.8794,37.54755],[126.87988,37.54767],[126.88071,37.54787],[126.87814,37.55155],[126.87799,37.55343],[126.8792,37.5532],[126.87932,37.55483],[126.88038,37.55618],[126.87203,37.56004],[126.86306,37.565]]]},"properties":{"adm_cd2":"1150051000","adm_nm":"서울특별시 강서구 염창동","sggnm":"강서구"}},
{"type":"Feature","geometry":{"type":"Polygon","coordinates":[[[126.86498,37.55093],[126.86508,37.55106],[126.86617,37.55256],[126.86621,37.55261],[126.86645,37.55295],[126.86732,37.5542],[126.86451,37.55607],[126.86431,37.55618],[126.86408,37.55631],[126.86304,37.55688],[126.85518,37.56107],[126.85231,37.55589],[126.85771,37.55407],[126.86428,37.55139],[126.86498,37.55093]]]},"properties":{"adm_cd2":"1150052000","adm_nm":"서울특별시 강서구 등촌1동","sggnm":"강서구"}},
{"type":"Feature","geometry":{"type":"Polygon","coordinates":[[[126.86428,37.55139],[126.85771,37.55407],[126.85798,37.55144],[126.85741,37.55086],[126.85683,37.54978],[126.857,37.54936],[126.85704,37.54927],[126.85706,37.54923],[126.85671,37.54846],[126.85655,37.54815],[126.85612,37.54736],[126.85581,37.547],[126.85483,37.5461],[126.8549,37.54502],[126.8549,37.5446],[126.85483,37.54419],[126.85455,37.54388],[126.85452,37.54357],[126.85455,37.54349],[126.85456,37.54345],[126.85509,37.54311],[126.85564,37.54276],[126.85594,37.5427],[126.85749,37.54222],[126.85798,37.54241],[126.85971,37.54195],[126.86048,37.54156],[126.86061,37.54077],[126.86064,37.54037],[126.86062,37.53987],[126.86063,37.5391],[126.86067,37.53877],[126.8607,37.53858],[126.86098,37.53714],[126.86188,37.53552],[126.86275,37.53556],[126.86349,37.5356],[126.86367,37.53928],[126.86294,37.54247],[126.86234,37.5436],[126.86233,37.54364],[126.86229,37.54374],[126.86216,37.54414],[126.86217,37.54448],[126.86219,37.54456],[126.86243,37.54543],[126.86254,37.54585],[126.86293,37.54702],[126.86428,37.55139]]]},"properties":{"adm_cd2":"1150053000","adm_nm":"서울특별시 강서구 등촌2동","sggnm":"강서구"}},
{"type":"Feature","geometry":{"type":"Polygon","coordinates":[[[126.85518,37.56107],[126.84883,37.5644],[126.84592,37.56473],[126.84095,37.56716],[126.84087,37.56684],[126.84081,37.56661],[126.83984,37.56349],[126.83936,37.562],[126.83935,37.56198],[126.83878,37.56023],[126.83859,37.55966],[126.83857,37.55961],[126.83822,37.55857],[126.84572,37.55782],[126.85231,37.55589],[126.85518,37.56107]]]},"properties":{"adm_cd2":"1150053500","adm_nm":"서울특별시 강서구 등촌3동","sggnm":"강서구"}},
{"type":"Feature","geometry":{"type":"Polygon","coordinates":[[[126.85483,37.5461],[126.85358,37.54538],[126.85331,37.5454],[126.85286,37.54546],[126.8527,37.54549],[126.85196,37.5457],[126.84926,37.54776],[126.8492,37.54802],[126.84913,37.5483],[126.84786,37.54893],[126.84707,37.54886],[126.84446,37.54519],[126.84382,37.54432],[126.8438,37.54429],[126.84322,37.54358],[126.84316,37.54352],[126.84311,37.54345],[126.84295,37.54329],[126.84293,37.54326],[126.84272,37.54305],[126.84246,37.54278],[126.84222,37.54254],[126.84205,37.54241],[126.84195,37.54234],[126.84189,37.54229],[126.84141,37.54204],[126.84113,37.54191],[126.84044,37.54162],[126.84369,37.53669],[126.84494,37.53774],[126.84587,37.53827],[126.84722,37.53878],[126.84771,37.5389],[126.85156,37.53899],[126.85202,37.53871],[126.8521,37.5385],[126.85175,37.53663],[126.85339,37.53679],[126.85238,37.53814],[126.85221,37.53954],[126.85221,37.53982],[126.85222,37.53986],[126.85226,37.54011],[126.85247,37.54023],[126.85269,37.54031],[126.85406,37.54091],[126.85545,37.54182],[126.85571,37.54206],[126.85582,37.5422],[126.85592,37.54233],[126.85594,37.5427],[126.85564,37.54276],[126.85509,37.54311],[126.85456,37.54345],[126.85455,37.54349],[126.85452,37.54357],[126.85455,37.54388],[126.85483,37.54419],[126.8549,37.5446],[126.8549,37.54502],[126.85483,37.5461]]]},"properties":{"adm_cd2":"1150059000","adm_nm":"서울특별시 강서구 화곡본동","sggnm":"강서구"}},
{"type":"Feature","geometry":{"type":"Polygon","coordinates":[[[126.85849,37.52911],[126.85763,37.53342],[126.8547,37.53629],[126.85339,37.53679],[126.85175,37.53663],[126.85153,37.53627],[126.85109,37.53558],[126.85137,37.53147],[126.8514,37.53119],[126.85142,37.53096],[126.85143,37.53089],[126.8517,37.52952],[126.85179,37.52909],[126.85196,37.52828],[126.85849,37.52911]]]},"properties":{"adm_cd2":"1150055000","adm_nm":"서울특별시 강서구 화곡2동","sggnm":"강서구"}},
{"type":"Feature","geometry":{"type":"Polygon","coordinates":[[[126.83378,37.53987],[126.8404,37.54166],[126.83788,37.54429],[126.83764,37.54454],[126.83715,37.545],[126.83712,37.54503],[126.83696,37.54526],[126.8368,37.54551],[126.83657,37.54597],[126.8365,37.54624],[126.83639,37.54672],[126.8363,37.54797],[126.8347,37.54797],[126.83445,37.54797],[126.83333,37.54798],[126.83305,37.54741],[126.83103,37.54747],[126.83075,37.54787],[126.82974,37.54767],[126.83035,37.54577],[126.82974,37.54407],[126.83022,37.54268],[126.83005,37.54243],[126.83008,37.54172],[126.83045,37.54175],[126.83069,37.54176],[126.83143,37.54178],[126.83314,37.54184],[126.83328,37.54143],[126.83333,37.54129],[126.83349,37.5408],[126.83378,37.53987]]]},"properties":{"adm_cd2":"1150056000","adm_nm":"서울특별시 강서구 화곡3동","sggnm":"강서구"}},
{"type":"Feature","geometry":{"type":"Polygon","coordinates":[[[126.86349,37.5356],[126.86275,37.53556],[126.86188,37.53552],[126.86098,37.53714],[126.8607,37.53858],[126.86067,37.53877],[126.86063,37.5391],[126.86062,37.53987],[126.86064,37.54037],[126.86061,37.54077],[126.86048,37.54156],[126.85971,37.54195],[126.85798,37.54241],[126.85749,37.54222],[126.85594,37.5427],[126.85592,37.54233],[126.85582,37.5422],[126.85571,37.54206],[126.85545,37.54182],[126.85406,37.54091],[126.85269,37.54031],[126.85247,37.54023],[126.85226,37.54011],[126.85222,37.53986],[126.85221,37.53982],[126.85221,37.53954],[126.85238,37.53814],[126.85339,37.53679],[126.8547,37.53629],[126.85763,37.53342],[126.85849,37.52911],[126.86401,37.5298],[126.86349,37.5356]]]},"properties":{"adm_cd2":"1150057000","adm_nm":"서울특별시 강서구 화곡4동","sggnm":"강서구"}},
{"type":"Feature","geometry":{"type":"Polygon","coordinates":[[[126.85231,37.55589],[126.84572,37.55782],[126.8456,37.55608],[126.8443,37.55297],[126.84423,37.55231],[126.84424,37.55227],[126.84428,37.55203],[126.84441,37.55176],[126.84636,37.5492],[126.84707,37.54886],[126.84786,37.54893],[126.84913,37.5483],[126.8492,37.54802],[126.84926,37.54776],[126.85196,37.5457],[126.8527,37.54549],[126.85286,37.54546],[126.85331,37.5454],[126.85358,37.54538],[126.85483,37.5461],[126.85581,37.547],[126.85612,37.54736],[126.85655,37.54815],[126.85671,37.54846],[126.85706,37.54923],[126.85704,37.54927],[126.857,37.54936],[126.85683,37.54978],[126.85741,37.55086],[126.85798,37.55144],[126.85771,37.55407],[126.85231,37.55589]]]},"properties":{"adm_cd2":"1150059100","adm_nm":"서울특별시 강서구 화곡6동","sggnm":"강서구"}},
{"type":"Feature","geometry":{"type":"Polygon","coordinates":[[[126.85196,37.52828],[126.85179,37.52909],[126.8517,37.52952],[126.85143,37.53089],[126.85142,37.53096],[126.8514,37.53119],[126.85137,37.53147],[126.85109,37.53558],[126.85153,37.53627],[126.85175,37.53663],[126.8521,37.5385],[126.85202,37.53871],[126.85156,37.53899],[126.84771,37.5389],[126.84722,37.53878],[126.84587,37.53827],[126.84494,37.53774],[126.84369,37.53669],[126.84584,37.53321],[126.84606,37.53309],[126.84644,37.53253],[126.84677,37.53199],[126.84687,37.53182],[126.84737,37.53092],[126.84725,37.53087],[126.84731,37.53075],[126.84853,37.52851],[126.8489,37.5279],[126.85196,37.52828]]]},"properties":{"adm_cd2":"1150059300","adm_nm":"서울특별시 강서구 화곡8동","sggnm":"강서구"}},
{"type":"Feature","geometry":{"type":"Polygon","coordinates":[[[126.84883,37.5644],[126.84941,37.56519],[126.85085,37.5673],[126.84969,37.5683],[126.84814,37.56927],[126.84848,37.5697],[126.84887,37.57018],[126.84952,37.57096],[126.85163,37.57326],[126.83209,37.58577],[126.82883,37.58404],[126.82724,37.58258],[126.82594,37.58141],[126.8249,37.57994],[126.82419,37.57973],[126.82323,37.57909],[126.82128,37.57714],[126.82085,37.57528],[126.82104,37.574],[126.82208,37.57328],[126.82229,37.57308],[126.82236,37.57283],[126.8224,37.5727],[126.8227,37.57068],[126.82276,37.56963],[126.82265,37.56904],[126.82264,37.56899],[126.82261,37.5689],[126.82259,37.56883],[126.82259,37.56878],[126.82259,37.56874],[126.82259,37.56864],[126.82261,37.56852],[126.823,37.56738],[126.82316,37.56702],[126.8242,37.56693],[126.8278,37.56663],[126.82722,37.56184],[126.82696,37.5597],[126.83822,37.55857],[126.83857,37.55961],[126.83859,37.55966],[126.83878,37.56023],[126.83935,37.56198],[126.83936,37.562],[126.83984,37.56349],[126.84081,37.56661],[126.84087,37.56684],[126.84095,37.56716],[126.84592,37.56473],[126.84883,37.5644]]]},"properties":{"adm_cd2":"1150060300","adm_nm":"서울특별시 강서구 가양1동","sggnm":"강서구"}},
{"type":"Feature","geometry":{"type":"Polygon","coordinates":[[[126.85356,37.57181],[126.85163,37.57326],[126.84952,37.57096],[126.84887,37.57018],[126.84848,37.5697],[126.84814,37.56927],[126.84969,37.5683],[126.85085,37.5673],[126.84941,37.56519],[126.84883,37.5644],[126.85518,37.56107],[126.85545,37.56153],[126.85615,37.56268],[126.85627,37.56287],[126.85732,37.56461],[126.8595,37.56733],[126.85517,37.56998],[126.85356,37.57181]]]},"properties":{"adm_cd2":"1150060400","adm_nm":"서울특별시 강서구 가양2동","sggnm":"강서구"}},
{"type":"Feature","geometry":{"type":"Polygon","coordinates":[[[126.8595,37.56733],[126.85732,37.56461],[126.85627,37.56287],[126.85615,37.56268],[126.85545,37.56153],[126.85518,37.56107],[126.86304,37.55688],[126.8656,37.55909],[126.86721,37.55971],[126.86738,37.55978],[126.86741,37.55981],[126.86743,37.55984],[126.86772,37.56033],[126.862,37.56335],[126.86306,37.565],[126.8595,37.56733]]]},"properties":{"adm_cd2":"1150060500","adm_nm":"서울특별시 강서구 가양3동","sggnm":"강서구"}},
{"type":"Feature","geometry":{"type":"Polygon","coordinates":[[[126.82443,37.54138],[126.82541,37.54165],[126.82525,37.54215],[126.82613,37.54281],[126.826,37.54322],[126.82573,37.54394],[126.82593,37.5447],[126.8268,37.54578],[126.82713,37.54639],[126.82755,37.54706],[126.8276,37.54768],[126.82974,37.54767],[126.83075,37.54787],[126.83103,37.54747],[126.83305,37.54741],[126.83333,37.54798],[126.83445,37.54797],[126.8347,37.54797],[126.8363,37.54797],[126.83632,37.548],[126.83634,37.5526],[126.83636,37.55265],[126.83822,37.55857],[126.82696,37.5597],[126.82346,37.56006],[126.82347,37.56003],[126.82351,37.55981],[126.82353,37.55972],[126.82358,37.55944],[126.8236,37.55933],[126.82357,37.55915],[126.82341,37.55801],[126.82315,37.55741],[126.82276,37.55707],[126.82162,37.5562],[126.8192,37.55439],[126.81778,37.55334],[126.81704,37.55298],[126.8161,37.55216],[126.8127,37.54962],[126.81426,37.54826],[126.81348,37.54743],[126.81537,37.54562],[126.81525,37.54456],[126.81443,37.54364],[126.81335,37.54328],[126.81331,37.54177],[126.81236,37.54071],[126.81466,37.54064],[126.81662,37.54057],[126.81942,37.54078],[126.82215,37.54068],[126.82443,37.54138]]]},"properties":{"adm_cd2":"1150061100","adm_nm":"서울특별시 강서구 발산1동","sggnm":"강서구"}},
{"type":"Feature","geometry":{"type":"Polygon","coordinates":[[[126.82722,37.56184],[126.82129,37.56246],[126.81652,37.56309],[126.81651,37.56451],[126.81651,37.56461],[126.81645,37.56462],[126.81368,37.56436],[126.81236,37.56397],[126.81124,37.56392],[126.81118,37.56395],[126.81104,37.56406],[126.81042,37.56355],[126.81019,37.56337],[126.80912,37.56255],[126.80767,37.56171],[126.80277,37.56219],[126.79965,37.56232],[126.79771,37.56454],[126.7991,37.56846],[126.78757,37.5756],[126.78458,37.57467],[126.78289,37.5737],[126.7827,37.57356],[126.78262,37.57342],[126.78257,37.57335],[126.7819,37.57185],[126.78197,37.57169],[126.7825,37.57023],[126.78053,37.56833],[126.77696,37.56634],[126.77563,37.56816],[126.7748,37.56753],[126.77501,37.56601],[126.777,37.56398],[126.77792,37.56011],[126.77563,37.5618],[126.77201,37.5588],[126.77311,37.5575],[126.77208,37.557],[126.77031,37.55719],[126.7666,37.55667],[126.76469,37.55537],[126.76634,37.55493],[126.7662,37.55413],[126.76777,37.55325],[126.76755,37.55196],[126.76832,37.55157],[126.77007,37.55098],[126.77174,37.54831],[126.77262,37.5487],[126.77535,37.54907],[126.77681,37.54822],[126.77759,37.54658],[126.7799,37.54625],[126.78033,37.54616],[126.7812,37.54614],[126.78186,37.54614],[126.78465,37.54629],[126.78738,37.54586],[126.79175,37.54375],[126.79204,37.54181],[126.79475,37.54152],[126.7943,37.5401],[126.79332,37.53973],[126.79419,37.53824],[126.794,37.53686],[126.7944,37.53583],[126.79607,37.53673],[126.79788,37.53703],[126.79838,37.53763],[126.79907,37.53751],[126.79949,37.53786],[126.79924,37.53929],[126.79875,37.53945],[126.79898,37.54027],[126.80083,37.54088],[126.80039,37.5417],[126.80161,37.54246],[126.80285,37.54308],[126.80543,37.54339],[126.80732,37.54362],[126.81038,37.54161],[126.81236,37.54071],[126.81331,37.54177],[126.81335,37.54328],[126.81443,37.54364],[126.81525,37.54456],[126.81537,37.54562],[126.81348,37.54743],[126.81426,37.54826],[126.8127,37.54962],[126.8161,37.55216],[126.81704,37.55298],[126.81778,37.55334],[126.8192,37.55439],[126.82162,37.5562],[126.82276,37.55707],[126.82315,37.55741],[126.82341,37.55801],[126.82357,37.55915],[126.8236,37.55933],[126.82358,37.55944],[126.82353,37.55972],[126.82351,37.55981],[126.82347,37.56003],[126.82346,37.56006],[126.82696,37.5597],[126.82722,37.56184]]]},"properties":{"adm_cd2":"1150062000","adm_nm":"서울특별시 강서구 공항동","sggnm":"강서구"}},
{"type":"Feature","geometry":{"type":"Polygon","coordinates":[[[126.82208,37.57328],[126.82094,37.5733],[126.81956,37.57332],[126.81686,37.57337],[126.81677,37.57337],[126.81651,37.57338],[126.81651,37.57398],[126.81654,37.57428],[126.81655,37.57492],[126.81655,37.57502],[126.81578,37.57507],[126.81558,37.57508],[126.81551,37.57508],[126.81421,37.57513],[126.81402,37.57514],[126.81389,37.57514],[126.81311,37.57516],[126.8101,37.57525],[126.81001,37.57525],[126.80934,37.57527],[126.80868,37.57529],[126.80859,37.57529],[126.80754,37.57487],[126.80753,37.57482],[126.80739,37.57441],[126.80734,37.57427],[126.80514,37.57402],[126.80414,37.57403],[126.80394,37.57408],[126.80336,37.5734],[126.80362,37.57258],[126.80417,37.57257],[126.80578,37.57257],[126.80583,37.57257],[126.80635,37.57261],[126.80648,37.57262],[126.8074,37.57275],[126.80799,37.57284],[126.80868,37.57294],[126.80884,37.57296],[126.80936,37.57305],[126.80973,37.57312],[126.80979,37.57313],[126.80997,37.57316],[126.81067,37.57329],[126.81091,37.57295],[126.81125,37.57246],[126.8115,37.57209],[126.8119,37.57151],[126.81245,37.57069],[126.81267,37.57028],[126.81274,37.57011],[126.8128,37.56996],[126.8128,37.56983],[126.81282,37.56813],[126.81275,37.56721],[126.81261,37.56653],[126.81259,37.56647],[126.81251,37.56623],[126.81248,37.56617],[126.81231,37.56585],[126.81104,37.56406],[126.81118,37.56395],[126.81124,37.56392],[126.81236,37.56397],[126.81368,37.56436],[126.81645,37.56462],[126.81651,37.56461],[126.81651,37.56451],[126.81652,37.56309],[126.82129,37.56246],[126.82722,37.56184],[126.8278,37.56663],[126.8242,37.56693],[126.82316,37.56702],[126.823,37.56738],[126.82261,37.56852],[126.82259,37.56864],[126.82259,37.56874],[126.82259,37.56878],[126.82259,37.56883],[126.82261,37.5689],[126.82264,37.56899],[126.82265,37.56904],[126.82276,37.56963],[126.8227,37.57068],[126.8224,37.5727],[126.82236,37.57283],[126.82229,37.57308],[126.82208,37.57328]]]},"properties":{"adm_cd2":"1150063000","adm_nm":"서울특별시 강서구 방화1동","sggnm":"강서구"}},
{"type":"Feature","geometry":{"type":"Polygon","coordinates":[[[126.81104,37.56406],[126.81231,37.56585],[126.81248,37.56617],[126.81251,37.56623],[126.81259,37.56647],[126.81261,37.56653],[126.81275,37.56721],[126.81282,37.56813],[126.8128,37.56983],[126.8128,37.56996],[126.81274,37.57011],[126.81267,37.57028],[126.81245,37.57069],[126.8119,37.57151],[126.8115,37.57209],[126.81125,37.57246],[126.81091,37.57295],[126.81067,37.57329],[126.80997,37.57316],[126.80979,37.57313],[126.80973,37.57312],[126.80936,37.57305],[126.80884,37.57296],[126.80868,37.57294],[126.80799,37.57284],[126.8074,37.57275],[126.80648,37.57262],[126.80635,37.57261],[126.80583,37.57257],[126.80578,37.57257],[126.80417,37.57257],[126.80362,37.57258],[126.80336,37.5734],[126.80394,37.57408],[126.80401,37.57449],[126.80511,37.57711],[126.80591,37.57786],[126.80621,37.57948],[126.80548,37.57953],[126.80619,37.58062],[126.80643,37.58121],[126.80635,37.58198],[126.80782,37.58228],[126.80834,37.58304],[126.80904,37.58363],[126.81064,37.58347],[126.81198,37.58289],[126.81292,37.58376],[126.81369,37.5834],[126.81422,37.58251],[126.8147,37.584],[126.81495,37.58536],[126.81492,37.58584],[126.81405,37.58619],[126.81455,37.58673],[126.8142,37.58696],[126.81858,37.59359],[126.81759,37.59529],[126.81641,37.59564],[126.81408,37.59759],[126.81128,37.59868],[126.811,37.59894],[126.81013,37.59972],[126.81001,37.59982],[126.80987,37.59995],[126.80719,37.60231],[126.80689,37.60258],[126.80664,37.60279],[126.8055,37.60369],[126.80494,37.60402],[126.80432,37.60429],[126.80397,37.60441],[126.80351,37.60451],[126.80289,37.60462],[126.80237,37.60465],[126.80222,37.60466],[126.80185,37.60465],[126.80128,37.6045],[126.80093,37.60434],[126.8006,37.6041],[126.80035,37.60382],[126.79792,37.60075],[126.79761,37.60026],[126.79747,37.59999],[126.79723,37.59934],[126.79714,37.59904],[126.7971,37.59891],[126.79702,37.59849],[126.79706,37.59793],[126.79707,37.59788],[126.79711,37.59728],[126.79725,37.59659],[126.79753,37.59587],[126.79758,37.59576],[126.79906,37.59211],[126.80062,37.58927],[126.80081,37.58901],[126.80082,37.58897],[126.80088,37.58875],[126.80079,37.588],[126.80068,37.5879],[126.79964,37.58802],[126.79883,37.58822],[126.79869,37.5881],[126.79834,37.58779],[126.79736,37.58558],[126.79703,37.58418],[126.7969,37.58402],[126.79626,37.58345],[126.79595,37.58318],[126.79591,37.58316],[126.79572,37.58312],[126.79482,37.58331],[126.79367,37.5816],[126.7937,37.58154],[126.79299,37.57974],[126.79174,37.58114],[126.79052,37.58031],[126.79006,37.57757],[126.78757,37.5756],[126.7991,37.56846],[126.79771,37.56454],[126.79965,37.56232],[126.80277,37.56219],[126.80767,37.56171],[126.80912,37.56255],[126.81019,37.56337],[126.81042,37.56355],[126.81104,37.56406]]]},"properties":{"adm_cd2":"1150064000","adm_nm":"서울특별시 강서구 방화2동","sggnm":"강서구"}},
{"type":"Feature","geometry":{"type":"Polygon","coordinates":[[[126.83209,37.58577],[126.82682,37.58799],[126.82453,37.5894],[126.82326,37.59033],[126.81858,37.59359],[126.8142,37.58696],[126.81455,37.58673],[126.81405,37.58619],[126.81492,37.58584],[126.81495,37.58536],[126.8147,37.584],[126.81422,37.58251],[126.81369,37.5834],[126.81292,37.58376],[126.81198,37.58289],[126.81064,37.58347],[126.80904,37.58363],[126.80834,37.58304],[126.80782,37.58228],[126.80635,37.58198],[126.80643,37.58121],[126.80619,37.58062],[126.80548,37.57953],[126.80621,37.57948],[126.80591,37.57786],[126.80511,37.57711],[126.80401,37.57449],[126.80394,37.57408],[126.80414,37.57403],[126.80514,37.57402],[126.80734,37.57427],[126.80739,37.57441],[126.80753,37.57482],[126.80754,37.57487],[126.80859,37.57529],[126.80868,37.57529],[126.80934,37.57527],[126.81001,37.57525],[126.8101,37.57525],[126.81311,37.57516],[126.81389,37.57514],[126.81402,37.57514],[126.81421,37.57513],[126.81551,37.57508],[126.81558,37.57508],[126.81578,37.57507],[126.81655,37.57502],[126.81655,37.57492],[126.81654,37.57428],[126.81651,37.57398],[126.81651,37.57338],[126.81677,37.57337],[126.81686,37.57337],[126.81956,37.57332],[126.82094,37.5733],[126.82208,37.57328],[126.82104,37.574],[126.82085,37.57528],[126.82128,37.57714],[126.82323,37.57909],[126.82419,37.57973],[126.8249,37.57994],[126.82594,37.58141],[126.82724,37.58258],[126.82883,37.58404],[126.83209,37.58577]]]},"properties":{"adm_cd2":"1150064100","adm_nm":"서울특별시 강서구 방화3동","sggnm":"강서구"}},
{"type":"Feature","geometry":{"type":"Polygon","coordinates":[[[126.84049,37.52654],[126.8489,37.5279],[126.84853,37.52851],[126.84731,37.53075],[126.84725,37.53087],[126.84737,37.53092],[126.84687,37.53182],[126.84677,37.53199],[126.84644,37.53253],[126.84606,37.53309],[126.84584,37.53321],[126.84369,37.53669],[126.84044,37.54162],[126.8404,37.54166],[126.83378,37.53987],[126.83517,37.53691],[126.83473,37.53603],[126.84049,37.52654]]]},"properties":{"adm_cd2":"1150054000","adm_nm":"서울특별시 강서구 화곡1동","sggnm":"강서구"}},
{"type":"Feature","geometry":{"type":"Polygon","coordinates":[[[126.83822,37.55857],[126.83636,37.55265],[126.83634,37.5526],[126.83632,37.548],[126.8363,37.54797],[126.83639,37.54672],[126.8365,37.54624],[126.83657,37.54597],[126.8368,37.54551],[126.83696,37.54526],[126.83712,37.54503],[126.83715,37.545],[126.83764,37.54454],[126.83788,37.54429],[126.8404,37.54166],[126.84044,37.54162],[126.84113,37.54191],[126.84141,37.54204],[126.84189,37.54229],[126.84195,37.54234],[126.84205,37.54241],[126.84222,37.54254],[126.84246,37.54278],[126.84272,37.54305],[126.84293,37.54326],[126.84295,37.54329],[126.84311,37.54345],[126.84316,37.54352],[126.84322,37.54358],[126.8438,37.54429],[126.84382,37.54432],[126.84446,37.54519],[126.84707,37.54886],[126.84636,37.5492],[126.84441,37.55176],[126.84428,37.55203],[126.84424,37.55227],[126.84423,37.55231],[126.8443,37.55297],[126.8456,37.55608],[126.84572,37.55782],[126.83822,37.55857]]]},"properties":{"adm_cd2":"1150061500","adm_nm":"서울특별시 강서구 우장산동","sggnm":"강서구"}},
{"type":"Feature","geometry":{"type":"Polygon","coordinates":[[[126.87846,37.51428],[126.87348,37.50852],[126.87703,37.5055],[126.87754,37.50528],[126.87777,37.50518],[126.87814,37.50504],[126.87834,37.50496],[126.87842,37.50492],[126.88014,37.50493],[126.88123,37.50399],[126.88132,37.50393],[126.88137,37.5039],[126.88173,37.50365],[126.88198,37.50358],[126.88292,37.50376],[126.88545,37.50549],[126.88999,37.50816],[126.89105,37.50788],[126.89142,37.50751],[126.89386,37.50748],[126.89514,37.50815],[126.89297,37.50946],[126.89175,37.50987],[126.89122,37.51066],[126.89119,37.5107],[126.8909,37.51108],[126.89079,37.5112],[126.89068,37.51133],[126.89045,37.51156],[126.89029,37.51167],[126.88963,37.51209],[126.88852,37.51266],[126.88173,37.51582],[126.87947,37.51677],[126.87846,37.51428]]]},"properties":{"adm_cd2":"1153051000","adm_nm":"서울특별시 구로구 신도림동","sggnm":"구로구"}},
{"type":"Feature","geometry":{"type":"Polygon","coordinates":[[[126.88015,37.48734],[126.88013,37.4874],[126.88001,37.48851],[126.87992,37.4899],[126.87982,37.49132],[126.87998,37.49215],[126.87999,37.49222],[126.88,37.49251],[126.87985,37.49464],[126.87959,37.49703],[126.87958,37.49712],[126.87958,37.49718],[126.87957,37.49731],[126.87957,37.4975],[126.87957,37.49772],[126.87957,37.4978],[126.87958,37.49791],[126.87959,37.49807],[126.87961,37.49827],[126.87964,37.49843],[126.87967,37.49864],[126.87968,37.49869],[126.87971,37.49885],[126.87974,37.49894],[126.87977,37.49907],[126.87987,37.4994],[126.88012,37.50001],[126.88016,37.50008],[126.87835,37.49981],[126.8751,37.49867],[126.87332,37.49799],[126.87291,37.49781],[126.87183,37.49728],[126.87121,37.49696],[126.86841,37.49644],[126.86803,37.49706],[126.86819,37.49553],[126.86831,37.4951],[126.86891,37.4951],[126.86961,37.4934],[126.86965,37.49252],[126.87005,37.49192],[126.87278,37.4888],[126.87529,37.48853],[126.87515,37.48648],[126.87474,37.48538],[126.87532,37.48545],[126.87552,37.48548],[126.87634,37.48561],[126.87708,37.48584],[126.87737,37.48596],[126.8781,37.48629],[126.88066,37.48597],[126.88015,37.48734]]]},"properties":{"adm_cd2":"1153052000","adm_nm":"서울특별시 구로구 구로1동","sggnm":"구로구"}},
{"type":"Feature","geometry":{"type":"Polygon","coordinates":[[[126.90323,37.48499],[126.90299,37.48499],[126.90291,37.48499],[126.90276,37.48501],[126.90045,37.48567],[126.90028,37.48576],[126.89884,37.48659],[126.8986,37.48673],[126.8977,37.48748],[126.89756,37.4876],[126.89742,37.48776],[126.8954,37.49203],[126.89175,37.48974],[126.88952,37.48827],[126.88915,37.48802],[126.88835,37.48744],[126.88802,37.48712],[126.88647,37.4853],[126.88621,37.48498],[126.88659,37.48496],[126.88751,37.48484],[126.88791,37.48474],[126.88797,37.48473],[126.88804,37.48471],[126.89099,37.48391],[126.89103,37.48389],[126.89125,37.48382],[126.8913,37.4838],[126.89156,37.48369],[126.89143,37.4835],[126.89133,37.48338],[126.89211,37.48065],[126.89348,37.48025],[126.89438,37.4802],[126.89605,37.47879],[126.89617,37.47855],[126.89895,37.47895],[126.89947,37.48034],[126.90323,37.48499]]]},"properties":{"adm_cd2":"1153054000","adm_nm":"서울특별시 구로구 구로3동","sggnm":"구로구"}},
{"type":"Feature","geometry":{"type":"Polygon","coordinates":[[[126.8954,37.49203],[126.89537,37.4921],[126.89455,37.49432],[126.89353,37.49772],[126.88882,37.49529],[126.89041,37.49321],[126.88966,37.49209],[126.88799,37.48993],[126.88604,37.49016],[126.88552,37.49024],[126.8852,37.49033],[126.88481,37.49042],[126.88419,37.49056],[126.88412,37.49053],[126.88407,37.49052],[126.88444,37.48893],[126.88481,37.4879],[126.88552,37.4862],[126.88557,37.48609],[126.88605,37.48498],[126.88621,37.48498],[126.88647,37.4853],[126.88802,37.48712],[126.88835,37.48744],[126.88915,37.48802],[126.88952,37.48827],[126.89175,37.48974],[126.8954,37.49203]]]},"properties":{"adm_cd2":"1153055000","adm_nm":"서울특별시 구로구 구로4동","sggnm":"구로구"}},
{"type":"Feature","geometry":{"type":"Polygon","coordinates":[[[126.88123,37.50399],[126.87982,37.50302],[126.88082,37.50203],[126.88347,37.4997],[126.8835,37.49967],[126.88353,37.49965],[126.88356,37.49963],[126.88362,37.49958],[126.88375,37.49949],[126.88385,37.49943],[126.88398,37.49935],[126.88407,37.49931],[126.88412,37.49928],[126.88416,37.49927],[126.88434,37.49919],[126.88437,37.49918],[126.8847,37.49906],[126.88722,37.49717],[126.88882,37.49529],[126.89353,37.49772],[126.89345,37.49825],[126.89344,37.49841],[126.89333,37.50112],[126.89332,37.50118],[126.89331,37.50151],[126.89332,37.50202],[126.89333,37.50231],[126.89334,37.50252],[126.89334,37.50257],[126.8934,37.50313],[126.89369,37.50442],[126.89386,37.50748],[126.89142,37.50751],[126.89105,37.50788],[126.88999,37.50816],[126.88545,37.50549],[126.88292,37.50376],[126.88198,37.50358],[126.88173,37.50365],[126.88137,37.5039],[126.88132,37.50393],[126.88123,37.50399]]]},"properties":{"adm_cd2":"1153056000","adm_nm":"서울특별시 구로구 구로5동","sggnm":"구로구"}},
{"type":"Feature","geometry":{"type":"Polygon","coordinates":[[[126.86275,37.506],[126.86136,37.50477],[126.85732,37.50417],[126.85717,37.50412],[126.85667,37.50393],[126.85662,37.50379],[126.857,37.50349],[126.85741,37.50317],[126.85715,37.50217],[126.85605,37.50224],[126.85582,37.50117],[126.8558,37.50104],[126.85563,37.49999],[126.85555,37.49931],[126.85664,37.49755],[126.8605,37.49686],[126.86256,37.49662],[126.86284,37.49672],[126.8631,37.49681],[126.86361,37.4961],[126.86411,37.49479],[126.86419,37.49401],[126.86819,37.49553],[126.86803,37.49706],[126.87126,37.50563],[126.86964,37.5054],[126.86457,37.50501],[126.86353,37.50497],[126.86339,37.50508],[126.86317,37.50525],[126.86275,37.506]]]},"properties":{"adm_cd2":"1153072000","adm_nm":"서울특별시 구로구 고척1동","sggnm":"구로구"}},
{"type":"Feature","geometry":{"type":"Polygon","coordinates":[[[126.84529,37.50787],[126.84736,37.50481],[126.84752,37.50451],[126.84817,37.50333],[126.84827,37.50317],[126.84844,37.50289],[126.84998,37.50132],[126.85246,37.49966],[126.85274,37.49948],[126.85283,37.4995],[126.85292,37.49954],[126.85301,37.49958],[126.85353,37.50064],[126.85463,37.50261],[126.85468,37.5026],[126.85499,37.50253],[126.85605,37.50224],[126.85715,37.50217],[126.85741,37.50317],[126.857,37.50349],[126.85662,37.50379],[126.85667,37.50393],[126.85717,37.50412],[126.85732,37.50417],[126.86136,37.50477],[126.86275,37.506],[126.86246,37.50669],[126.86011,37.50669],[126.85968,37.50739],[126.8596,37.50754],[126.85816,37.50995],[126.85609,37.50947],[126.85507,37.50992],[126.85402,37.5103],[126.8529,37.51058],[126.85124,37.51003],[126.84718,37.50879],[126.84529,37.50787]]]},"properties":{"adm_cd2":"1153073000","adm_nm":"서울특별시 구로구 고척2동","sggnm":"구로구"}},
{"type":"Feature","geometry":{"type":"Polygon","coordinates":[[[126.86819,37.49553],[126.86419,37.49401],[126.86319,37.49396],[126.85929,37.4942],[126.85862,37.49434],[126.85833,37.49449],[126.85785,37.49484],[126.85616,37.49528],[126.85551,37.49542],[126.85327,37.49585],[126.85077,37.49573],[126.84862,37.49521],[126.84829,37.49389],[126.84814,37.49046],[126.85047,37.4899],[126.85097,37.48985],[126.85102,37.48985],[126.85541,37.48996],[126.85874,37.49017],[126.8617,37.49077],[126.86309,37.49096],[126.86704,37.49296],[126.86831,37.4951],[126.86819,37.49553]]]},"properties":{"adm_cd2":"1153075000","adm_nm":"서울특별시 구로구 개봉2동","sggnm":"구로구"}},
{"type":"Feature","geometry":{"type":"Polygon","coordinates":[[[126.84814,37.49046],[126.8479,37.49036],[126.84762,37.49024],[126.84718,37.48984],[126.84637,37.4891],[126.84503,37.48712],[126.84466,37.48653],[126.84581,37.48551],[126.84759,37.48463],[126.84967,37.48395],[126.84987,37.48388],[126.84827,37.48236],[126.84817,37.48221],[126.84824,37.48211],[126.85001,37.48166],[126.85063,37.4816],[126.85109,37.48155],[126.85149,37.48159],[126.85189,37.48163],[126.85198,37.48167],[126.85256,37.48194],[126.85308,37.48229],[126.85324,37.4824],[126.85345,37.48261],[126.85348,37.48264],[126.85651,37.48569],[126.8577,37.4859],[126.85818,37.4863],[126.85834,37.48649],[126.85907,37.48733],[126.86126,37.48983],[126.86161,37.49018],[126.86172,37.49027],[126.86187,37.49039],[126.86309,37.49096],[126.8617,37.49077],[126.85874,37.49017],[126.85541,37.48996],[126.85102,37.48985],[126.85097,37.48985],[126.85047,37.4899],[126.84814,37.49046]]]},"properties":{"adm_cd2":"1153076000","adm_nm":"서울특별시 구로구 개봉3동","sggnm":"구로구"}},
{"type":"Feature","geometry":{"type":"Polygon","coordinates":[[[126.83641,37.50065],[126.83638,37.50065],[126.83622,37.50063],[126.83581,37.50042],[126.83569,37.50034],[126.83535,37.50002],[126.83424,37.49891],[126.83414,37.49863],[126.83413,37.49854],[126.83412,37.49843],[126.83412,37.49834],[126.83412,37.49831],[126.83427,37.49784],[126.83442,37.49768],[126.8356,37.49695],[126.83689,37.49619],[126.83737,37.49449],[126.83808,37.49316],[126.83981,37.49338],[126.84411,37.49378],[126.84435,37.49383],[126.84507,37.49401],[126.84555,37.4944],[126.84778,37.49502],[126.84862,37.49521],[126.85077,37.49573],[126.85037,37.49619],[126.85017,37.4964],[126.85007,37.49651],[126.84996,37.49663],[126.84879,37.49741],[126.84838,37.49766],[126.84477,37.49941],[126.84415,37.49969],[126.84405,37.49972],[126.84336,37.49985],[126.84156,37.50009],[126.84136,37.50011],[126.84109,37.50014],[126.83874,37.50023],[126.83836,37.50014],[126.83689,37.50063],[126.83641,37.50065]]]},"properties":{"adm_cd2":"1153077000","adm_nm":"서울특별시 구로구 오류1동","sggnm":"구로구"}},
{"type":"Feature","geometry":{"type":"Polygon","coordinates":[[[126.82405,37.48885],[126.82386,37.48878],[126.823,37.48848],[126.82303,37.48808],[126.82347,37.48775],[126.82319,37.4875],[126.82233,37.48674],[126.8213,37.48619],[126.82126,37.48618],[126.82119,37.48615],[126.82037,37.48588],[126.81951,37.48556],[126.81943,37.48547],[126.81939,37.48537],[126.81942,37.48396],[126.81945,37.48271],[126.81993,37.48176],[126.81957,37.48028],[126.8182,37.47814],[126.81705,37.47812],[126.81644,37.47757],[126.81607,37.47712],[126.81609,37.47672],[126.81529,37.47645],[126.81487,37.47578],[126.81475,37.47467],[126.81539,37.47401],[126.81591,37.47399],[126.81666,37.47392],[126.81709,37.47359],[126.81731,37.47318],[126.81784,37.47315],[126.81793,37.47347],[126.81867,37.47413],[126.81846,37.47518],[126.8195,37.47511],[126.81915,37.4755],[126.81922,37.47616],[126.82122,37.47625],[126.82168,37.47531],[126.82265,37.47586],[126.82419,37.47618],[126.82513,37.47676],[126.82597,37.47685],[126.82876,37.4761],[126.82928,37.47625],[126.82965,37.47669],[126.83179,37.47757],[126.83235,37.47826],[126.83255,37.47905],[126.83199,37.48009],[126.83212,37.48082],[126.83084,37.48122],[126.83115,37.48173],[126.83208,37.48291],[126.83207,37.48394],[126.83044,37.48441],[126.82994,37.48552],[126.82888,37.48576],[126.82818,37.48697],[126.8282,37.48762],[126.8278,37.48817],[126.82597,37.48823],[126.82478,37.48859],[126.82405,37.48885]]]},"properties":{"adm_cd2":"1153080000","adm_nm":"서울특별시 구로구 항동","sggnm":"구로구"}},
{"type":"Feature","geometry":{"type":"Polygon","coordinates":[[[126.82468,37.50833],[126.82224,37.5076],[126.82245,37.50607],[126.82195,37.50453],[126.82152,37.50303],[126.82159,37.50206],[126.8202,37.50158],[126.81938,37.5005],[126.81976,37.49923],[126.81895,37.49869],[126.81821,37.49888],[126.81651,37.49781],[126.81593,37.49764],[126.81517,37.49804],[126.81436,37.49831],[126.814,37.4972],[126.81298,37.49629],[126.81429,37.49463],[126.81439,37.4932],[126.81559,37.49307],[126.81594,37.49243],[126.81786,37.49158],[126.81854,37.49165],[126.81941,37.49124],[126.82021,37.49087],[126.82026,37.49084],[126.82062,37.49076],[126.82274,37.48998],[126.823,37.48848],[126.82386,37.48878],[126.82405,37.48885],[126.82499,37.48956],[126.82641,37.49063],[126.82702,37.49121],[126.82685,37.49126],[126.82681,37.49227],[126.82679,37.49315],[126.82694,37.49321],[126.83156,37.49322],[126.83224,37.49322],[126.8325,37.49321],[126.8325,37.49307],[126.83315,37.49308],[126.83336,37.49308],[126.83435,37.49308],[126.83438,37.49308],[126.8359,37.49309],[126.83644,37.49311],[126.83808,37.49316],[126.83737,37.49449],[126.83689,37.49619],[126.8356,37.49695],[126.83442,37.49768],[126.83427,37.49784],[126.83412,37.49831],[126.83412,37.49834],[126.83412,37.49843],[126.83413,37.49854],[126.83414,37.49863],[126.83424,37.49891],[126.83535,37.50002],[126.83569,37.50034],[126.83581,37.50042],[126.83622,37.50063],[126.83638,37.50065],[126.83641,37.50065],[126.83646,37.50077],[126.83653,37.50097],[126.83642,37.50246],[126.83617,37.50304],[126.8357,37.50339],[126.83535,37.50348],[126.83434,37.50377],[126.83424,37.50383],[126.83388,37.50408],[126.83264,37.50503],[126.83064,37.50683],[126.83068,37.50757],[126.82697,37.50859],[126.82653,37.50875],[126.82627,37.50875],[126.82468,37.50833]]]},"properties":{"adm_cd2":"1153079000","adm_nm":"서울특별시 구로구 수궁동","sggnm":"구로구"}},
{"type":"Feature","geometry":{"type":"Polygon","coordinates":[[[126.88066,37.48597],[126.88227,37.48503],[126.88547,37.48284],[126.88718,37.48111],[126.88737,37.48087],[126.8875,37.48073],[126.88757,37.48065],[126.88763,37.48059],[126.88775,37.48048],[126.88784,37.4804],[126.8879,37.48035],[126.88816,37.48014],[126.88822,37.4801],[126.88834,37.48002],[126.88845,37.47995],[126.88853,37.4799],[126.88872,37.4798],[126.88908,37.47962],[126.8893,37.47954],[126.88952,37.47946],[126.88975,37.4794],[126.88993,37.47935],[126.89013,37.47931],[126.8902,37.4793],[126.89041,37.47926],[126.89441,37.47858],[126.89481,37.47851],[126.89521,37.47847],[126.89537,37.47847],[126.89556,37.47846],[126.8956,37.47846],[126.89586,37.47846],[126.89617,37.47855],[126.89605,37.47879],[126.89438,37.4802],[126.89348,37.48025],[126.89211,37.48065],[126.89133,37.48338],[126.89143,37.4835],[126.89156,37.48369],[126.8913,37.4838],[126.89125,37.48382],[126.89103,37.48389],[126.89099,37.48391],[126.88804,37.48471],[126.88797,37.48473],[126.88791,37.48474],[126.88751,37.48484],[126.88659,37.48496],[126.88621,37.48498],[126.88605,37.48498],[126.88594,37.48499],[126.88288,37.4866],[126.88015,37.48734],[126.88066,37.48597]]]},"properties":{"adm_cd2":"1153059500","adm_nm":"서울특별시 구로구 가리봉동","sggnm":"구로구"}},
{"type":"Feature","geometry":{"type":"Polygon","coordinates":[[[126.87126,37.50563],[126.86803,37.49706],[126.86841,37.49644],[126.87121,37.49696],[126.87183,37.49728],[126.87291,37.49781],[126.87332,37.49799],[126.8751,37.49867],[126.87835,37.49981],[126.88016,37.50008],[126.88012,37.50001],[126.87987,37.4994],[126.87977,37.49907],[126.87974,37.49894],[126.87971,37.49885],[126.87968,37.49869],[126.87967,37.49864],[126.87964,37.49843],[126.87961,37.49827],[126.87959,37.49807],[126.87958,37.49791],[126.87957,37.4978],[126.87957,37.49772],[126.87957,37.4975],[126.87957,37.49731],[126.87958,37.49718],[126.87958,37.49712],[126.87959,37.49703],[126.87985,37.49464],[126.88,37.49251],[126.87999,37.49222],[126.87998,37.49215],[126.87982,37.49132],[126.87992,37.4899],[126.88001,37.48851],[126.88013,37.4874],[126.88015,37.48734],[126.88288,37.4866],[126.88594,37.48499],[126.88605,37.48498],[126.88557,37.48609],[126.88552,37.4862],[126.88481,37.4879],[126.88444,37.48893],[126.88407,37.49052],[126.88412,37.49053],[126.88419,37.49056],[126.88481,37.49042],[126.8852,37.49033],[126.88552,37.49024],[126.88604,37.49016],[126.88799,37.48993],[126.88966,37.49209],[126.89041,37.49321],[126.88882,37.49529],[126.88722,37.49717],[126.8847,37.49906],[126.88437,37.49918],[126.88434,37.49919],[126.88416,37.49927],[126.88412,37.49928],[126.88407,37.49931],[126.88398,37.49935],[126.88385,37.49943],[126.88375,37.49949],[126.88362,37.49958],[126.88356,37.49963],[126.88353,37.49965],[126.8835,37.49967],[126.88347,37.4997],[126.88082,37.50203],[126.87982,37.50302],[126.88123,37.50399],[126.88014,37.50493],[126.87842,37.50492],[126.87834,37.50496],[126.87814,37.50504],[126.87777,37.50518],[126.87754,37.50528],[126.87703,37.5055],[126.87348,37.50852],[126.87126,37.50563]]]},"properties":{"adm_cd2":"1153053000","adm_nm":"서울특별시 구로구 구로2동","sggnm":"구로구"}},
{"type":"Feature","geometry":{"type":"Polygon","coordinates":[[[126.83836,37.50014],[126.83874,37.50023],[126.84109,37.50014],[126.84136,37.50011],[126.84156,37.50009],[126.84336,37.49985],[126.84405,37.49972],[126.84415,37.49969],[126.84477,37.49941],[126.84838,37.49766],[126.84879,37.49741],[126.84996,37.49663],[126.85007,37.49651],[126.85017,37.4964],[126.85037,37.49619],[126.85077,37.49573],[126.85327,37.49585],[126.85551,37.49542],[126.85616,37.49528],[126.85785,37.49484],[126.85833,37.49449],[126.85862,37.49434],[126.85929,37.4942],[126.86319,37.49396],[126.86419,37.49401],[126.86411,37.49479],[126.86361,37.4961],[126.8631,37.49681],[126.86284,37.49672],[126.86256,37.49662],[126.8605,37.49686],[126.85664,37.49755],[126.85555,37.49931],[126.85563,37.49999],[126.8558,37.50104],[126.85582,37.50117],[126.85605,37.50224],[126.85499,37.50253],[126.85468,37.5026],[126.85463,37.50261],[126.85353,37.50064],[126.85301,37.49958],[126.85292,37.49954],[126.85283,37.4995],[126.85274,37.49948],[126.85246,37.49966],[126.84998,37.50132],[126.84844,37.50289],[126.84827,37.50317],[126.84817,37.50333],[126.84752,37.50451],[126.84736,37.50481],[126.84529,37.50787],[126.84454,37.50644],[126.84233,37.50489],[126.84062,37.50399],[126.83898,37.5029],[126.83838,37.50147],[126.83836,37.50014]]]},"properties":{"adm_cd2":"1153074000","adm_nm":"서울특별시 구로구 개봉1동","sggnm":"구로구"}},
{"type":"Feature","geometry":{"type":"Polygon","coordinates":[[[126.87474,37.48538],[126.87398,37.48505],[126.87391,37.48333],[126.87472,37.48141],[126.87516,37.48045],[126.87562,37.47948],[126.87572,37.47929],[126.87613,37.47852],[126.8763,37.47821],[126.87664,37.47759],[126.87666,37.47756],[126.87758,37.47605],[126.87782,37.47567],[126.87798,37.47543],[126.87815,37.47518],[126.87846,37.4747],[126.87901,37.47396],[126.87917,37.47374],[126.8795,37.4733],[126.87976,37.47296],[126.87986,37.47283],[126.8799,37.47278],[126.88065,37.47185],[126.88578,37.46582],[126.88607,37.46548],[126.88677,37.46468],[126.8894,37.46576],[126.8891,37.46756],[126.88829,37.46933],[126.88712,37.47203],[126.89017,37.47225],[126.89187,37.4723],[126.89227,37.47228],[126.89279,37.47226],[126.89388,37.47223],[126.894,37.47351],[126.89406,37.47452],[126.8947,37.47485],[126.89499,37.475],[126.89568,37.47535],[126.89591,37.47546],[126.89653,37.47575],[126.89586,37.47846],[126.8956,37.47846],[126.89556,37.47846],[126.89537,37.47847],[126.89521,37.47847],[126.89481,37.47851],[126.89441,37.47858],[126.89041,37.47926],[126.8902,37.4793],[126.89013,37.47931],[126.88993,37.47935],[126.88975,37.4794],[126.88952,37.47946],[126.8893,37.47954],[126.88908,37.47962],[126.88872,37.4798],[126.88853,37.4799],[126.88845,37.47995],[126.88834,37.48002],[126.88822,37.4801],[126.88816,37.48014],[126.8879,37.48035],[126.88784,37.4804],[126.88775,37.48048],[126.88763,37.48059],[126.88757,37.48065],[126.8875,37.48073],[126.88737,37.48087],[126.88718,37.48111],[126.88547,37.48284],[126.88227,37.48503],[126.88066,37.48597],[126.8781,37.48629],[126.87737,37.48596],[126.87708,37.48584],[126.87634,37.48561],[126.87552,37.48548],[126.87532,37.48545],[126.87474,37.48538]]]},"properties":{"adm_cd2":"1154551000","adm_nm":"서울특별시 금천구 가산동","sggnm":"금천구"}},
{"type":"Feature","geometry":{"type":"Polygon","coordinates":[[[126.89617,37.47855],[126.89586,37.47846],[126.89653,37.47575],[126.89591,37.47546],[126.89568,37.47535],[126.89499,37.475],[126.8947,37.47485],[126.89406,37.47452],[126.894,37.47351],[126.89388,37.47223],[126.89279,37.47226],[126.89227,37.47228],[126.89187,37.4723],[126.89017,37.47225],[126.88712,37.47203],[126.88829,37.46933],[126.8891,37.46756],[126.8894,37.46576],[126.88677,37.46468],[126.88865,37.46247],[126.88908,37.46153],[126.8891,37.4614],[126.88907,37.46125],[126.88896,37.46106],[126.88886,37.46092],[126.88868,37.46085],[126.88865,37.46083],[126.8886,37.46083],[126.88839,37.46083],[126.88822,37.4609],[126.88798,37.46101],[126.88762,37.46113],[126.88667,37.46098],[126.88606,37.46064],[126.88527,37.46006],[126.8862,37.45657],[126.88638,37.4562],[126.88717,37.45557],[126.88948,37.45275],[126.88953,37.45253],[126.88962,37.45235],[126.88971,37.45232],[126.89246,37.45194],[126.89263,37.45192],[126.89407,37.45264],[126.89446,37.45254],[126.89523,37.45278],[126.89486,37.45361],[126.89466,37.45392],[126.89403,37.45491],[126.8938,37.45541],[126.89354,37.45598],[126.8931,37.45736],[126.89682,37.45883],[126.8973,37.45898],[126.8974,37.45901],[126.89874,37.45939],[126.89806,37.46081],[126.89781,37.46145],[126.8977,37.46172],[126.89742,37.46264],[126.89738,37.46303],[126.89733,37.4635],[126.89732,37.46357],[126.89763,37.46651],[126.89801,37.47142],[126.89895,37.47895],[126.89617,37.47855]]]},"properties":{"adm_cd2":"1154561000","adm_nm":"서울특별시 금천구 독산1동","sggnm":"금천구"}},
{"type":"Feature","geometry":{"type":"Polygon","coordinates":[[[126.89874,37.45939],[126.89887,37.45908],[126.89912,37.45846],[126.89937,37.45797],[126.9001,37.45815],[126.90014,37.45816],[126.90181,37.45944],[126.90248,37.46059],[126.90254,37.46135],[126.90256,37.46164],[126.9029,37.4622],[126.90436,37.46229],[126.90492,37.4627],[126.90728,37.46445],[126.90967,37.46566],[126.90993,37.46572],[126.91025,37.4656],[126.91072,37.4654],[126.91096,37.46526],[126.91244,37.46568],[126.9124,37.46601],[126.90812,37.46716],[126.90808,37.46723],[126.90784,37.46729],[126.90773,37.46732],[126.90743,37.46736],[126.90678,37.46742],[126.90664,37.4674],[126.90644,37.46737],[126.90637,37.46735],[126.9063,37.46733],[126.90597,37.46723],[126.90532,37.46699],[126.90432,37.46681],[126.90364,37.46672],[126.90281,37.4666],[126.90243,37.46655],[126.90174,37.46647],[126.90171,37.46646],[126.90088,37.46647],[126.89994,37.46648],[126.89763,37.46651],[126.89732,37.46357],[126.89733,37.4635],[126.89738,37.46303],[126.89742,37.46264],[126.8977,37.46172],[126.89781,37.46145],[126.89806,37.46081],[126.89874,37.45939]]]},"properties":{"adm_cd2":"1154562000","adm_nm":"서울특별시 금천구 독산2동","sggnm":"금천구"}},
{"type":"Feature","geometry":{"type":"Polygon","coordinates":[[[126.89895,37.47895],[126.89801,37.47142],[126.90045,37.47129],[126.90319,37.47236],[126.90363,37.47231],[126.90445,37.47221],[126.90491,37.47215],[126.90632,37.47199],[126.9066,37.47206],[126.90736,37.47228],[126.90823,37.47263],[126.90984,37.47325],[126.90988,37.47326],[126.91072,37.47364],[126.91081,37.4737],[126.91085,37.47373],[126.91087,37.47375],[126.91091,37.47379],[126.91093,37.47382],[126.91096,37.47386],[126.91135,37.47474],[126.91164,37.47552],[126.91194,37.47691],[126.91186,37.47726],[126.91162,37.47817],[126.91129,37.47815],[126.91126,37.47814],[126.91065,37.4781],[126.90949,37.4782],[126.90924,37.4784],[126.90882,37.47886],[126.90882,37.47944],[126.90972,37.48095],[126.90855,37.48073],[126.9075,37.48053],[126.90655,37.48036],[126.90531,37.48013],[126.90386,37.47986],[126.90247,37.47961],[126.90212,37.47954],[126.90067,37.47933],[126.89947,37.48034],[126.89895,37.47895]]]},"properties":{"adm_cd2":"1154563000","adm_nm":"서울특별시 금천구 독산3동","sggnm":"금천구"}},
{"type":"Feature","geometry":{"type":"Polygon","coordinates":[[[126.89763,37.46651],[126.89994,37.46648],[126.90088,37.46647],[126.90171,37.46646],[126.90174,37.46647],[126.90243,37.46655],[126.90281,37.4666],[126.90364,37.46672],[126.90432,37.46681],[126.90532,37.46699],[126.90597,37.46723],[126.9063,37.46733],[126.90637,37.46735],[126.90644,37.46737],[126.90664,37.4674],[126.90678,37.46742],[126.90743,37.46736],[126.90773,37.46732],[126.90784,37.46729],[126.90808,37.46723],[126.90812,37.46716],[126.9124,37.46601],[126.91186,37.46642],[126.91162,37.46663],[126.91013,37.46907],[126.90901,37.47121],[126.90864,37.47208],[126.90823,37.47263],[126.90736,37.47228],[126.9066,37.47206],[126.90632,37.47199],[126.90491,37.47215],[126.90445,37.47221],[126.90363,37.47231],[126.90319,37.47236],[126.90045,37.47129],[126.89801,37.47142],[126.89763,37.46651]]]},"properties":{"adm_cd2":"1154564000","adm_nm":"서울특별시 금천구 독산4동","sggnm":"금천구"}},
{"type":"Feature","geometry":{"type":"Polygon","coordinates":[[[126.89407,37.45264],[126.89483,37.45085],[126.89509,37.44843],[126.89612,37.44585],[126.89823,37.44465],[126.89935,37.44441],[126.89949,37.44439],[126.89977,37.44435],[126.90027,37.44434],[126.90066,37.44448],[126.90349,37.44634],[126.90357,37.44649],[126.90344,37.44714],[126.90339,37.44725],[126.90332,37.44744],[126.90292,37.44852],[126.90381,37.44873],[126.90411,37.4488],[126.90475,37.44898],[126.90489,37.44907],[126.90538,37.4494],[126.90569,37.44981],[126.9057,37.44984],[126.90576,37.4501],[126.90593,37.4509],[126.90613,37.45371],[126.90603,37.45455],[126.90461,37.46154],[126.90436,37.46229],[126.9029,37.4622],[126.90256,37.46164],[126.90254,37.46135],[126.90248,37.46059],[126.90181,37.45944],[126.90014,37.45816],[126.9001,37.45815],[126.89937,37.45797],[126.89912,37.45846],[126.89887,37.45908],[126.89874,37.45939],[126.8974,37.45901],[126.8973,37.45898],[126.89682,37.45883],[126.8931,37.45736],[126.89354,37.45598],[126.8938,37.45541],[126.89403,37.45491],[126.89466,37.45392],[126.89486,37.45361],[126.89523,37.45278],[126.89446,37.45254],[126.89407,37.45264]]]},"properties":{"adm_cd2":"1154567000","adm_nm":"서울특별시 금천구 시흥1동","sggnm":"금천구"}},
{"type":"Feature","geometry":{"type":"Polygon","coordinates":[[[126.92875,37.45019],[126.92707,37.45169],[126.9253,37.45288],[126.92318,37.45443],[126.92306,37.45463],[126.92264,37.45554],[126.92243,37.45673],[126.92251,37.45695],[126.92247,37.45725],[126.91841,37.45716],[126.91845,37.45694],[126.91845,37.45681],[126.9183,37.456],[126.91819,37.45552],[126.91645,37.45384],[126.91537,37.4533],[126.915,37.45312],[126.91494,37.4531],[126.91484,37.45309],[126.91469,37.45307],[126.9146,37.45311],[126.91456,37.45312],[126.91424,37.4532],[126.91414,37.45322],[126.91394,37.45314],[126.91373,37.45292],[126.91263,37.4509],[126.91262,37.45088],[126.91221,37.44968],[126.91221,37.44952],[126.91223,37.4494],[126.91223,37.44936],[126.91232,37.44894],[126.91246,37.44854],[126.91263,37.44843],[126.91645,37.44646],[126.92109,37.44413],[126.92212,37.44517],[126.92373,37.44665],[126.92535,37.44752],[126.92834,37.44969],[126.92875,37.45019]]]},"properties":{"adm_cd2":"1154568000","adm_nm":"서울특별시 금천구 시흥2동","sggnm":"금천구"}},
{"type":"Feature","geometry":{"type":"Polygon","coordinates":[[[126.89823,37.44465],[126.89851,37.44387],[126.89893,37.44238],[126.89912,37.44104],[126.8991,37.4396],[126.8988,37.43937],[126.89872,37.43931],[126.89878,37.43911],[126.89888,37.4388],[126.89894,37.43871],[126.89906,37.43855],[126.89908,37.43852],[126.89911,37.43847],[126.89934,37.43819],[126.89938,37.43814],[126.90049,37.43736],[126.90192,37.43637],[126.90279,37.43551],[126.90447,37.43406],[126.90724,37.43359],[126.90739,37.4336],[126.9082,37.43368],[126.90829,37.43371],[126.90873,37.43382],[126.90893,37.43391],[126.90911,37.43399],[126.90934,37.43416],[126.91038,37.43541],[126.91047,37.43565],[126.91082,37.4366],[126.91125,37.43738],[126.91132,37.43749],[126.91135,37.43754],[126.91236,37.43859],[126.91403,37.43982],[126.91412,37.43989],[126.91433,37.44004],[126.9148,37.4401],[126.91487,37.44009],[126.91522,37.44006],[126.91351,37.44189],[126.90721,37.44584],[126.90586,37.44639],[126.90332,37.44744],[126.90339,37.44725],[126.90344,37.44714],[126.90357,37.44649],[126.90349,37.44634],[126.90066,37.44448],[126.90027,37.44434],[126.89977,37.44435],[126.89949,37.44439],[126.89935,37.44441],[126.89823,37.44465]]]},"properties":{"adm_cd2":"1154569000","adm_nm":"서울특별시 금천구 시흥3동","sggnm":"금천구"}},
{"type":"Feature","geometry":{"type":"Polygon","coordinates":[[[126.90436,37.46229],[126.90461,37.46154],[126.90603,37.45455],[126.90613,37.45371],[126.90883,37.45324],[126.90912,37.45394],[126.90964,37.4554],[126.90968,37.4556],[126.90969,37.45566],[126.90987,37.45611],[126.91045,37.4567],[126.91323,37.45806],[126.91415,37.45809],[126.91396,37.45864],[126.91286,37.46397],[126.91303,37.4644],[126.91348,37.46496],[126.91375,37.46528],[126.91244,37.46568],[126.91096,37.46526],[126.91072,37.4654],[126.91025,37.4656],[126.90993,37.46572],[126.90967,37.46566],[126.90728,37.46445],[126.90492,37.4627],[126.90436,37.46229]]]},"properties":{"adm_cd2":"1154570000","adm_nm":"서울특별시 금천구 시흥4동","sggnm":"금천구"}},
{"type":"Feature","geometry":{"type":"Polygon","coordinates":[[[126.90332,37.44744],[126.90586,37.44639],[126.90721,37.44584],[126.91351,37.44189],[126.91522,37.44006],[126.91795,37.4399],[126.91805,37.43989],[126.91811,37.43992],[126.91943,37.44078],[126.91951,37.44085],[126.9199,37.44129],[126.91993,37.44134],[126.92096,37.44362],[126.92109,37.44413],[126.91645,37.44646],[126.91263,37.44843],[126.91246,37.44854],[126.91232,37.44894],[126.91223,37.44936],[126.91223,37.4494],[126.91221,37.44952],[126.91221,37.44968],[126.91262,37.45088],[126.91263,37.4509],[126.91373,37.45292],[126.91394,37.45314],[126.91414,37.45322],[126.91424,37.4532],[126.91456,37.45312],[126.9146,37.45311],[126.91469,37.45307],[126.91484,37.45309],[126.91494,37.4531],[126.915,37.45312],[126.91537,37.4533],[126.91645,37.45384],[126.91819,37.45552],[126.9183,37.456],[126.91845,37.45681],[126.91845,37.45694],[126.91841,37.45716],[126.91483,37.45767],[126.91415,37.45809],[126.91323,37.45806],[126.91045,37.4567],[126.90987,37.45611],[126.90969,37.45566],[126.90968,37.4556],[126.90964,37.4554],[126.90912,37.45394],[126.90883,37.45324],[126.90613,37.45371],[126.90593,37.4509],[126.90576,37.4501],[126.9057,37.44984],[126.90569,37.44981],[126.90538,37.4494],[126.90489,37.44907],[126.90475,37.44898],[126.90411,37.4488],[126.90381,37.44873],[126.90292,37.44852],[126.90332,37.44744]]]},"properties":{"adm_cd2":"1154571000","adm_nm":"서울특별시 금천구 시흥5동","sggnm":"금천구"}},
{"type":"Feature","geometry":{"type":"Polygon","coordinates":[[[126.94467,37.53375],[126.94121,37.53645],[126.93582,37.539],[126.93026,37.54132],[126.92763,37.53903],[126.92303,37.54059],[126.92244,37.54139],[126.9171,37.54142],[126.90498,37.54132],[126.90647,37.53911],[126.90787,37.53415],[126.9093,37.53261],[126.91163,37.52735],[126.91198,37.52626],[126.91271,37.52516],[126.9132,37.52442],[126.91338,37.52417],[126.91369,37.52375],[126.91523,37.52155],[126.91582,37.52064],[126.91602,37.52034],[126.91665,37.51989],[126.9172,37.51958],[126.91749,37.51945],[126.91763,37.51936],[126.91818,37.519],[126.91831,37.51891],[126.91915,37.51853],[126.91974,37.51826],[126.91985,37.51822],[126.92019,37.51809],[126.92511,37.51629],[126.92525,37.51624],[126.92601,37.5161],[126.93215,37.51565],[126.93304,37.51576],[126.9394,37.51614],[126.94956,37.51781],[126.94962,37.52116],[126.94965,37.52676],[126.94864,37.52855],[126.94467,37.53375]]]},"properties":{"adm_cd2":"1156054000","adm_nm":"서울특별시 영등포구 여의동","sggnm":"영등포구"}},
{"type":"Feature","geometry":{"type":"Polygon","coordinates":[[[126.90284,37.52612],[126.89723,37.52775],[126.8972,37.52776],[126.8966,37.52804],[126.89415,37.52921],[126.89297,37.5277],[126.89282,37.52751],[126.89263,37.52722],[126.89164,37.52312],[126.89155,37.52276],[126.89152,37.5226],[126.89138,37.52193],[126.89225,37.52074],[126.89862,37.5197],[126.89969,37.51949],[126.90029,37.51936],[126.90046,37.51932],[126.90059,37.51928],[126.9011,37.51904],[126.90109,37.51906],[126.90107,37.5191],[126.90101,37.51946],[126.90098,37.51987],[126.90098,37.51994],[126.90098,37.52008],[126.90097,37.52013],[126.90097,37.52017],[126.901,37.52041],[126.90213,37.52424],[126.90221,37.52444],[126.90223,37.5245],[126.90284,37.52612]]]},"properties":{"adm_cd2":"1156055000","adm_nm":"서울특별시 영등포구 당산1동","sggnm":"영등포구"}},
{"type":"Feature","geometry":{"type":"Polygon","coordinates":[[[126.90218,37.54407],[126.90069,37.54287],[126.90093,37.54228],[126.90005,37.54182],[126.89878,37.54271],[126.89781,37.54254],[126.89652,37.54295],[126.89564,37.54182],[126.8943,37.54214],[126.90076,37.53762],[126.89893,37.53536],[126.89478,37.53005],[126.89415,37.52921],[126.8966,37.52804],[126.8972,37.52776],[126.89723,37.52775],[126.90284,37.52612],[126.90487,37.53092],[126.90502,37.53123],[126.90505,37.5313],[126.90517,37.53156],[126.90524,37.5317],[126.90544,37.5321],[126.90547,37.53215],[126.9064,37.53235],[126.90651,37.53208],[126.90639,37.52827],[126.90639,37.52809],[126.9064,37.52778],[126.90643,37.52761],[126.90647,37.52739],[126.90651,37.52724],[126.90662,37.52673],[126.9068,37.52619],[126.90683,37.52612],[126.9069,37.52595],[126.90701,37.52567],[126.90746,37.52558],[126.90781,37.52572],[126.90795,37.52579],[126.90802,37.52583],[126.90825,37.52592],[126.90849,37.52601],[126.90889,37.52613],[126.91031,37.52633],[126.9114,37.5259],[126.91143,37.52585],[126.91194,37.52499],[126.91247,37.52409],[126.9132,37.52442],[126.91271,37.52516],[126.91198,37.52626],[126.91163,37.52735],[126.9093,37.53261],[126.90787,37.53415],[126.90647,37.53911],[126.90498,37.54132],[126.90218,37.54407]]]},"properties":{"adm_cd2":"1156056000","adm_nm":"서울특별시 영등포구 당산2동","sggnm":"영등포구"}},
{"type":"Feature","geometry":{"type":"Polygon","coordinates":[[[126.87982,37.5222],[126.87981,37.52138],[126.8818,37.52107],[126.8834,37.52082],[126.88374,37.52077],[126.88378,37.52077],[126.88501,37.52059],[126.8852,37.52137],[126.88536,37.52179],[126.88999,37.52103],[126.89105,37.52084],[126.89225,37.52074],[126.89138,37.52193],[126.89152,37.5226],[126.89155,37.52276],[126.89164,37.52312],[126.89263,37.52722],[126.89282,37.52751],[126.89297,37.5277],[126.89415,37.52921],[126.89004,37.53038],[126.88848,37.53072],[126.88761,37.52948],[126.88705,37.52878],[126.88696,37.52866],[126.88659,37.52831],[126.88631,37.52806],[126.88603,37.52793],[126.88535,37.52761],[126.88476,37.5274],[126.88173,37.52632],[126.88137,37.526],[126.88051,37.52523],[126.88049,37.52515],[126.88028,37.52436],[126.87982,37.5222]]]},"properties":{"adm_cd2":"1156061000","adm_nm":"서울특별시 영등포구 양평1동","sggnm":"영등포구"}},
{"type":"Feature","geometry":{"type":"Polygon","coordinates":[[[126.899,37.54792],[126.89063,37.55117],[126.88038,37.55618],[126.87932,37.55483],[126.8792,37.5532],[126.87799,37.55343],[126.87814,37.55155],[126.88071,37.54787],[126.88325,37.54556],[126.88516,37.54359],[126.88552,37.54184],[126.88832,37.5368],[126.89025,37.53467],[126.89003,37.53329],[126.8888,37.53283],[126.8888,37.53206],[126.89054,37.5315],[126.89004,37.53038],[126.89415,37.52921],[126.89478,37.53005],[126.89893,37.53536],[126.90076,37.53762],[126.8943,37.54214],[126.89564,37.54182],[126.89652,37.54295],[126.89781,37.54254],[126.89878,37.54271],[126.90005,37.54182],[126.90093,37.54228],[126.90069,37.54287],[126.90218,37.54407],[126.90175,37.54513],[126.899,37.54792]]]},"properties":{"adm_cd2":"1156062000","adm_nm":"서울특별시 영등포구 양평2동","sggnm":"영등포구"}},
{"type":"Feature","geometry":{"type":"Polygon","coordinates":[[[126.91749,37.51945],[126.91666,37.51746],[126.91671,37.51733],[126.91669,37.51709],[126.91725,37.51578],[126.9173,37.51569],[126.91769,37.51505],[126.91826,37.51457],[126.91847,37.51444],[126.91884,37.51423],[126.91839,37.51359],[126.91829,37.51345],[126.91777,37.51288],[126.91775,37.51286],[126.91708,37.5122],[126.91705,37.51217],[126.91614,37.51189],[126.91605,37.51186],[126.91374,37.51138],[126.91481,37.50779],[126.91612,37.50565],[126.91714,37.50622],[126.92055,37.50717],[126.92206,37.508],[126.92207,37.50808],[126.9221,37.50885],[126.92245,37.51013],[126.92352,37.51278],[126.92479,37.51449],[126.92484,37.51455],[126.92516,37.5149],[126.92601,37.5161],[126.92525,37.51624],[126.92511,37.51629],[126.92019,37.51809],[126.91985,37.51822],[126.91974,37.51826],[126.91915,37.51853],[126.91831,37.51891],[126.91818,37.519],[126.91763,37.51936],[126.91749,37.51945]]]},"properties":{"adm_cd2":"1156063000","adm_nm":"서울특별시 영등포구 신길1동","sggnm":"영등포구"}},
{"type":"Feature","geometry":{"type":"Polygon","coordinates":[[[126.91016,37.50383],[126.91063,37.50503],[126.91075,37.50528],[126.91077,37.50531],[126.911,37.50582],[126.911,37.50585],[126.91102,37.50592],[126.91104,37.50604],[126.91104,37.50607],[126.91098,37.50784],[126.91097,37.50804],[126.9109,37.50882],[126.91089,37.50887],[126.91069,37.50968],[126.91029,37.51071],[126.90969,37.51042],[126.90952,37.51034],[126.90433,37.508],[126.90369,37.50771],[126.89822,37.50533],[126.90048,37.50303],[126.90085,37.50325],[126.90091,37.50329],[126.90227,37.50387],[126.90305,37.50421],[126.9075,37.50476],[126.90852,37.5045],[126.9089,37.50423],[126.91016,37.50383]]]},"properties":{"adm_cd2":"1156065000","adm_nm":"서울특별시 영등포구 신길3동","sggnm":"영등포구"}},
{"type":"Feature","geometry":{"type":"Polygon","coordinates":[[[126.91374,37.51138],[126.91029,37.51071],[126.91069,37.50968],[126.91089,37.50887],[126.9109,37.50882],[126.91097,37.50804],[126.91098,37.50784],[126.91104,37.50607],[126.91104,37.50604],[126.91102,37.50592],[126.911,37.50585],[126.911,37.50582],[126.91077,37.50531],[126.91075,37.50528],[126.91063,37.50503],[126.91016,37.50383],[126.91022,37.50362],[126.9104,37.50363],[126.91039,37.5037],[126.91038,37.50374],[126.91058,37.50374],[126.91066,37.5037],[126.91072,37.50378],[126.91077,37.5038],[126.9108,37.50381],[126.91087,37.50378],[126.91093,37.50386],[126.91101,37.50383],[126.91113,37.50388],[126.91117,37.50386],[126.91127,37.50382],[126.91134,37.50393],[126.91136,37.50396],[126.91153,37.50406],[126.91274,37.50428],[126.91294,37.50431],[126.91307,37.50425],[126.91545,37.50419],[126.91612,37.50565],[126.91481,37.50779],[126.91374,37.51138]]]},"properties":{"adm_cd2":"1156066000","adm_nm":"서울특별시 영등포구 신길4동","sggnm":"영등포구"}},
{"type":"Feature","geometry":{"type":"Polygon","coordinates":[[[126.90048,37.50303],[126.90121,37.50235],[126.90133,37.50224],[126.90218,37.50143],[126.90202,37.50122],[126.90189,37.50102],[126.90187,37.50097],[126.90177,37.5008],[126.90175,37.50075],[126.90173,37.50071],[126.90166,37.50054],[126.90162,37.50048],[126.90145,37.50025],[126.90142,37.50019],[126.90139,37.50015],[126.90131,37.50007],[126.90109,37.49983],[126.90102,37.49975],[126.90102,37.49969],[126.90117,37.49938],[126.9017,37.4988],[126.90192,37.49858],[126.90197,37.49852],[126.90206,37.49843],[126.90209,37.4984],[126.90214,37.49836],[126.90257,37.49799],[126.90313,37.49756],[126.90363,37.49734],[126.90371,37.49731],[126.90374,37.49729],[126.90729,37.49715],[126.90817,37.49745],[126.90817,37.49793],[126.90826,37.49843],[126.90874,37.50018],[126.90891,37.50026],[126.90904,37.50032],[126.90919,37.50048],[126.90939,37.50072],[126.90982,37.50125],[126.90991,37.50141],[126.91019,37.50191],[126.91026,37.50203],[126.91029,37.50267],[126.91029,37.50276],[126.91029,37.50284],[126.91029,37.50319],[126.91022,37.50362],[126.91016,37.50383],[126.9089,37.50423],[126.90852,37.5045],[126.9075,37.50476],[126.90305,37.50421],[126.90227,37.50387],[126.90091,37.50329],[126.90085,37.50325],[126.90048,37.50303]]]},"properties":{"adm_cd2":"1156067000","adm_nm":"서울특별시 영등포구 신길5동","sggnm":"영등포구"}},
{"type":"Feature","geometry":{"type":"Polygon","coordinates":[[[126.91022,37.50362],[126.91029,37.50319],[126.91029,37.50284],[126.91029,37.50276],[126.91029,37.50267],[126.91026,37.50203],[126.91019,37.50191],[126.90991,37.50141],[126.90982,37.50125],[126.90939,37.50072],[126.90919,37.50048],[126.90904,37.50032],[126.90891,37.50026],[126.90874,37.50018],[126.90826,37.49843],[126.90817,37.49793],[126.90817,37.49745],[126.90945,37.49259],[126.91001,37.49321],[126.91029,37.49355],[126.91126,37.49505],[126.91171,37.49574],[126.91182,37.4959],[126.91201,37.49604],[126.91253,37.49639],[126.91277,37.49641],[126.91378,37.49653],[126.91424,37.49658],[126.91455,37.49662],[126.91504,37.49667],[126.91511,37.49668],[126.91523,37.4967],[126.9158,37.49681],[126.91603,37.49686],[126.91652,37.49696],[126.91837,37.49735],[126.91841,37.49736],[126.91936,37.49761],[126.91951,37.49765],[126.91968,37.49769],[126.91971,37.49772],[126.91973,37.49774],[126.91981,37.49782],[126.92019,37.4982],[126.92023,37.49851],[126.92083,37.5014],[126.92026,37.50157],[126.9176,37.5019],[126.91749,37.50184],[126.91742,37.50181],[126.9166,37.50109],[126.91555,37.50031],[126.91501,37.50028],[126.91184,37.50016],[126.91185,37.50024],[126.91185,37.50028],[126.91202,37.50055],[126.91211,37.50066],[126.91214,37.5007],[126.91218,37.50074],[126.91263,37.50125],[126.91291,37.50148],[126.91296,37.5015],[126.9133,37.50163],[126.91355,37.50176],[126.91447,37.50284],[126.91467,37.50312],[126.91495,37.5035],[126.9151,37.50371],[126.91545,37.50419],[126.91307,37.50425],[126.91294,37.50431],[126.91274,37.50428],[126.91153,37.50406],[126.91136,37.50396],[126.91134,37.50393],[126.91127,37.50382],[126.91117,37.50386],[126.91113,37.50388],[126.91101,37.50383],[126.91093,37.50386],[126.91087,37.50378],[126.9108,37.50381],[126.91077,37.5038],[126.91072,37.50378],[126.91066,37.5037],[126.91058,37.50374],[126.91038,37.50374],[126.91039,37.5037],[126.9104,37.50363],[126.91022,37.50362]]]},"properties":{"adm_cd2":"1156068000","adm_nm":"서울특별시 영등포구 신길6동","sggnm":"영등포구"}},
{"type":"Feature","geometry":{"type":"Polygon","coordinates":[[[126.91612,37.50565],[126.91545,37.50419],[126.9151,37.50371],[126.91495,37.5035],[126.91467,37.50312],[126.91447,37.50284],[126.91355,37.50176],[126.9133,37.50163],[126.91296,37.5015],[126.91291,37.50148],[126.91263,37.50125],[126.91218,37.50074],[126.91214,37.5007],[126.91211,37.50066],[126.91202,37.50055],[126.91185,37.50028],[126.91185,37.50024],[126.91184,37.50016],[126.91501,37.50028],[126.91555,37.50031],[126.9166,37.50109],[126.91742,37.50181],[126.91749,37.50184],[126.9176,37.5019],[126.92026,37.50157],[126.92083,37.5014],[126.92092,37.50159],[126.92109,37.50195],[126.92112,37.50201],[126.92115,37.50209],[126.92135,37.50257],[126.92153,37.50301],[126.92198,37.5041],[126.9221,37.50439],[126.92383,37.5087],[126.92529,37.5124],[126.9254,37.51265],[126.92576,37.51265],[126.92585,37.51266],[126.92589,37.51267],[126.92641,37.51274],[126.92644,37.51275],[126.92684,37.51289],[126.9271,37.513],[126.92706,37.51393],[126.92698,37.51397],[126.92516,37.5149],[126.92484,37.51455],[126.92479,37.51449],[126.92352,37.51278],[126.92245,37.51013],[126.9221,37.50885],[126.92207,37.50808],[126.92206,37.508],[126.92055,37.50717],[126.91714,37.50622],[126.91612,37.50565]]]},"properties":{"adm_cd2":"1156069000","adm_nm":"서울특별시 영등포구 신길7동","sggnm":"영등포구"}},
{"type":"Feature","geometry":{"type":"Polygon","coordinates":[[[126.90374,37.49729],[126.89993,37.49483],[126.90193,37.4924],[126.90633,37.48893],[126.90945,37.49259],[126.90817,37.49745],[126.90729,37.49715],[126.90374,37.49729]]]},"properties":{"adm_cd2":"1156070000","adm_nm":"서울특별시 영등포구 대림1동","sggnm":"영등포구"}},
{"type":"Feature","geometry":{"type":"Polygon","coordinates":[[[126.90323,37.48499],[126.90633,37.48893],[126.90193,37.4924],[126.89993,37.49483],[126.89537,37.4921],[126.8954,37.49203],[126.89742,37.48776],[126.89756,37.4876],[126.8977,37.48748],[126.8986,37.48673],[126.89884,37.48659],[126.90028,37.48576],[126.90045,37.48567],[126.90276,37.48501],[126.90291,37.48499],[126.90299,37.48499],[126.90323,37.48499]]]},"properties":{"adm_cd2":"1156071000","adm_nm":"서울특별시 영등포구 대림2동","sggnm":"영등포구"}},
{"type":"Feature","geometry":{"type":"Polygon","coordinates":[[[126.89386,37.50748],[126.89369,37.50442],[126.8934,37.50313],[126.89334,37.50257],[126.89334,37.50252],[126.89333,37.50231],[126.89332,37.50202],[126.89331,37.50151],[126.89332,37.50118],[126.89333,37.50112],[126.89344,37.49841],[126.89345,37.49825],[126.89353,37.49772],[126.89455,37.49432],[126.89537,37.4921],[126.89993,37.49483],[126.90374,37.49729],[126.90371,37.49731],[126.90363,37.49734],[126.90313,37.49756],[126.90257,37.49799],[126.90214,37.49836],[126.90209,37.4984],[126.90206,37.49843],[126.90197,37.49852],[126.90192,37.49858],[126.9017,37.4988],[126.90117,37.49938],[126.90102,37.49969],[126.90102,37.49975],[126.90109,37.49983],[126.90131,37.50007],[126.90139,37.50015],[126.90142,37.50019],[126.90145,37.50025],[126.90162,37.50048],[126.90166,37.50054],[126.90173,37.50071],[126.90175,37.50075],[126.90177,37.5008],[126.90187,37.50097],[126.90189,37.50102],[126.90202,37.50122],[126.90218,37.50143],[126.90133,37.50224],[126.90121,37.50235],[126.90048,37.50303],[126.89822,37.50533],[126.89717,37.50626],[126.89514,37.50815],[126.89386,37.50748]]]},"properties":{"adm_cd2":"1156072000","adm_nm":"서울특별시 영등포구 대림3동","sggnm":"영등포구"}},
{"type":"Feature","geometry":{"type":"Polygon","coordinates":[[[126.91666,37.51746],[126.91593,37.51727],[126.9112,37.51697],[126.90597,37.51568],[126.90386,37.51493],[126.904,37.51464],[126.90364,37.51447],[126.90243,37.51395],[126.901,37.51334],[126.89995,37.51289],[126.89976,37.51281],[126.89783,37.51198],[126.89779,37.51197],[126.89786,37.51187],[126.89816,37.51145],[126.90062,37.51226],[126.90188,37.51008],[126.9019,37.51003],[126.90191,37.51],[126.90532,37.51043],[126.90595,37.51115],[126.90739,37.51221],[126.90762,37.51236],[126.91019,37.51254],[126.91029,37.51071],[126.91374,37.51138],[126.91605,37.51186],[126.91614,37.51189],[126.91705,37.51217],[126.91708,37.5122],[126.91775,37.51286],[126.91777,37.51288],[126.91829,37.51345],[126.91839,37.51359],[126.91884,37.51423],[126.91847,37.51444],[126.91826,37.51457],[126.91769,37.51505],[126.9173,37.51569],[126.91725,37.51578],[126.91669,37.51709],[126.91671,37.51733],[126.91666,37.51746]]]},"properties":{"adm_cd2":"1156051500","adm_nm":"서울특별시 영등포구 영등포본동","sggnm":"영등포구"}},
{"type":"Feature","geometry":{"type":"Polygon","coordinates":[[[126.9132,37.52442],[126.91247,37.52409],[126.91194,37.52499],[126.91143,37.52585],[126.9114,37.5259],[126.91031,37.52633],[126.90889,37.52613],[126.90849,37.52601],[126.90825,37.52592],[126.90802,37.52583],[126.90795,37.52579],[126.90781,37.52572],[126.90746,37.52558],[126.90701,37.52567],[126.9069,37.52595],[126.90683,37.52612],[126.9068,37.52619],[126.90662,37.52673],[126.90651,37.52724],[126.90647,37.52739],[126.90643,37.52761],[126.9064,37.52778],[126.90639,37.52809],[126.90639,37.52827],[126.90651,37.53208],[126.9064,37.53235],[126.90547,37.53215],[126.90544,37.5321],[126.90524,37.5317],[126.90517,37.53156],[126.90505,37.5313],[126.90502,37.53123],[126.90487,37.53092],[126.90284,37.52612],[126.90223,37.5245],[126.90221,37.52444],[126.90213,37.52424],[126.901,37.52041],[126.90097,37.52017],[126.90097,37.52013],[126.90098,37.52008],[126.90098,37.51994],[126.90098,37.51987],[126.90101,37.51946],[126.90107,37.5191],[126.90109,37.51906],[126.9011,37.51904],[126.90115,37.51887],[126.90128,37.51846],[126.90143,37.51802],[126.90192,37.51669],[126.90201,37.51647],[126.90211,37.51623],[126.90218,37.51612],[126.90236,37.51582],[126.90253,37.5156],[126.90256,37.51555],[126.90289,37.51526],[126.90298,37.51522],[126.90316,37.51512],[126.90319,37.5151],[126.90342,37.51501],[126.90379,37.51494],[126.90386,37.51493],[126.90597,37.51568],[126.9112,37.51697],[126.91593,37.51727],[126.91666,37.51746],[126.91749,37.51945],[126.9172,37.51958],[126.91665,37.51989],[126.91602,37.52034],[126.91582,37.52064],[126.91523,37.52155],[126.91369,37.52375],[126.91338,37.52417],[126.9132,37.52442]]]},"properties":{"adm_cd2":"1156053500","adm_nm":"서울특별시 영등포구 영등포동","sggnm":"영등포구"}},
{"type":"Feature","geometry":{"type":"Polygon","coordinates":[[[126.89514,37.50815],[126.89717,37.50626],[126.89822,37.50533],[126.90369,37.50771],[126.90433,37.508],[126.90952,37.51034],[126.90969,37.51042],[126.91029,37.51071],[126.91019,37.51254],[126.90762,37.51236],[126.90739,37.51221],[126.90595,37.51115],[126.90532,37.51043],[126.90191,37.51],[126.9019,37.51003],[126.90188,37.51008],[126.90062,37.51226],[126.89816,37.51145],[126.89297,37.50946],[126.89514,37.50815]]]},"properties":{"adm_cd2":"1156058500","adm_nm":"서울특별시 영등포구 도림동","sggnm":"영등포구"}},
{"type":"Feature","geometry":{"type":"Polygon","coordinates":[[[126.87947,37.51677],[126.88173,37.51582],[126.88852,37.51266],[126.88963,37.51209],[126.89029,37.51167],[126.89045,37.51156],[126.89068,37.51133],[126.89079,37.5112],[126.8909,37.51108],[126.89119,37.5107],[126.89122,37.51066],[126.89175,37.50987],[126.89297,37.50946],[126.89816,37.51145],[126.89786,37.51187],[126.89779,37.51197],[126.89783,37.51198],[126.89976,37.51281],[126.89995,37.51289],[126.901,37.51334],[126.90243,37.51395],[126.90364,37.51447],[126.904,37.51464],[126.90386,37.51493],[126.90379,37.51494],[126.90342,37.51501],[126.90319,37.5151],[126.90316,37.51512],[126.90298,37.51522],[126.90289,37.51526],[126.90256,37.51555],[126.90253,37.5156],[126.90236,37.51582],[126.90218,37.51612],[126.90211,37.51623],[126.90201,37.51647],[126.90192,37.51669],[126.90143,37.51802],[126.90128,37.51846],[126.90115,37.51887],[126.9011,37.51904],[126.90059,37.51928],[126.90046,37.51932],[126.90029,37.51936],[126.89969,37.51949],[126.89862,37.5197],[126.89225,37.52074],[126.89105,37.52084],[126.88999,37.52103],[126.88536,37.52179],[126.8852,37.52137],[126.88501,37.52059],[126.88378,37.52077],[126.88374,37.52077],[126.8834,37.52082],[126.8818,37.52107],[126.87981,37.52138],[126.87947,37.51677]]]},"properties":{"adm_cd2":"1156060500","adm_nm":"서울특별시 영등포구 문래동","sggnm":"영등포구"}},
{"type":"Feature","geometry":{"type":"Polygon","coordinates":[[[126.93304,37.51576],[126.93304,37.51478],[126.93304,37.51476],[126.93304,37.51453],[126.93438,37.51308],[126.93485,37.51056],[126.93485,37.50901],[126.93526,37.50704],[126.9359,37.50712],[126.93613,37.50708],[126.93629,37.50705],[126.93783,37.50611],[126.93821,37.50576],[126.93822,37.50552],[126.93835,37.50547],[126.93865,37.50541],[126.93924,37.5054],[126.94055,37.50592],[126.94059,37.50598],[126.9403,37.50615],[126.9409,37.50679],[126.94166,37.50682],[126.9423,37.50681],[126.94243,37.5069],[126.94267,37.50713],[126.94404,37.50886],[126.9438,37.5095],[126.94281,37.50986],[126.94171,37.50939],[126.94024,37.51324],[126.93913,37.51419],[126.9394,37.51614],[126.93304,37.51576]]]},"properties":{"adm_cd2":"1159052000","adm_nm":"서울특별시 동작구 노량진2동","sggnm":"동작구"}},
{"type":"Feature","geometry":{"type":"Polygon","coordinates":[[[126.95398,37.50769],[126.95374,37.50793],[126.95031,37.50779],[126.95019,37.5068],[126.95035,37.50645],[126.94981,37.50559],[126.94927,37.50489],[126.94817,37.50421],[126.94795,37.50412],[126.94645,37.50226],[126.94726,37.50134],[126.94735,37.50122],[126.94791,37.50039],[126.94793,37.50016],[126.94788,37.49926],[126.94794,37.4992],[126.94826,37.49874],[126.94828,37.4987],[126.94828,37.49858],[126.94828,37.49697],[126.94828,37.49691],[126.94827,37.49685],[126.94785,37.49608],[126.94739,37.49391],[126.94768,37.49374],[126.94852,37.49368],[126.95125,37.49241],[126.9534,37.49116],[126.95346,37.49113],[126.95404,37.49104],[126.9548,37.49118],[126.95611,37.49158],[126.95628,37.49157],[126.95671,37.49155],[126.95732,37.49179],[126.95737,37.49181],[126.95868,37.49293],[126.95895,37.49379],[126.95913,37.49387],[126.96023,37.49389],[126.96035,37.49385],[126.9612,37.49339],[126.96121,37.49329],[126.96124,37.49256],[126.96223,37.49415],[126.96298,37.49456],[126.96117,37.49778],[126.9592,37.49831],[126.95765,37.49875],[126.95755,37.49877],[126.95675,37.49921],[126.95668,37.4993],[126.95387,37.50409],[126.95443,37.50678],[126.95398,37.50769]]]},"properties":{"adm_cd2":"1159053000","adm_nm":"서울특별시 동작구 상도1동","sggnm":"동작구"}},
{"type":"Feature","geometry":{"type":"Polygon","coordinates":[[[126.93526,37.50704],[126.9349,37.50677],[126.93481,37.50656],[126.93475,37.5064],[126.93472,37.50629],[126.93463,37.50623],[126.9346,37.50621],[126.93458,37.50606],[126.93458,37.50602],[126.93454,37.50597],[126.93452,37.50594],[126.93449,37.50573],[126.93447,37.50561],[126.93401,37.50524],[126.93394,37.50521],[126.93373,37.50519],[126.93347,37.50524],[126.93335,37.50537],[126.93322,37.50552],[126.93318,37.50557],[126.93312,37.50565],[126.93271,37.50562],[126.9327,37.50556],[126.93257,37.50459],[126.93258,37.50443],[126.93258,37.5044],[126.93265,37.50412],[126.93266,37.50409],[126.93317,37.50364],[126.93636,37.50327],[126.93978,37.50046],[126.94788,37.49926],[126.94793,37.50016],[126.94791,37.50039],[126.94735,37.50122],[126.94726,37.50134],[126.94645,37.50226],[126.94795,37.50412],[126.94817,37.50421],[126.94927,37.50489],[126.94981,37.50559],[126.95035,37.50645],[126.95019,37.5068],[126.95031,37.50779],[126.94978,37.50715],[126.94856,37.50689],[126.94732,37.50666],[126.94249,37.50633],[126.94059,37.50598],[126.94055,37.50592],[126.93924,37.5054],[126.93865,37.50541],[126.93835,37.50547],[126.93822,37.50552],[126.93821,37.50576],[126.93783,37.50611],[126.93629,37.50705],[126.93613,37.50708],[126.9359,37.50712],[126.93526,37.50704]]]},"properties":{"adm_cd2":"1159054000","adm_nm":"서울특별시 동작구 상도2동","sggnm":"동작구"}},
{"type":"Feature","geometry":{"type":"Polygon","coordinates":[[[126.93266,37.50409],[126.93217,37.50383],[126.93206,37.50378],[126.9311,37.50363],[126.93031,37.50358],[126.92946,37.50353],[126.92913,37.50351],[126.92867,37.50346],[126.92863,37.50345],[126.92851,37.50341],[126.92844,37.50337],[126.92837,37.50332],[126.92834,37.50327],[126.92833,37.5032],[126.92832,37.50315],[126.92833,37.50296],[126.92877,37.50115],[126.92889,37.5008],[126.92935,37.50075],[126.92987,37.5006],[126.92992,37.50055],[126.93011,37.5004],[126.93031,37.49997],[126.93036,37.4998],[126.93038,37.49973],[126.9303,37.49955],[126.93013,37.49947],[126.92905,37.49899],[126.92858,37.49887],[126.92955,37.49795],[126.92962,37.49789],[126.92966,37.49786],[126.92971,37.49783],[126.92973,37.49781],[126.92978,37.4978],[126.92986,37.4978],[126.92991,37.4978],[126.93002,37.4978],[126.93007,37.49781],[126.93017,37.49784],[126.92995,37.49746],[126.9297,37.49698],[126.92942,37.49582],[126.92939,37.49564],[126.92939,37.49535],[126.92987,37.494],[126.93112,37.49342],[126.93345,37.49302],[126.93612,37.4924],[126.93915,37.49158],[126.93951,37.49088],[126.94165,37.49225],[126.93972,37.49336],[126.93889,37.49396],[126.93658,37.49578],[126.93566,37.49651],[126.93201,37.50042],[126.93194,37.50052],[126.93636,37.50327],[126.93317,37.50364],[126.93266,37.50409]]]},"properties":{"adm_cd2":"1159055000","adm_nm":"서울특별시 동작구 상도3동","sggnm":"동작구"}},
{"type":"Feature","geometry":{"type":"Polygon","coordinates":[[[126.94788,37.49926],[126.93978,37.50046],[126.93636,37.50327],[126.93194,37.50052],[126.93201,37.50042],[126.93566,37.49651],[126.93658,37.49578],[126.93889,37.49396],[126.93972,37.49336],[126.94165,37.49225],[126.94283,37.49224],[126.94339,37.49208],[126.94739,37.49391],[126.94785,37.49608],[126.94827,37.49685],[126.94828,37.49691],[126.94828,37.49697],[126.94828,37.49858],[126.94828,37.4987],[126.94826,37.49874],[126.94794,37.4992],[126.94788,37.49926]]]},"properties":{"adm_cd2":"1159056000","adm_nm":"서울특별시 동작구 상도4동","sggnm":"동작구"}},
{"type":"Feature","geometry":{"type":"Polygon","coordinates":[[[126.98207,37.48481],[126.98179,37.48485],[126.97918,37.48439],[126.97569,37.48329],[126.97567,37.48219],[126.97559,37.4815],[126.97471,37.48042],[126.97433,37.48043],[126.97095,37.47734],[126.97019,37.47663],[126.97049,37.47537],[126.97095,37.47548],[126.97152,37.47561],[126.97196,37.47572],[126.97237,37.47581],[126.9727,37.47587],[126.97345,37.47601],[126.97483,37.47626],[126.97494,37.47627],[126.97515,37.47631],[126.97692,37.47657],[126.97727,37.47658],[126.97939,37.47662],[126.98172,37.47636],[126.98161,37.47715],[126.98181,37.48059],[126.98207,37.48481]]]},"properties":{"adm_cd2":"1159062000","adm_nm":"서울특별시 동작구 사당1동","sggnm":"동작구"}},
{"type":"Feature","geometry":{"type":"Polygon","coordinates":[[[126.96223,37.49415],[126.96337,37.49228],[126.96637,37.48801],[126.96678,37.48766],[126.96714,37.48737],[126.96944,37.48551],[126.96997,37.48513],[126.97,37.48511],[126.97004,37.48508],[126.97084,37.48478],[126.97456,37.48329],[126.97569,37.48329],[126.97918,37.48439],[126.97858,37.48676],[126.97802,37.48677],[126.97671,37.48709],[126.97662,37.48714],[126.97649,37.48724],[126.97572,37.48804],[126.97362,37.49035],[126.9727,37.49167],[126.97263,37.49276],[126.97241,37.49326],[126.96806,37.49396],[126.96763,37.49389],[126.96693,37.49375],[126.96602,37.49354],[126.96591,37.4935],[126.96585,37.49348],[126.96504,37.49321],[126.96298,37.49456],[126.96223,37.49415]]]},"properties":{"adm_cd2":"1159064000","adm_nm":"서울특별시 동작구 사당3동","sggnm":"동작구"}},
{"type":"Feature","geometry":{"type":"Polygon","coordinates":[[[126.97569,37.48329],[126.97456,37.48329],[126.97084,37.48478],[126.97108,37.48447],[126.96966,37.48212],[126.96901,37.4821],[126.96853,37.48203],[126.96843,37.48201],[126.96705,37.48137],[126.9655,37.47983],[126.96538,37.47966],[126.96532,37.47956],[126.96589,37.47922],[126.96682,37.47858],[126.96782,37.47779],[126.96821,37.4773],[126.9688,37.47665],[126.96959,37.47664],[126.96977,37.47663],[126.97019,37.47663],[126.97095,37.47734],[126.97433,37.48043],[126.97471,37.48042],[126.97559,37.4815],[126.97567,37.48219],[126.97569,37.48329]]]},"properties":{"adm_cd2":"1159065000","adm_nm":"서울특별시 동작구 사당4동","sggnm":"동작구"}},
{"type":"Feature","geometry":{"type":"Polygon","coordinates":[[[126.96124,37.49256],[126.96125,37.49243],[126.96107,37.49113],[126.96207,37.48729],[126.96214,37.48647],[126.96215,37.48524],[126.96141,37.48382],[126.96139,37.48379],[126.96139,37.48376],[126.96138,37.48371],[126.96134,37.48349],[126.96444,37.48022],[126.96532,37.47956],[126.96538,37.47966],[126.9655,37.47983],[126.96705,37.48137],[126.96843,37.48201],[126.96853,37.48203],[126.96901,37.4821],[126.96966,37.48212],[126.97108,37.48447],[126.97084,37.48478],[126.97004,37.48508],[126.97,37.48511],[126.96997,37.48513],[126.96944,37.48551],[126.96714,37.48737],[126.96678,37.48766],[126.96637,37.48801],[126.96337,37.49228],[126.96223,37.49415],[126.96124,37.49256]]]},"properties":{"adm_cd2":"1159065100","adm_nm":"서울특별시 동작구 사당5동","sggnm":"동작구"}},
{"type":"Feature","geometry":{"type":"Polygon","coordinates":[[[126.92601,37.5161],[126.92516,37.5149],[126.92698,37.51397],[126.92706,37.51393],[126.9271,37.513],[126.92684,37.51289],[126.92644,37.51275],[126.92641,37.51274],[126.92589,37.51267],[126.92585,37.51266],[126.92576,37.51265],[126.9254,37.51265],[126.92529,37.5124],[126.92383,37.5087],[126.9221,37.50439],[126.92198,37.5041],[126.92153,37.50301],[126.92135,37.50257],[126.92115,37.50209],[126.92112,37.50201],[126.92109,37.50195],[126.92092,37.50159],[126.92083,37.5014],[126.92023,37.49851],[126.92089,37.49824],[126.92115,37.49813],[126.92201,37.49786],[126.9222,37.49787],[126.92248,37.49794],[126.9229,37.49805],[126.923,37.49808],[126.92313,37.49813],[126.924,37.49843],[126.92403,37.49845],[126.92548,37.49892],[126.92593,37.49907],[126.92599,37.49908],[126.92606,37.4991],[126.92656,37.49923],[126.92662,37.49923],[126.92713,37.49923],[126.92736,37.49918],[126.92818,37.49899],[126.92823,37.49897],[126.92858,37.49887],[126.92905,37.49899],[126.93013,37.49947],[126.9303,37.49955],[126.93038,37.49973],[126.93036,37.4998],[126.93031,37.49997],[126.93011,37.5004],[126.92992,37.50055],[126.92987,37.5006],[126.92935,37.50075],[126.92889,37.5008],[126.92877,37.50115],[126.92833,37.50296],[126.92832,37.50315],[126.92833,37.5032],[126.92834,37.50327],[126.92837,37.50332],[126.92844,37.50337],[126.92851,37.50341],[126.92863,37.50345],[126.92867,37.50346],[126.92913,37.50351],[126.92946,37.50353],[126.93031,37.50358],[126.9311,37.50363],[126.93206,37.50378],[126.93217,37.50383],[126.93266,37.50409],[126.93265,37.50412],[126.93258,37.5044],[126.93258,37.50443],[126.93257,37.50459],[126.9327,37.50556],[126.93271,37.50562],[126.93312,37.50565],[126.93318,37.50557],[126.93322,37.50552],[126.93335,37.50537],[126.93347,37.50524],[126.93373,37.50519],[126.93394,37.50521],[126.93401,37.50524],[126.93447,37.50561],[126.93449,37.50573],[126.93452,37.50594],[126.93454,37.50597],[126.93458,37.50602],[126.93458,37.50606],[126.9346,37.50621],[126.93463,37.50623],[126.93472,37.50629],[126.93475,37.5064],[126.93481,37.50656],[126.9349,37.50677],[126.93526,37.50704],[126.93485,37.50901],[126.93485,37.51056],[126.93438,37.51308],[126.93304,37.51453],[126.93304,37.51476],[126.93304,37.51478],[126.93304,37.51576],[126.93215,37.51565],[126.92601,37.5161]]]},"properties":{"adm_cd2":"1159066000","adm_nm":"서울특별시 동작구 대방동","sggnm":"동작구"}},
{"type":"Feature","geometry":{"type":"Polygon","coordinates":[[[126.90945,37.49259],[126.90633,37.48893],[126.90323,37.48499],[126.90513,37.48497],[126.90561,37.48498],[126.90596,37.48499],[126.9067,37.48516],[126.90746,37.48535],[126.90777,37.48542],[126.90872,37.48571],[126.90899,37.48579],[126.90908,37.48582],[126.90923,37.48587],[126.91038,37.48623],[126.91042,37.48624],[126.91115,37.48647],[126.91324,37.48721],[126.91332,37.48725],[126.91382,37.48753],[126.91597,37.48876],[126.91555,37.49051],[126.9146,37.49305],[126.91424,37.49658],[126.91378,37.49653],[126.91277,37.49641],[126.91253,37.49639],[126.91201,37.49604],[126.91182,37.4959],[126.91171,37.49574],[126.91126,37.49505],[126.91029,37.49355],[126.91001,37.49321],[126.90945,37.49259]]]},"properties":{"adm_cd2":"1159067000","adm_nm":"서울특별시 동작구 신대방1동","sggnm":"동작구"}},
{"type":"Feature","geometry":{"type":"Polygon","coordinates":[[[126.91424,37.49658],[126.9146,37.49305],[126.91555,37.49051],[126.91597,37.48876],[126.91889,37.48956],[126.9243,37.48996],[126.92488,37.4909],[126.92583,37.49261],[126.92652,37.49393],[126.92655,37.49401],[126.92657,37.49406],[126.9266,37.49413],[126.92683,37.49437],[126.92737,37.49493],[126.9274,37.49495],[126.92772,37.49499],[126.92781,37.49498],[126.92804,37.49495],[126.9281,37.49494],[126.92848,37.49479],[126.92852,37.49477],[126.92892,37.49454],[126.92904,37.49447],[126.92918,37.49439],[126.92987,37.494],[126.92939,37.49535],[126.92939,37.49564],[126.92942,37.49582],[126.9297,37.49698],[126.92995,37.49746],[126.93017,37.49784],[126.93007,37.49781],[126.93002,37.4978],[126.92991,37.4978],[126.92986,37.4978],[126.92978,37.4978],[126.92973,37.49781],[126.92971,37.49783],[126.92966,37.49786],[126.92962,37.49789],[126.92955,37.49795],[126.92858,37.49887],[126.92823,37.49897],[126.92818,37.49899],[126.92736,37.49918],[126.92713,37.49923],[126.92662,37.49923],[126.92656,37.49923],[126.92606,37.4991],[126.92599,37.49908],[126.92593,37.49907],[126.92548,37.49892],[126.92403,37.49845],[126.924,37.49843],[126.92313,37.49813],[126.923,37.49808],[126.9229,37.49805],[126.92248,37.49794],[126.9222,37.49787],[126.92201,37.49786],[126.92115,37.49813],[126.92089,37.49824],[126.92023,37.49851],[126.92019,37.4982],[126.91981,37.49782],[126.91973,37.49774],[126.91971,37.49772],[126.91968,37.49769],[126.91951,37.49765],[126.91936,37.49761],[126.91841,37.49736],[126.91837,37.49735],[126.91652,37.49696],[126.91603,37.49686],[126.9158,37.49681],[126.91523,37.4967],[126.91511,37.49668],[126.91504,37.49667],[126.91455,37.49662],[126.91424,37.49658]]]},"properties":{"adm_cd2":"1159068000","adm_nm":"서울특별시 동작구 신대방2동","sggnm":"동작구"}},
{"type":"Feature","geometry":{"type":"Polygon","coordinates":[[[126.96174,37.51283],[126.95982,37.51168],[126.95709,37.50987],[126.95429,37.50766],[126.95398,37.50769],[126.95443,37.50678],[126.95387,37.50409],[126.95668,37.4993],[126.95675,37.49921],[126.95755,37.49877],[126.95765,37.49875],[126.9592,37.49831],[126.96117,37.49778],[126.96181,37.49751],[126.962,37.49743],[126.96209,37.49751],[126.96213,37.49754],[126.96543,37.5008],[126.96652,37.50191],[126.96878,37.50351],[126.96962,37.50369],[126.97142,37.50411],[126.97153,37.50416],[126.97165,37.50422],[126.97168,37.50424],[126.97171,37.50425],[126.97405,37.50733],[126.96585,37.51051],[126.96174,37.51283]]]},"properties":{"adm_cd2":"1159060500","adm_nm":"서울특별시 동작구 흑석동","sggnm":"동작구"}},
{"type":"Feature","geometry":{"type":"Polygon","coordinates":[[[126.9572,37.51541],[126.94956,37.51781],[126.9394,37.51614],[126.93913,37.51419],[126.94024,37.51324],[126.94171,37.50939],[126.94281,37.50986],[126.9438,37.5095],[126.94404,37.50886],[126.94267,37.50713],[126.94243,37.5069],[126.9423,37.50681],[126.94166,37.50682],[126.9409,37.50679],[126.9403,37.50615],[126.94059,37.50598],[126.94249,37.50633],[126.94732,37.50666],[126.94856,37.50689],[126.94978,37.50715],[126.95031,37.50779],[126.95374,37.50793],[126.95398,37.50769],[126.95429,37.50766],[126.95709,37.50987],[126.95982,37.51168],[126.96174,37.51283],[126.9572,37.51541]]]},"properties":{"adm_cd2":"1159051000","adm_nm":"서울특별시 동작구 노량진1동","sggnm":"동작구"}},
{"type":"Feature","geometry":{"type":"Polygon","coordinates":[[[126.97405,37.50733],[126.97171,37.50425],[126.97168,37.50424],[126.97165,37.50422],[126.97153,37.50416],[126.97142,37.50411],[126.96962,37.50369],[126.96878,37.50351],[126.96652,37.50191],[126.96543,37.5008],[126.96213,37.49754],[126.96209,37.49751],[126.962,37.49743],[126.96181,37.49751],[126.96117,37.49778],[126.96298,37.49456],[126.96504,37.49321],[126.96585,37.49348],[126.96591,37.4935],[126.96602,37.49354],[126.96693,37.49375],[126.96763,37.49389],[126.96806,37.49396],[126.97241,37.49326],[126.97263,37.49276],[126.9727,37.49167],[126.97362,37.49035],[126.97572,37.48804],[126.97649,37.48724],[126.97662,37.48714],[126.97671,37.48709],[126.97802,37.48677],[126.97858,37.48676],[126.97918,37.48439],[126.98179,37.48485],[126.98207,37.48481],[126.98208,37.48539],[126.98265,37.49089],[126.98274,37.49398],[126.98274,37.4942],[126.98275,37.49429],[126.98276,37.49484],[126.98277,37.49504],[126.98278,37.49524],[126.9829,37.49635],[126.98292,37.49641],[126.98296,37.4965],[126.98304,37.49668],[126.98308,37.49676],[126.98324,37.49713],[126.98336,37.49733],[126.98344,37.49746],[126.98349,37.49755],[126.98477,37.49928],[126.98625,37.49858],[126.98775,37.49824],[126.98784,37.49861],[126.98695,37.49863],[126.9862,37.49904],[126.98115,37.50229],[126.9807,37.50274],[126.98045,37.50331],[126.98039,37.5036],[126.98033,37.50395],[126.98032,37.504],[126.9803,37.50484],[126.98013,37.50649],[126.97405,37.50733]]]},"properties":{"adm_cd2":"1159063000","adm_nm":"서울특별시 동작구 사당2동","sggnm":"동작구"}},
{"type":"Feature","geometry":{"type":"Polygon","coordinates":[[[126.92987,37.494],[126.92918,37.49439],[126.92904,37.49447],[126.92892,37.49454],[126.92852,37.49477],[126.92848,37.49479],[126.9281,37.49494],[126.92804,37.49495],[126.92781,37.49498],[126.92772,37.49499],[126.9274,37.49495],[126.92737,37.49493],[126.92683,37.49437],[126.9266,37.49413],[126.92657,37.49406],[126.92655,37.49401],[126.92652,37.49393],[126.92583,37.49261],[126.92488,37.4909],[126.9243,37.48996],[126.92733,37.48954],[126.93491,37.4864],[126.93933,37.48621],[126.94014,37.48771],[126.93964,37.48803],[126.93938,37.48809],[126.93924,37.48798],[126.9392,37.48795],[126.9391,37.48787],[126.93892,37.48783],[126.93868,37.48822],[126.93868,37.48825],[126.93869,37.48828],[126.93873,37.48852],[126.93899,37.48945],[126.93951,37.49088],[126.93915,37.49158],[126.93612,37.4924],[126.93345,37.49302],[126.93112,37.49342],[126.92987,37.494]]]},"properties":{"adm_cd2":"1162052500","adm_nm":"서울특별시 관악구 보라매동","sggnm":"관악구"}},
{"type":"Feature","geometry":{"type":"Polygon","coordinates":[[[126.95611,37.49158],[126.95714,37.48979],[126.95797,37.4887],[126.95801,37.4886],[126.95804,37.48852],[126.95805,37.48844],[126.95805,37.4884],[126.95806,37.48817],[126.958,37.4878],[126.95797,37.48769],[126.95771,37.48735],[126.95767,37.48731],[126.95689,37.48638],[126.96147,37.4853],[126.96215,37.48524],[126.96214,37.48647],[126.96207,37.48729],[126.96107,37.49113],[126.96125,37.49243],[126.96124,37.49256],[126.96121,37.49329],[126.9612,37.49339],[126.96035,37.49385],[126.96023,37.49389],[126.95913,37.49387],[126.95895,37.49379],[126.95868,37.49293],[126.95737,37.49181],[126.95732,37.49179],[126.95671,37.49155],[126.95628,37.49157],[126.95611,37.49158]]]},"properties":{"adm_cd2":"1162054500","adm_nm":"서울특별시 관악구 청림동","sggnm":"관악구"}},
{"type":"Feature","geometry":{"type":"Polygon","coordinates":[[[126.97019,37.47663],[126.96977,37.47663],[126.96959,37.47664],[126.9688,37.47665],[126.96821,37.4773],[126.96782,37.47779],[126.96682,37.47858],[126.96589,37.47922],[126.96532,37.47956],[126.96444,37.48022],[126.96134,37.48349],[126.96138,37.48371],[126.96139,37.48376],[126.96139,37.48379],[126.96141,37.48382],[126.96215,37.48524],[126.96147,37.4853],[126.95689,37.48638],[126.9563,37.48566],[126.95279,37.48138],[126.95277,37.48129],[126.96231,37.47759],[126.96348,37.47696],[126.96365,37.47705],[126.96417,37.47684],[126.96571,37.47623],[126.96608,37.47608],[126.96673,37.47582],[126.96698,37.47572],[126.96723,37.47562],[126.96728,37.47561],[126.9679,37.47545],[126.96804,37.47542],[126.96808,37.47542],[126.96824,37.47539],[126.96834,37.47537],[126.96856,37.47534],[126.96869,37.47533],[126.96888,37.47531],[126.96892,37.47531],[126.96918,37.47529],[126.96939,37.47529],[126.96965,37.4753],[126.96991,37.47531],[126.97008,37.47532],[126.97026,37.47534],[126.97043,37.47536],[126.97049,37.47537],[126.97019,37.47663]]]},"properties":{"adm_cd2":"1162057500","adm_nm":"서울특별시 관악구 행운동","sggnm":"관악구"}},
{"type":"Feature","geometry":{"type":"Polygon","coordinates":[[[126.95277,37.48129],[126.95226,37.48135],[126.95255,37.48046],[126.95309,37.47353],[126.9531,37.47347],[126.95311,37.47326],[126.95311,37.47281],[126.95297,37.47229],[126.95292,37.47211],[126.95253,37.4711],[126.95314,37.47103],[126.95333,37.47096],[126.95346,37.47084],[126.9535,37.47081],[126.95564,37.46611],[126.95596,37.46527],[126.9557,37.46434],[126.9555,37.46257],[126.95565,37.46212],[126.95747,37.45888],[126.95767,37.45853],[126.95823,37.45783],[126.9596,37.45684],[126.96155,37.45555],[126.96329,37.45518],[126.96572,37.45503],[126.96634,37.4563],[126.96639,37.45638],[126.9687,37.45895],[126.96882,37.45899],[126.96896,37.45904],[126.9693,37.45922],[126.96934,37.45925],[126.96943,37.45932],[126.96959,37.45954],[126.96983,37.46],[126.9703,37.46094],[126.97013,37.46127],[126.9678,37.46294],[126.96729,37.46321],[126.96677,37.46348],[126.96572,37.46432],[126.9653,37.46531],[126.96453,37.46756],[126.96447,37.4676],[126.96414,37.46784],[126.96406,37.46793],[126.96373,37.46836],[126.96366,37.46843],[126.96357,37.4685],[126.96352,37.46852],[126.96343,37.46857],[126.96339,37.46859],[126.96335,37.46863],[126.96333,37.46865],[126.96331,37.46867],[126.96328,37.4687],[126.96327,37.46873],[126.96323,37.46881],[126.96321,37.46884],[126.96319,37.46889],[126.96318,37.46892],[126.96314,37.46899],[126.96312,37.46904],[126.9631,37.46908],[126.96308,37.46912],[126.96307,37.46916],[126.96306,37.46919],[126.96305,37.46921],[126.96304,37.46924],[126.96302,37.46927],[126.96301,37.4693],[126.96298,37.46934],[126.96289,37.46945],[126.96283,37.46954],[126.96278,37.46964],[126.96275,37.46967],[126.9627,37.46969],[126.96268,37.46972],[126.96268,37.46974],[126.96269,37.46978],[126.9628,37.46998],[126.96288,37.47011],[126.96328,37.47099],[126.96334,37.47124],[126.96338,37.47147],[126.96338,37.47168],[126.96332,37.47185],[126.96244,37.47373],[126.96188,37.47455],[126.96164,37.47483],[126.96139,37.47535],[126.96152,37.47624],[126.96201,37.47709],[126.96231,37.47759],[126.95277,37.48129]]]},"properties":{"adm_cd2":"1162058500","adm_nm":"서울특별시 관악구 낙성대동","sggnm":"관악구"}},
{"type":"Feature","geometry":{"type":"Polygon","coordinates":[[[126.9563,37.48566],[126.94695,37.48693],[126.94634,37.48197],[126.95226,37.48135],[126.95277,37.48129],[126.95279,37.48138],[126.9563,37.48566]]]},"properties":{"adm_cd2":"1162061500","adm_nm":"서울특별시 관악구 중앙동","sggnm":"관악구"}},
{"type":"Feature","geometry":{"type":"Polygon","coordinates":[[[126.96231,37.47759],[126.96201,37.47709],[126.96152,37.47624],[126.96139,37.47535],[126.96164,37.47483],[126.96188,37.47455],[126.96244,37.47373],[126.96332,37.47185],[126.96338,37.47168],[126.96338,37.47147],[126.96334,37.47124],[126.96328,37.47099],[126.96288,37.47011],[126.9628,37.46998],[126.96269,37.46978],[126.96268,37.46974],[126.96268,37.46972],[126.9627,37.46969],[126.96275,37.46967],[126.96278,37.46964],[126.96283,37.46954],[126.96289,37.46945],[126.96298,37.46934],[126.96301,37.4693],[126.96302,37.46927],[126.96304,37.46924],[126.96305,37.46921],[126.96306,37.46919],[126.96307,37.46916],[126.96308,37.46912],[126.9631,37.46908],[126.96312,37.46904],[126.96314,37.46899],[126.96318,37.46892],[126.96319,37.46889],[126.96321,37.46884],[126.96323,37.46881],[126.96327,37.46873],[126.96328,37.4687],[126.96331,37.46867],[126.96333,37.46865],[126.96335,37.46863],[126.96339,37.46859],[126.96343,37.46857],[126.96352,37.46852],[126.96357,37.4685],[126.96366,37.46843],[126.96373,37.46836],[126.96406,37.46793],[126.96414,37.46784],[126.96447,37.4676],[126.96453,37.46756],[126.96571,37.46679],[126.96953,37.46804],[126.97038,37.46846],[126.97059,37.46856],[126.97081,37.46892],[126.97114,37.46946],[126.97118,37.46954],[126.97126,37.46968],[126.97132,37.46981],[126.97157,37.47313],[126.97079,37.475],[126.97049,37.47537],[126.97043,37.47536],[126.97026,37.47534],[126.97008,37.47532],[126.96991,37.47531],[126.96965,37.4753],[126.96939,37.47529],[126.96918,37.47529],[126.96892,37.47531],[126.96888,37.47531],[126.96869,37.47533],[126.96856,37.47534],[126.96834,37.47537],[126.96824,37.47539],[126.96808,37.47542],[126.96804,37.47542],[126.9679,37.47545],[126.96728,37.47561],[126.96723,37.47562],[126.96698,37.47572],[126.96673,37.47582],[126.96608,37.47608],[126.96571,37.47623],[126.96417,37.47684],[126.96365,37.47705],[126.96348,37.47696],[126.96231,37.47759]]]},"properties":{"adm_cd2":"1162062500","adm_nm":"서울특별시 관악구 인헌동","sggnm":"관악구"}},
{"type":"Feature","geometry":{"type":"Polygon","coordinates":[[[126.97049,37.47537],[126.97079,37.475],[126.97157,37.47313],[126.97132,37.46981],[126.97126,37.46968],[126.97118,37.46954],[126.97114,37.46946],[126.97081,37.46892],[126.97059,37.46856],[126.97038,37.46846],[126.96953,37.46804],[126.96571,37.46679],[126.96453,37.46756],[126.9653,37.46531],[126.96572,37.46432],[126.96677,37.46348],[126.96729,37.46321],[126.9678,37.46294],[126.97013,37.46127],[126.9703,37.46094],[126.96983,37.46],[126.96959,37.45954],[126.96943,37.45932],[126.96934,37.45925],[126.9693,37.45922],[126.96896,37.45904],[126.96882,37.45899],[126.9687,37.45895],[126.96639,37.45638],[126.96634,37.4563],[126.96572,37.45503],[126.96771,37.45231],[126.96973,37.44951],[126.96981,37.4493],[126.96985,37.44909],[126.96983,37.44874],[126.96974,37.44786],[126.96949,37.4474],[126.96881,37.44684],[126.9687,37.44679],[126.97081,37.44746],[126.97398,37.4476],[126.97406,37.44765],[126.97866,37.4519],[126.98236,37.45516],[126.98684,37.45741],[126.98862,37.45814],[126.98764,37.4594],[126.98747,37.46041],[126.98764,37.4613],[126.98792,37.46224],[126.98802,37.46276],[126.98823,37.46387],[126.98816,37.46552],[126.98781,37.46641],[126.98759,37.46694],[126.98739,37.46719],[126.98713,37.46751],[126.98686,37.46785],[126.98671,37.46797],[126.98667,37.46801],[126.98543,37.46898],[126.98453,37.46974],[126.98378,37.4708],[126.98323,37.47157],[126.98265,37.47257],[126.98255,37.47274],[126.98254,37.47277],[126.98195,37.47442],[126.98186,37.4747],[126.98177,37.47583],[126.98172,37.47636],[126.97939,37.47662],[126.97727,37.47658],[126.97692,37.47657],[126.97515,37.47631],[126.97494,37.47627],[126.97483,37.47626],[126.97345,37.47601],[126.9727,37.47587],[126.97237,37.47581],[126.97196,37.47572],[126.97152,37.47561],[126.97095,37.47548],[126.97049,37.47537]]]},"properties":{"adm_cd2":"1162063000","adm_nm":"서울특별시 관악구 남현동","sggnm":"관악구"}},
{"type":"Feature","geometry":{"type":"Polygon","coordinates":[[[126.93785,37.48411],[126.9342,37.48484],[126.92666,37.48383],[126.93181,37.47875],[126.93021,37.47534],[126.93522,37.47628],[126.93823,37.47727],[126.93825,37.47729],[126.93948,37.47812],[126.93819,37.4792],[126.93715,37.47945],[126.93695,37.47958],[126.93573,37.48082],[126.93564,37.4811],[126.93565,37.48132],[126.93574,37.48143],[126.93619,37.48164],[126.93675,37.48198],[126.93707,37.48227],[126.93785,37.48332],[126.93786,37.48364],[126.93785,37.48411]]]},"properties":{"adm_cd2":"1162064500","adm_nm":"서울특별시 관악구 서원동","sggnm":"관악구"}},
{"type":"Feature","geometry":{"type":"Polygon","coordinates":[[[126.92666,37.48383],[126.92618,37.48378],[126.92157,37.48312],[126.92301,37.47887],[126.92418,37.47717],[126.92659,37.47446],[126.92941,37.47505],[126.93021,37.47534],[126.93181,37.47875],[126.92666,37.48383]]]},"properties":{"adm_cd2":"1162065500","adm_nm":"서울특별시 관악구 신원동","sggnm":"관악구"}},
{"type":"Feature","geometry":{"type":"Polygon","coordinates":[[[126.93021,37.47534],[126.92941,37.47505],[126.92944,37.47458],[126.93353,37.47307],[126.93414,37.47179],[126.93502,37.47139],[126.93625,37.47115],[126.93628,37.47115],[126.93636,37.47113],[126.93681,37.47106],[126.94474,37.46997],[126.94495,37.46982],[126.94522,37.46962],[126.94545,37.46946],[126.94584,37.46959],[126.94679,37.47005],[126.94675,37.47242],[126.94655,37.47275],[126.94604,37.47325],[126.94449,37.47473],[126.94361,37.47541],[126.94334,37.47512],[126.9433,37.47509],[126.94325,37.47506],[126.94314,37.47512],[126.94309,37.47515],[126.9429,37.47528],[126.94116,37.4765],[126.94011,37.47729],[126.93948,37.47812],[126.93825,37.47729],[126.93823,37.47727],[126.93522,37.47628],[126.93021,37.47534]]]},"properties":{"adm_cd2":"1162066500","adm_nm":"서울특별시 관악구 서림동","sggnm":"관악구"}},
{"type":"Feature","geometry":{"type":"Polygon","coordinates":[[[126.91332,37.48725],[126.91454,37.48181],[126.92157,37.48312],[126.92618,37.48378],[126.92516,37.48463],[126.92329,37.48648],[126.92326,37.48652],[126.92324,37.48656],[126.92292,37.487],[126.92234,37.48783],[126.92215,37.48809],[126.92165,37.48853],[126.92095,37.48903],[126.92002,37.48936],[126.91979,37.48944],[126.91889,37.48956],[126.91597,37.48876],[126.91382,37.48753],[126.91332,37.48725]]]},"properties":{"adm_cd2":"1162068500","adm_nm":"서울특별시 관악구 신사동","sggnm":"관악구"}},
{"type":"Feature","geometry":{"type":"Polygon","coordinates":[[[126.91889,37.48956],[126.91979,37.48944],[126.92002,37.48936],[126.92095,37.48903],[126.92165,37.48853],[126.92215,37.48809],[126.92234,37.48783],[126.92292,37.487],[126.92324,37.48656],[126.92326,37.48652],[126.92329,37.48648],[126.92516,37.48463],[126.92618,37.48378],[126.92666,37.48383],[126.9342,37.48484],[126.93491,37.4864],[126.92733,37.48954],[126.9243,37.48996],[126.91889,37.48956]]]},"properties":{"adm_cd2":"1162069500","adm_nm":"서울특별시 관악구 신림동","sggnm":"관악구"}},
{"type":"Feature","geometry":{"type":"Polygon","coordinates":[[[126.92247,37.45725],[126.92296,37.45784],[126.92409,37.45971],[126.92406,37.4599],[126.92363,37.46098],[126.92324,37.46196],[126.92284,37.46299],[126.92298,37.46346],[126.919,37.46657],[126.91508,37.46616],[126.91375,37.46528],[126.91348,37.46496],[126.91303,37.4644],[126.91286,37.46397],[126.91396,37.45864],[126.91415,37.45809],[126.91483,37.45767],[126.91841,37.45716],[126.92247,37.45725]]]},"properties":{"adm_cd2":"1162071500","adm_nm":"서울특별시 관악구 난향동","sggnm":"관악구"}},
{"type":"Feature","geometry":{"type":"Polygon","coordinates":[[[126.89947,37.48034],[126.90067,37.47933],[126.90212,37.47954],[126.90247,37.47961],[126.90386,37.47986],[126.90531,37.48013],[126.90655,37.48036],[126.9075,37.48053],[126.90855,37.48073],[126.90972,37.48095],[126.91454,37.48181],[126.91332,37.48725],[126.91324,37.48721],[126.91115,37.48647],[126.91042,37.48624],[126.91038,37.48623],[126.90923,37.48587],[126.90908,37.48582],[126.90899,37.48579],[126.90872,37.48571],[126.90777,37.48542],[126.90746,37.48535],[126.9067,37.48516],[126.90596,37.48499],[126.90561,37.48498],[126.90513,37.48497],[126.90323,37.48499],[126.89947,37.48034]]]},"properties":{"adm_cd2":"1162072500","adm_nm":"서울특별시 관악구 조원동","sggnm":"관악구"}},
{"type":"Feature","geometry":{"type":"Polygon","coordinates":[[[126.95253,37.4711],[126.95099,37.47127],[126.95061,37.47148],[126.95046,37.47157],[126.95029,37.47167],[126.94993,37.4721],[126.94987,37.47217],[126.94969,37.47224],[126.94915,37.47247],[126.94848,37.4725],[126.94838,37.4725],[126.94755,37.47249],[126.94655,37.47275],[126.94675,37.47242],[126.94679,37.47005],[126.94584,37.46959],[126.94545,37.46946],[126.94522,37.46962],[126.94495,37.46982],[126.94474,37.46997],[126.93681,37.47106],[126.93636,37.47113],[126.93628,37.47115],[126.93625,37.47115],[126.93502,37.47139],[126.93414,37.47179],[126.93245,37.46879],[126.93157,37.46718],[126.93147,37.46679],[126.9314,37.46642],[126.9314,37.46632],[126.9314,37.46628],[126.93144,37.46577],[126.93169,37.4658],[126.93227,37.46596],[126.93429,37.46499],[126.9376,37.46127],[126.93827,37.46005],[126.9386,37.45928],[126.93854,37.4578],[126.93853,37.45754],[126.93836,37.45666],[126.93601,37.45252],[126.93551,37.45176],[126.93383,37.44987],[126.93103,37.44782],[126.93033,37.44739],[126.93026,37.44633],[126.93051,37.44529],[126.93389,37.44355],[126.93537,37.44285],[126.93785,37.44018],[126.93727,37.43845],[126.93864,37.43605],[126.94021,37.43572],[126.9414,37.43741],[126.94492,37.43704],[126.9469,37.43805],[126.94822,37.43852],[126.95102,37.43842],[126.95259,37.43921],[126.95525,37.43859],[126.95925,37.4392],[126.95998,37.44026],[126.96302,37.44031],[126.9638,37.44077],[126.96398,37.44204],[126.96409,37.44219],[126.9641,37.4423],[126.96411,37.44247],[126.96408,37.4428],[126.96405,37.44305],[126.96396,37.44342],[126.96391,37.44359],[126.96387,37.44373],[126.96387,37.44377],[126.96385,37.44385],[126.96383,37.44396],[126.96383,37.44422],[126.96399,37.44485],[126.96432,37.44543],[126.96436,37.44549],[126.96441,37.44558],[126.9645,37.44565],[126.96456,37.44569],[126.96541,37.44604],[126.96557,37.4461],[126.96811,37.44675],[126.96827,37.44677],[126.96848,37.44679],[126.96861,37.44679],[126.9687,37.44679],[126.96881,37.44684],[126.96949,37.4474],[126.96974,37.44786],[126.96983,37.44874],[126.96985,37.44909],[126.96981,37.4493],[126.96973,37.44951],[126.96771,37.45231],[126.96572,37.45503],[126.96329,37.45518],[126.96155,37.45555],[126.9596,37.45684],[126.95823,37.45783],[126.95767,37.45853],[126.95747,37.45888],[126.95565,37.46212],[126.9555,37.46257],[126.9557,37.46434],[126.95596,37.46527],[126.95564,37.46611],[126.9535,37.47081],[126.95346,37.47084],[126.95333,37.47096],[126.95314,37.47103],[126.95253,37.4711]]]},"properties":{"adm_cd2":"1162073500","adm_nm":"서울특별시 관악구 대학동","sggnm":"관악구"}},
{"type":"Feature","geometry":{"type":"Polygon","coordinates":[[[126.93951,37.49088],[126.93899,37.48945],[126.93873,37.48852],[126.93869,37.48828],[126.93868,37.48825],[126.93868,37.48822],[126.93892,37.48783],[126.9391,37.48787],[126.9392,37.48795],[126.93924,37.48798],[126.93938,37.48809],[126.93964,37.48803],[126.94014,37.48771],[126.93933,37.48621],[126.93491,37.4864],[126.9342,37.48484],[126.93785,37.48411],[126.94301,37.48231],[126.94634,37.48197],[126.94695,37.48693],[126.94669,37.48736],[126.94657,37.48757],[126.94654,37.48767],[126.9465,37.48782],[126.94614,37.48928],[126.9461,37.49014],[126.94561,37.49076],[126.94527,37.49118],[126.94522,37.49124],[126.94497,37.49153],[126.94339,37.49208],[126.94283,37.49224],[126.94165,37.49225],[126.93951,37.49088]]]},"properties":{"adm_cd2":"1162060500","adm_nm":"서울특별시 관악구 은천동","sggnm":"관악구"}},
{"type":"Feature","geometry":{"type":"Polygon","coordinates":[[[126.94739,37.49391],[126.94339,37.49208],[126.94497,37.49153],[126.94522,37.49124],[126.94527,37.49118],[126.94561,37.49076],[126.9461,37.49014],[126.94614,37.48928],[126.9465,37.48782],[126.94654,37.48767],[126.94657,37.48757],[126.94669,37.48736],[126.94695,37.48693],[126.9563,37.48566],[126.95689,37.48638],[126.95767,37.48731],[126.95771,37.48735],[126.95797,37.48769],[126.958,37.4878],[126.95806,37.48817],[126.95805,37.4884],[126.95805,37.48844],[126.95804,37.48852],[126.95801,37.4886],[126.95797,37.4887],[126.95714,37.48979],[126.95611,37.49158],[126.9548,37.49118],[126.95404,37.49104],[126.95346,37.49113],[126.9534,37.49116],[126.95125,37.49241],[126.94852,37.49368],[126.94768,37.49374],[126.94739,37.49391]]]},"properties":{"adm_cd2":"1162056500","adm_nm":"서울특별시 관악구 성현동","sggnm":"관악구"}},
{"type":"Feature","geometry":{"type":"Polygon","coordinates":[[[126.95226,37.48135],[126.94634,37.48197],[126.94301,37.48231],[126.93785,37.48411],[126.93786,37.48364],[126.93785,37.48332],[126.93707,37.48227],[126.93675,37.48198],[126.93619,37.48164],[126.93574,37.48143],[126.93565,37.48132],[126.93564,37.4811],[126.93573,37.48082],[126.93695,37.47958],[126.93715,37.47945],[126.93819,37.4792],[126.93948,37.47812],[126.94011,37.47729],[126.94116,37.4765],[126.9429,37.47528],[126.94309,37.47515],[126.94314,37.47512],[126.94325,37.47506],[126.9433,37.47509],[126.94334,37.47512],[126.94361,37.47541],[126.94449,37.47473],[126.94604,37.47325],[126.94655,37.47275],[126.94755,37.47249],[126.94838,37.4725],[126.94848,37.4725],[126.94915,37.47247],[126.94969,37.47224],[126.94987,37.47217],[126.94993,37.4721],[126.95029,37.47167],[126.95046,37.47157],[126.95061,37.47148],[126.95099,37.47127],[126.95253,37.4711],[126.95292,37.47211],[126.95297,37.47229],[126.95311,37.47281],[126.95311,37.47326],[126.9531,37.47347],[126.95309,37.47353],[126.95255,37.48046],[126.95226,37.48135]]]},"properties":{"adm_cd2":"1162059500","adm_nm":"서울특별시 관악구 청룡동","sggnm":"관악구"}},
{"type":"Feature","geometry":{"type":"Polygon","coordinates":[[[126.92418,37.47717],[126.9236,37.47684],[126.92268,37.47632],[126.92075,37.47526],[126.91952,37.47458],[126.9178,37.474],[126.91773,37.47394],[126.915,37.47154],[126.91444,37.47007],[126.91428,37.46941],[126.91508,37.46616],[126.919,37.46657],[126.92298,37.46346],[126.92293,37.46418],[126.92294,37.46441],[126.92295,37.46451],[126.92325,37.46519],[126.92336,37.46546],[126.92344,37.46563],[126.92391,37.466],[126.9241,37.46615],[126.92469,37.46656],[126.92601,37.468],[126.9265,37.47188],[126.9267,37.47295],[126.92659,37.47446],[126.92418,37.47717]]]},"properties":{"adm_cd2":"1162077500","adm_nm":"서울특별시 관악구 난곡동","sggnm":"관악구"}},
{"type":"Feature","geometry":{"type":"Polygon","coordinates":[[[126.92875,37.45019],[126.93103,37.44782],[126.93383,37.44987],[126.93551,37.45176],[126.93601,37.45252],[126.93836,37.45666],[126.93853,37.45754],[126.93854,37.4578],[126.9386,37.45928],[126.93827,37.46005],[126.9376,37.46127],[126.93429,37.46499],[126.93227,37.46596],[126.93169,37.4658],[126.93144,37.46577],[126.9314,37.46628],[126.9314,37.46632],[126.9314,37.46642],[126.93147,37.46679],[126.93157,37.46718],[126.93245,37.46879],[126.93414,37.47179],[126.93353,37.47307],[126.92944,37.47458],[126.92941,37.47505],[126.92659,37.47446],[126.9267,37.47295],[126.9265,37.47188],[126.92601,37.468],[126.92469,37.46656],[126.9241,37.46615],[126.92391,37.466],[126.92344,37.46563],[126.92336,37.46546],[126.92325,37.46519],[126.92295,37.46451],[126.92294,37.46441],[126.92293,37.46418],[126.92298,37.46346],[126.92284,37.46299],[126.92324,37.46196],[126.92363,37.46098],[126.92406,37.4599],[126.92409,37.45971],[126.92296,37.45784],[126.92247,37.45725],[126.92251,37.45695],[126.92243,37.45673],[126.92264,37.45554],[126.92306,37.45463],[126.92318,37.45443],[126.9253,37.45288],[126.92707,37.45169],[126.92875,37.45019]]]},"properties":{"adm_cd2":"1162074500","adm_nm":"서울특별시 관악구 삼성동","sggnm":"관악구"}},
{"type":"Feature","geometry":{"type":"Polygon","coordinates":[[[126.91244,37.46568],[126.91375,37.46528],[126.91508,37.46616],[126.91428,37.46941],[126.91444,37.47007],[126.915,37.47154],[126.91773,37.47394],[126.9178,37.474],[126.91952,37.47458],[126.92075,37.47526],[126.92268,37.47632],[126.9236,37.47684],[126.92418,37.47717],[126.92301,37.47887],[126.92157,37.48312],[126.91454,37.48181],[126.90972,37.48095],[126.90882,37.47944],[126.90882,37.47886],[126.90924,37.4784],[126.90949,37.4782],[126.91065,37.4781],[126.91126,37.47814],[126.91129,37.47815],[126.91162,37.47817],[126.91186,37.47726],[126.91194,37.47691],[126.91164,37.47552],[126.91135,37.47474],[126.91096,37.47386],[126.91093,37.47382],[126.91091,37.47379],[126.91087,37.47375],[126.91085,37.47373],[126.91081,37.4737],[126.91072,37.47364],[126.90988,37.47326],[126.90984,37.47325],[126.90823,37.47263],[126.90864,37.47208],[126.90901,37.47121],[126.91013,37.46907],[126.91162,37.46663],[126.91186,37.46642],[126.9124,37.46601],[126.91244,37.46568]]]},"properties":{"adm_cd2":"1162076500","adm_nm":"서울특별시 관악구 미성동","sggnm":"관악구"}},
{"type":"Feature","geometry":{"type":"Polygon","coordinates":[[[127.02701,37.48051],[127.02572,37.48419],[127.02496,37.48633],[127.0225,37.49267],[127.02128,37.49601],[127.01576,37.49432],[127.01402,37.49358],[127.0139,37.49328],[127.01393,37.49216],[127.01396,37.49198],[127.01403,37.49152],[127.01458,37.48837],[127.01493,37.48721],[127.01529,37.4866],[127.01733,37.48326],[127.01799,37.48223],[127.01873,37.48162],[127.01935,37.48005],[127.01933,37.47869],[127.01983,37.47687],[127.02028,37.47687],[127.02084,37.47711],[127.02178,37.47753],[127.02404,37.47936],[127.02412,37.48033],[127.02444,37.48054],[127.02453,37.48059],[127.02551,37.4808],[127.02701,37.48051]]]},"properties":{"adm_cd2":"1165051000","adm_nm":"서울특별시 서초구 서초1동","sggnm":"서초구"}},
{"type":"Feature","geometry":{"type":"Polygon","coordinates":[[[127.02701,37.48051],[127.02791,37.48086],[127.02866,37.48106],[127.02941,37.48046],[127.03041,37.4802],[127.03252,37.48101],[127.03393,37.48221],[127.03413,37.48244],[127.03436,37.48278],[127.03436,37.48281],[127.03436,37.48287],[127.03363,37.48401],[127.03397,37.4848],[127.03378,37.4851],[127.03162,37.48954],[127.02764,37.49796],[127.02128,37.49601],[127.0225,37.49267],[127.02496,37.48633],[127.02572,37.48419],[127.02701,37.48051]]]},"properties":{"adm_cd2":"1165052000","adm_nm":"서울특별시 서초구 서초2동","sggnm":"서초구"}},
{"type":"Feature","geometry":{"type":"Polygon","coordinates":[[[127.01576,37.49432],[127.01414,37.49402],[127.01411,37.49402],[127.01355,37.49434],[127.01337,37.49511],[127.0131,37.49618],[127.01291,37.49698],[127.01245,37.49905],[127.01054,37.49876],[127.01009,37.49861],[127.00965,37.4984],[127.00361,37.49483],[127.00291,37.49395],[127.00216,37.49333],[127.00207,37.49326],[127.00158,37.49289],[127.001,37.49247],[127.00097,37.49245],[127.00027,37.49195],[127.0008,37.48992],[127.00118,37.48696],[127.00063,37.48607],[127.00056,37.48595],[127.00028,37.48565],[127.00059,37.48516],[127.00064,37.48501],[127.00083,37.48446],[127.00083,37.48433],[127.00083,37.48421],[127.00083,37.48418],[127.00083,37.48366],[127.00189,37.4828],[127.00215,37.4823],[127.00296,37.48127],[127.00267,37.48085],[127.00295,37.48032],[127.00317,37.47997],[127.00331,37.47976],[127.00358,37.47934],[127.00384,37.47894],[127.00396,37.47877],[127.0041,37.47855],[127.00542,37.47902],[127.00664,37.47822],[127.00909,37.47485],[127.01031,37.47226],[127.01359,37.47318],[127.015,37.4742],[127.01502,37.47423],[127.01551,37.47476],[127.01684,37.47597],[127.01807,37.4766],[127.01983,37.47687],[127.01933,37.47869],[127.01935,37.48005],[127.01873,37.48162],[127.01799,37.48223],[127.01733,37.48326],[127.01529,37.4866],[127.01493,37.48721],[127.01458,37.48837],[127.01403,37.49152],[127.01396,37.49198],[127.01393,37.49216],[127.0139,37.49328],[127.01402,37.49358],[127.01576,37.49432]]]},"properties":{"adm_cd2":"1165053000","adm_nm":"서울특별시 서초구 서초3동","sggnm":"서초구"}},
{"type":"Feature","geometry":{"type":"Polygon","coordinates":[[[127.02128,37.49601],[127.02764,37.49796],[127.02649,37.50037],[127.0245,37.50452],[127.02363,37.50425],[127.02107,37.50345],[127.01867,37.50283],[127.01785,37.50078],[127.01361,37.49963],[127.01238,37.49937],[127.01245,37.49905],[127.01291,37.49698],[127.0131,37.49618],[127.01337,37.49511],[127.01355,37.49434],[127.01411,37.49402],[127.01414,37.49402],[127.01576,37.49432],[127.02128,37.49601]]]},"properties":{"adm_cd2":"1165053100","adm_nm":"서울특별시 서초구 서초4동","sggnm":"서초구"}},
{"type":"Feature","geometry":{"type":"Polygon","coordinates":[[[127.00443,37.52026],[127.00748,37.51678],[127.00791,37.51637],[127.00812,37.51618],[127.00819,37.51613],[127.00889,37.51565],[127.00824,37.51492],[127.0077,37.51438],[127.00765,37.51434],[127.0076,37.51429],[127.00746,37.51423],[127.00721,37.51398],[127.00718,37.51396],[127.00676,37.51353],[127.00733,37.51258],[127.0077,37.51283],[127.00851,37.51322],[127.00861,37.51328],[127.00906,37.51282],[127.00936,37.51251],[127.01166,37.50916],[127.01162,37.50831],[127.02035,37.51081],[127.02131,37.51117],[127.01986,37.51504],[127.01944,37.51599],[127.01948,37.51634],[127.01903,37.51824],[127.01892,37.51857],[127.01828,37.52052],[127.01798,37.5213],[127.01761,37.52209],[127.0172,37.5227],[127.01707,37.52289],[127.01661,37.52338],[127.0146,37.52551],[127.01187,37.52784],[127.00797,37.52459],[127.00443,37.52026]]]},"properties":{"adm_cd2":"1165054000","adm_nm":"서울특별시 서초구 잠원동","sggnm":"서초구"}},
{"type":"Feature","geometry":{"type":"Polygon","coordinates":[[[126.98013,37.50649],[126.9803,37.50484],[126.98032,37.504],[126.98033,37.50395],[126.98039,37.5036],[126.98045,37.50331],[126.9807,37.50274],[126.98115,37.50229],[126.9862,37.49904],[126.98695,37.49863],[126.98784,37.49861],[126.98823,37.49867],[126.98897,37.49887],[126.98952,37.49902],[126.99006,37.49917],[126.9901,37.49918],[126.9911,37.49951],[126.99452,37.50148],[126.99453,37.50151],[126.99453,37.50156],[126.99454,37.5016],[126.99453,37.50163],[126.99451,37.50169],[126.99441,37.50191],[126.99439,37.50196],[126.99419,37.50244],[126.99418,37.50247],[126.99411,37.50257],[126.99395,37.50283],[126.99392,37.50286],[126.9929,37.5029],[126.9919,37.50507],[126.99183,37.50536],[126.99182,37.5054],[126.99185,37.50565],[126.99221,37.50643],[126.99186,37.508],[126.9925,37.50971],[126.99062,37.51303],[126.98568,37.50663],[126.98073,37.50657],[126.98013,37.50649]]]},"properties":{"adm_cd2":"1165055000","adm_nm":"서울특별시 서초구 반포본동","sggnm":"서초구"}},
{"type":"Feature","geometry":{"type":"Polygon","coordinates":[[[127.0245,37.50452],[127.02447,37.50457],[127.02137,37.51103],[127.02035,37.51081],[127.01162,37.50831],[127.00975,37.50778],[127.00911,37.50726],[127.00932,37.50686],[127.00937,37.50676],[127.01003,37.50551],[127.01042,37.50476],[127.01046,37.50468],[127.01081,37.50402],[127.01101,37.50362],[127.01152,37.50264],[127.01156,37.50256],[127.01158,37.50249],[127.0118,37.50184],[127.01194,37.50127],[127.01238,37.49937],[127.01361,37.49963],[127.01785,37.50078],[127.01867,37.50283],[127.02107,37.50345],[127.02363,37.50425],[127.0245,37.50452]]]},"properties":{"adm_cd2":"1165056000","adm_nm":"서울특별시 서초구 반포1동","sggnm":"서초구"}},
{"type":"Feature","geometry":{"type":"Polygon","coordinates":[[[126.99062,37.51303],[126.9925,37.50971],[126.99186,37.508],[126.99221,37.50643],[126.99185,37.50565],[126.99182,37.5054],[126.99183,37.50536],[126.9919,37.50507],[126.9929,37.5029],[126.99392,37.50286],[126.99395,37.50283],[126.99411,37.50257],[126.99418,37.50247],[126.99419,37.50244],[126.99439,37.50196],[126.99441,37.50191],[126.99451,37.50169],[126.99453,37.50163],[126.99454,37.5016],[126.99453,37.50156],[126.99453,37.50151],[126.99452,37.50148],[126.9911,37.49951],[126.9901,37.49918],[126.99006,37.49917],[126.98952,37.49902],[126.98897,37.49887],[126.98823,37.49867],[126.98784,37.49861],[126.98775,37.49824],[126.99071,37.49816],[126.99218,37.49816],[126.99287,37.49818],[126.9933,37.49824],[126.994,37.4984],[126.99484,37.49867],[127.00133,37.50127],[127.00295,37.50195],[127.00311,37.50212],[127.00306,37.50249],[127.0029,37.50275],[127.00093,37.50527],[127.00053,37.50619],[127.00028,37.50674],[126.99956,37.50825],[126.9984,37.51062],[126.99594,37.51574],[126.99062,37.51303]]]},"properties":{"adm_cd2":"1165057000","adm_nm":"서울특별시 서초구 반포2동","sggnm":"서초구"}},
{"type":"Feature","geometry":{"type":"Polygon","coordinates":[[[126.99594,37.51574],[126.9984,37.51062],[126.99956,37.50825],[127.00028,37.50674],[127.00053,37.50619],[127.00093,37.50527],[127.00975,37.50778],[127.01162,37.50831],[127.01166,37.50916],[127.00936,37.51251],[127.00906,37.51282],[127.00861,37.51328],[127.00851,37.51322],[127.0077,37.51283],[127.00733,37.51258],[127.00676,37.51353],[127.00718,37.51396],[127.00721,37.51398],[127.00746,37.51423],[127.0076,37.51429],[127.00765,37.51434],[127.0077,37.51438],[127.00824,37.51492],[127.00889,37.51565],[127.00819,37.51613],[127.00812,37.51618],[127.00791,37.51637],[127.00748,37.51678],[127.00443,37.52026],[127.00039,37.51795],[126.99594,37.51574]]]},"properties":{"adm_cd2":"1165058000","adm_nm":"서울특별시 서초구 반포3동","sggnm":"서초구"}},
{"type":"Feature","geometry":{"type":"Polygon","coordinates":[[[127.01245,37.49905],[127.01238,37.49937],[127.01194,37.50127],[127.0118,37.50184],[127.01158,37.50249],[127.01156,37.50256],[127.01152,37.50264],[127.01101,37.50362],[127.01081,37.50402],[127.01046,37.50468],[127.01042,37.50476],[127.01003,37.50551],[127.00937,37.50676],[127.00932,37.50686],[127.00911,37.50726],[127.00975,37.50778],[127.00093,37.50527],[127.0029,37.50275],[127.00306,37.50249],[127.00311,37.50212],[127.00295,37.50195],[127.00133,37.50127],[126.99484,37.49867],[126.994,37.4984],[126.9933,37.49824],[126.99287,37.49818],[126.99218,37.49816],[126.99071,37.49816],[126.99071,37.4981],[126.99071,37.49788],[126.99092,37.49751],[126.99125,37.49725],[126.99161,37.49719],[126.99184,37.49715],[126.99188,37.49714],[126.99224,37.49705],[126.99276,37.49691],[126.99294,37.49663],[126.99295,37.49634],[126.99361,37.49601],[126.99378,37.49617],[126.99413,37.49613],[126.99417,37.49612],[126.99424,37.49611],[126.99449,37.49611],[126.99453,37.49613],[126.99459,37.49612],[126.99485,37.49605],[126.99484,37.49599],[126.99496,37.49586],[126.99501,37.49581],[126.99505,37.49577],[126.99496,37.49549],[126.99491,37.49533],[126.99523,37.49489],[126.99527,37.49484],[126.99533,37.49476],[126.99543,37.49435],[126.99546,37.49402],[126.99725,37.49368],[127.00027,37.49195],[127.00097,37.49245],[127.001,37.49247],[127.00158,37.49289],[127.00207,37.49326],[127.00216,37.49333],[127.00291,37.49395],[127.00361,37.49483],[127.00965,37.4984],[127.01009,37.49861],[127.01054,37.49876],[127.01245,37.49905]]]},"properties":{"adm_cd2":"1165058100","adm_nm":"서울특별시 서초구 반포4동","sggnm":"서초구"}},
{"type":"Feature","geometry":{"type":"Polygon","coordinates":[[[126.98265,37.49089],[126.98506,37.49088],[126.9855,37.49088],[126.98589,37.49103],[126.98643,37.49125],[126.98744,37.49165],[126.98911,37.49232],[126.99044,37.49285],[126.99229,37.49355],[126.99546,37.49402],[126.99543,37.49435],[126.99533,37.49476],[126.99527,37.49484],[126.99523,37.49489],[126.99491,37.49533],[126.99496,37.49549],[126.99505,37.49577],[126.99501,37.49581],[126.99496,37.49586],[126.99484,37.49599],[126.99485,37.49605],[126.99459,37.49612],[126.99453,37.49613],[126.99449,37.49611],[126.99424,37.49611],[126.99417,37.49612],[126.99413,37.49613],[126.99378,37.49617],[126.99361,37.49601],[126.99295,37.49634],[126.99294,37.49663],[126.99276,37.49691],[126.99224,37.49705],[126.99188,37.49714],[126.99184,37.49715],[126.99161,37.49719],[126.99125,37.49725],[126.99092,37.49751],[126.99071,37.49788],[126.99071,37.4981],[126.99071,37.49816],[126.98775,37.49824],[126.98625,37.49858],[126.98477,37.49928],[126.98349,37.49755],[126.98344,37.49746],[126.98336,37.49733],[126.98324,37.49713],[126.98308,37.49676],[126.98304,37.49668],[126.98296,37.4965],[126.98292,37.49641],[126.9829,37.49635],[126.98278,37.49524],[126.98277,37.49504],[126.98276,37.49484],[126.98275,37.49429],[126.98274,37.4942],[126.98274,37.49398],[126.98265,37.49089]]]},"properties":{"adm_cd2":"1165059000","adm_nm":"서울특별시 서초구 방배본동","sggnm":"서초구"}},
{"type":"Feature","geometry":{"type":"Polygon","coordinates":[[[127.0008,37.48992],[126.99908,37.48932],[126.99163,37.48706],[126.99056,37.48674],[126.99037,37.48668],[126.98963,37.48644],[126.99364,37.48018],[126.99523,37.4807],[126.99627,37.48103],[126.99772,37.48132],[127.00063,37.48191],[127.00215,37.4823],[127.00189,37.4828],[127.00083,37.48366],[127.00083,37.48418],[127.00083,37.48421],[127.00083,37.48433],[127.00083,37.48446],[127.00064,37.48501],[127.00059,37.48516],[127.00028,37.48565],[127.00056,37.48595],[127.00063,37.48607],[127.00118,37.48696],[127.0008,37.48992]]]},"properties":{"adm_cd2":"1165060000","adm_nm":"서울특별시 서초구 방배1동","sggnm":"서초구"}},
{"type":"Feature","geometry":{"type":"Polygon","coordinates":[[[126.98172,37.47636],[126.98177,37.47583],[126.98186,37.4747],[126.98195,37.47442],[126.98254,37.47277],[126.98255,37.47274],[126.98265,37.47257],[126.98323,37.47157],[126.98378,37.4708],[126.98453,37.46974],[126.98543,37.46898],[126.98667,37.46801],[126.98671,37.46797],[126.98686,37.46785],[126.98713,37.46751],[126.98739,37.46719],[126.98759,37.46694],[126.98781,37.46641],[126.98816,37.46552],[126.98823,37.46387],[126.98802,37.46276],[126.98792,37.46224],[126.98764,37.4613],[126.98747,37.46041],[126.98764,37.4594],[126.98862,37.45814],[126.99176,37.45967],[126.99683,37.46218],[126.99696,37.4625],[126.99716,37.46352],[126.99722,37.46394],[126.99646,37.4648],[126.99628,37.46672],[126.99475,37.46882],[126.99372,37.46921],[126.99287,37.46953],[126.98908,37.47066],[126.98681,37.47118],[126.98595,37.47277],[126.98568,37.47461],[126.98602,37.47586],[126.98606,37.476],[126.9866,37.47712],[126.98697,37.47741],[126.98732,37.47762],[126.99,37.47895],[126.99029,37.47909],[126.99092,37.47929],[126.99364,37.48018],[126.98963,37.48644],[126.98208,37.48539],[126.98207,37.48481],[126.98181,37.48059],[126.98161,37.47715],[126.98172,37.47636]]]},"properties":{"adm_cd2":"1165061000","adm_nm":"서울특별시 서초구 방배2동","sggnm":"서초구"}},
{"type":"Feature","geometry":{"type":"Polygon","coordinates":[[[127.00215,37.4823],[127.00063,37.48191],[126.99772,37.48132],[126.99627,37.48103],[126.99523,37.4807],[126.99364,37.48018],[126.99092,37.47929],[126.99029,37.47909],[126.99,37.47895],[126.98732,37.47762],[126.98697,37.47741],[126.9866,37.47712],[126.98606,37.476],[126.98602,37.47586],[126.98568,37.47461],[126.98595,37.47277],[126.98681,37.47118],[126.98908,37.47066],[126.99287,37.46953],[126.99372,37.46921],[126.99475,37.46882],[126.99628,37.46672],[126.99975,37.46716],[127.00342,37.46726],[127.00382,37.46816],[127.00417,37.46883],[127.00447,37.46928],[127.00567,37.46997],[127.00742,37.47053],[127.00968,37.4716],[127.01031,37.47226],[127.00909,37.47485],[127.00664,37.47822],[127.00542,37.47902],[127.0041,37.47855],[127.00396,37.47877],[127.00384,37.47894],[127.00358,37.47934],[127.00331,37.47976],[127.00317,37.47997],[127.00295,37.48032],[127.00267,37.48085],[127.00296,37.48127],[127.00215,37.4823]]]},"properties":{"adm_cd2":"1165062000","adm_nm":"서울특별시 서초구 방배3동","sggnm":"서초구"}},
{"type":"Feature","geometry":{"type":"Polygon","coordinates":[[[126.98208,37.48539],[126.98963,37.48644],[126.99037,37.48668],[126.99056,37.48674],[126.99163,37.48706],[126.99908,37.48932],[127.0008,37.48992],[127.00027,37.49195],[126.99725,37.49368],[126.99546,37.49402],[126.99229,37.49355],[126.99044,37.49285],[126.98911,37.49232],[126.98744,37.49165],[126.98643,37.49125],[126.98589,37.49103],[126.9855,37.49088],[126.98506,37.49088],[126.98265,37.49089],[126.98208,37.48539]]]},"properties":{"adm_cd2":"1165062100","adm_nm":"서울특별시 서초구 방배4동","sggnm":"서초구"}},
{"type":"Feature","geometry":{"type":"Polygon","coordinates":[[[127.01983,37.47687],[127.01807,37.4766],[127.01684,37.47597],[127.01551,37.47476],[127.01502,37.47423],[127.015,37.4742],[127.01359,37.47318],[127.01031,37.47226],[127.00968,37.4716],[127.00742,37.47053],[127.00567,37.46997],[127.00447,37.46928],[127.00417,37.46883],[127.00382,37.46816],[127.00342,37.46726],[127.00417,37.46478],[127.00516,37.46306],[127.01106,37.45539],[127.01617,37.45537],[127.01786,37.45561],[127.02053,37.45617],[127.0216,37.45658],[127.02185,37.45668],[127.02262,37.45698],[127.02338,37.45728],[127.02469,37.45781],[127.0258,37.45836],[127.0261,37.45851],[127.02986,37.46345],[127.02999,37.4639],[127.03008,37.46418],[127.02986,37.46545],[127.02897,37.46785],[127.0308,37.47037],[127.03275,37.47217],[127.03307,37.4724],[127.03378,37.4729],[127.03469,37.47316],[127.03519,37.4733],[127.03567,37.47344],[127.03658,37.47373],[127.03753,37.47403],[127.03762,37.47406],[127.03927,37.47469],[127.03932,37.47471],[127.04031,37.4755],[127.04138,37.47663],[127.04141,37.47667],[127.04394,37.47971],[127.04154,37.48509],[127.04135,37.48557],[127.03397,37.4848],[127.03363,37.48401],[127.03436,37.48287],[127.03436,37.48281],[127.03436,37.48278],[127.03413,37.48244],[127.03393,37.48221],[127.03252,37.48101],[127.03041,37.4802],[127.02941,37.48046],[127.02866,37.48106],[127.02791,37.48086],[127.02701,37.48051],[127.02551,37.4808],[127.02453,37.48059],[127.02444,37.48054],[127.02412,37.48033],[127.02404,37.47936],[127.02178,37.47753],[127.02084,37.47711],[127.02028,37.47687],[127.01983,37.47687]]]},"properties":{"adm_cd2":"1165065100","adm_nm":"서울특별시 서초구 양재1동","sggnm":"서초구"}},
{"type":"Feature","geometry":{"type":"Polygon","coordinates":[[[127.02986,37.46545],[127.03127,37.46578],[127.03272,37.46525],[127.03314,37.46502],[127.03407,37.46441],[127.03437,37.46419],[127.03458,37.46404],[127.03473,37.46385],[127.03437,37.46304],[127.03407,37.46248],[127.03401,37.46236],[127.03343,37.46108],[127.03378,37.46003],[127.03492,37.45787],[127.03516,37.45762],[127.03541,37.45753],[127.03548,37.45752],[127.03562,37.45751],[127.03583,37.45755],[127.03788,37.44914],[127.03789,37.44908],[127.03836,37.44565],[127.03837,37.44554],[127.03837,37.44546],[127.03832,37.44516],[127.03821,37.44473],[127.0382,37.4447],[127.03818,37.44463],[127.03815,37.44457],[127.03809,37.44441],[127.038,37.44423],[127.03757,37.44345],[127.03681,37.44215],[127.03676,37.44208],[127.03671,37.44203],[127.03665,37.44199],[127.0366,37.44195],[127.03652,37.4419],[127.03541,37.44117],[127.03539,37.44112],[127.03539,37.44099],[127.03541,37.44083],[127.03542,37.44074],[127.03545,37.44054],[127.03546,37.44049],[127.03547,37.44044],[127.0358,37.43927],[127.03584,37.43919],[127.03586,37.43916],[127.03717,37.43852],[127.03731,37.43849],[127.03739,37.43848],[127.03748,37.43847],[127.03902,37.43843],[127.03958,37.43847],[127.03971,37.43849],[127.03981,37.4385],[127.03991,37.4385],[127.04001,37.43848],[127.04052,37.43834],[127.04087,37.43821],[127.04097,37.43817],[127.04106,37.43811],[127.04371,37.43572],[127.04407,37.43539],[127.0441,37.43535],[127.04422,37.43523],[127.0443,37.43512],[127.04435,37.43503],[127.04444,37.43482],[127.04445,37.43477],[127.04447,37.4347],[127.0445,37.43465],[127.04454,37.43454],[127.04458,37.43448],[127.0446,37.43445],[127.04466,37.43436],[127.04472,37.4343],[127.04478,37.43426],[127.04486,37.43419],[127.04493,37.43414],[127.04505,37.43407],[127.04512,37.43403],[127.04523,37.43398],[127.04535,37.43393],[127.04539,37.43391],[127.04543,37.4339],[127.04559,37.43386],[127.04604,37.43372],[127.04616,37.43368],[127.04619,37.43366],[127.04628,37.43361],[127.04634,37.43355],[127.04639,37.43348],[127.04641,37.43342],[127.04643,37.43337],[127.04647,37.4332],[127.04649,37.4331],[127.04655,37.43293],[127.04661,37.43281],[127.04665,37.43272],[127.04674,37.43259],[127.04683,37.43248],[127.04696,37.43234],[127.04699,37.43232],[127.04709,37.43222],[127.04719,37.43207],[127.04724,37.43197],[127.04726,37.4319],[127.04747,37.43087],[127.04896,37.43055],[127.04987,37.43031],[127.05089,37.42965],[127.05459,37.42941],[127.05789,37.43014],[127.05797,37.43013],[127.06188,37.42983],[127.06316,37.42971],[127.06303,37.43164],[127.06311,37.43361],[127.06318,37.43386],[127.06328,37.43417],[127.06337,37.43446],[127.06371,37.43524],[127.06374,37.4353],[127.06377,37.43536],[127.06396,37.43574],[127.06392,37.43648],[127.06391,37.43684],[127.06354,37.43791],[127.06336,37.43822],[127.06146,37.44057],[127.06051,37.44089],[127.05993,37.4412],[127.05867,37.44332],[127.05614,37.44697],[127.05451,37.44846],[127.05446,37.44851],[127.05438,37.44859],[127.05416,37.44879],[127.0519,37.45095],[127.05129,37.4516],[127.05087,37.45205],[127.05067,37.4526],[127.0505,37.45307],[127.05062,37.45352],[127.05069,37.45378],[127.05069,37.45381],[127.0507,37.45384],[127.04978,37.45539],[127.04948,37.45585],[127.04768,37.45753],[127.04637,37.45845],[127.04605,37.45893],[127.04593,37.45913],[127.04591,37.45917],[127.04582,37.45934],[127.04553,37.46085],[127.04552,37.46119],[127.04556,37.46127],[127.04536,37.46347],[127.04401,37.46471],[127.04303,37.46562],[127.0431,37.46567],[127.04485,37.46696],[127.04678,37.46839],[127.04727,37.46875],[127.04788,37.46921],[127.04958,37.47049],[127.05039,37.47104],[127.05106,37.47149],[127.05071,37.47182],[127.04915,37.47332],[127.04503,37.47729],[127.04469,37.47797],[127.04457,37.47819],[127.04394,37.47971],[127.04141,37.47667],[127.04138,37.47663],[127.04031,37.4755],[127.03932,37.47471],[127.03927,37.47469],[127.03762,37.47406],[127.03753,37.47403],[127.03658,37.47373],[127.03567,37.47344],[127.03519,37.4733],[127.03469,37.47316],[127.03378,37.4729],[127.03307,37.4724],[127.03275,37.47217],[127.0308,37.47037],[127.02897,37.46785],[127.02986,37.46545]]]},"properties":{"adm_cd2":"1165065200","adm_nm":"서울특별시 서초구 양재2동","sggnm":"서초구"}},
{"type":"Feature","geometry":{"type":"Polygon","coordinates":[[[127.06316,37.42971],[127.06429,37.4292],[127.06467,37.42915],[127.06538,37.42904],[127.06553,37.42902],[127.06567,37.42901],[127.06569,37.42912],[127.0657,37.42915],[127.06578,37.42927],[127.06601,37.42959],[127.06675,37.43013],[127.06816,37.43058],[127.06935,37.43042],[127.07046,37.43006],[127.07092,37.43185],[127.07143,37.4352],[127.07263,37.43639],[127.07338,37.43934],[127.07197,37.44001],[127.07168,37.44156],[127.07166,37.4417],[127.07165,37.4418],[127.07168,37.44183],[127.07176,37.44192],[127.07179,37.44194],[127.07192,37.44209],[127.07215,37.44221],[127.07237,37.44233],[127.07242,37.44235],[127.07476,37.44242],[127.07633,37.44227],[127.07674,37.44218],[127.07704,37.442],[127.07708,37.44197],[127.07734,37.44181],[127.081,37.44096],[127.08122,37.44098],[127.08129,37.44098],[127.08158,37.441],[127.08231,37.4412],[127.08257,37.44146],[127.08323,37.44255],[127.08394,37.44382],[127.08413,37.444],[127.08543,37.44494],[127.08555,37.44499],[127.08565,37.44503],[127.08799,37.44506],[127.08819,37.44637],[127.08832,37.44864],[127.08969,37.4512],[127.09082,37.45283],[127.09096,37.45298],[127.09138,37.45331],[127.09214,37.45362],[127.09307,37.45482],[127.09428,37.45652],[127.09512,37.4583],[127.09495,37.45842],[127.09463,37.45878],[127.09541,37.46029],[127.09587,37.46106],[127.09632,37.46143],[127.09626,37.46164],[127.09609,37.46223],[127.096,37.4625],[127.09502,37.46366],[127.09404,37.46399],[127.09336,37.4644],[127.08876,37.46807],[127.08621,37.47036],[127.0852,37.47156],[127.0849,37.47211],[127.08449,37.47287],[127.08507,37.47494],[127.08516,37.47527],[127.08405,37.47544],[127.08387,37.47545],[127.083,37.47539],[127.08219,37.47533],[127.08163,37.47526],[127.08102,37.47517],[127.08035,37.47489],[127.07925,37.47483],[127.07904,37.47483],[127.07834,37.47486],[127.07716,37.47501],[127.07615,37.47399],[127.07594,37.4738],[127.07391,37.47286],[127.07265,37.4748],[127.07081,37.47483],[127.06976,37.47478],[127.06924,37.47389],[127.06253,37.47284],[127.06228,37.47023],[127.06216,37.46965],[127.06161,37.46896],[127.05675,37.46842],[127.05621,37.46839],[127.05453,37.46853],[127.05416,37.46863],[127.05381,37.46873],[127.05007,37.4701],[127.04958,37.47049],[127.04788,37.46921],[127.04727,37.46875],[127.04678,37.46839],[127.04485,37.46696],[127.0431,37.46567],[127.04303,37.46562],[127.04401,37.46471],[127.04536,37.46347],[127.04556,37.46127],[127.04552,37.46119],[127.04553,37.46085],[127.04582,37.45934],[127.04591,37.45917],[127.04593,37.45913],[127.04605,37.45893],[127.04637,37.45845],[127.04768,37.45753],[127.04948,37.45585],[127.04978,37.45539],[127.0507,37.45384],[127.05069,37.45381],[127.05069,37.45378],[127.05062,37.45352],[127.0505,37.45307],[127.05067,37.4526],[127.05087,37.45205],[127.05129,37.4516],[127.0519,37.45095],[127.05416,37.44879],[127.05438,37.44859],[127.05446,37.44851],[127.05451,37.44846],[127.05614,37.44697],[127.05867,37.44332],[127.05993,37.4412],[127.06051,37.44089],[127.06146,37.44057],[127.06336,37.43822],[127.06354,37.43791],[127.06391,37.43684],[127.06392,37.43648],[127.06396,37.43574],[127.06377,37.43536],[127.06374,37.4353],[127.06371,37.43524],[127.06337,37.43446],[127.06328,37.43417],[127.06318,37.43386],[127.06311,37.43361],[127.06303,37.43164],[127.06316,37.42971]]]},"properties":{"adm_cd2":"1165066000","adm_nm":"서울특별시 서초구 내곡동","sggnm":"서초구"}},
{"type":"Feature","geometry":{"type":"Polygon","coordinates":[[[127.01187,37.52784],[127.0146,37.52551],[127.01661,37.52338],[127.01707,37.52289],[127.0172,37.5227],[127.01761,37.52209],[127.01798,37.5213],[127.01828,37.52052],[127.01892,37.51857],[127.01903,37.51824],[127.01948,37.51634],[127.01944,37.51599],[127.02117,37.51682],[127.02526,37.51856],[127.02721,37.51927],[127.02808,37.51958],[127.02816,37.52113],[127.02817,37.52134],[127.02825,37.52257],[127.02837,37.52458],[127.02856,37.52555],[127.02859,37.52594],[127.02862,37.52661],[127.02856,37.52731],[127.02834,37.52721],[127.02831,37.52729],[127.028,37.52777],[127.02741,37.5283],[127.02687,37.52874],[127.02659,37.52897],[127.02618,37.52932],[127.0257,37.52979],[127.02524,37.53024],[127.02442,37.5314],[127.02436,37.5315],[127.02424,37.53166],[127.02156,37.53553],[127.02092,37.53512],[127.02018,37.53464],[127.02006,37.53456],[127.01951,37.53411],[127.01822,37.53302],[127.01704,37.53203],[127.01637,37.53147],[127.01546,37.5307],[127.01261,37.52831],[127.01187,37.52784]]]},"properties":{"adm_cd2":"1168051000","adm_nm":"서울특별시 강남구 신사동","sggnm":"강남구"}},
{"type":"Feature","geometry":{"type":"Polygon","coordinates":[[[127.02035,37.51081],[127.02137,37.51103],[127.02447,37.50457],[127.03389,37.50739],[127.03168,37.51213],[127.03112,37.51333],[127.03096,37.51369],[127.03085,37.51392],[127.03046,37.5139],[127.03077,37.5141],[127.03069,37.51428],[127.03055,37.51457],[127.03023,37.51526],[127.02969,37.51642],[127.02827,37.51946],[127.02808,37.51958],[127.02721,37.51927],[127.02526,37.51856],[127.02117,37.51682],[127.01944,37.51599],[127.01986,37.51504],[127.02131,37.51117],[127.02035,37.51081]]]},"properties":{"adm_cd2":"1168052100","adm_nm":"서울특별시 강남구 논현1동","sggnm":"강남구"}},
{"type":"Feature","geometry":{"type":"Polygon","coordinates":[[[127.03389,37.50739],[127.04377,37.51026],[127.04305,37.51237],[127.04131,37.5171],[127.04027,37.51693],[127.04124,37.5173],[127.03918,37.52291],[127.03906,37.52293],[127.03884,37.52298],[127.03826,37.5228],[127.03741,37.52254],[127.03387,37.52142],[127.03279,37.52108],[127.03052,37.52036],[127.02808,37.51958],[127.02827,37.51946],[127.02969,37.51642],[127.03023,37.51526],[127.03055,37.51457],[127.03069,37.51428],[127.03077,37.5141],[127.03046,37.5139],[127.03085,37.51392],[127.03096,37.51369],[127.03112,37.51333],[127.03168,37.51213],[127.03389,37.50739]]]},"properties":{"adm_cd2":"1168053100","adm_nm":"서울특별시 강남구 논현2동","sggnm":"강남구"}},
{"type":"Feature","geometry":{"type":"Polygon","coordinates":[[[127.06526,37.5256],[127.06194,37.52214],[127.06155,37.52173],[127.06062,37.52127],[127.06056,37.52124],[127.06032,37.52115],[127.05883,37.52063],[127.0584,37.52048],[127.05831,37.52045],[127.05808,37.52037],[127.05777,37.52026],[127.05731,37.52011],[127.057,37.52004],[127.05622,37.51989],[127.05113,37.519],[127.05027,37.51885],[127.05098,37.51746],[127.0517,37.51599],[127.05241,37.51466],[127.05269,37.51414],[127.05281,37.51392],[127.05461,37.51059],[127.05462,37.51055],[127.05465,37.51052],[127.0553,37.50935],[127.05618,37.50777],[127.05669,37.50686],[127.0605,37.50802],[127.06655,37.50994],[127.06737,37.51009],[127.06846,37.51028],[127.06844,37.51143],[127.06838,37.51231],[127.06716,37.51998],[127.0665,37.52093],[127.06696,37.52508],[127.06526,37.5256]]]},"properties":{"adm_cd2":"1168058000","adm_nm":"서울특별시 강남구 삼성1동","sggnm":"강남구"}},
{"type":"Feature","geometry":{"type":"Polygon","coordinates":[[[127.04377,37.51026],[127.04418,37.5092],[127.04487,37.50848],[127.04566,37.50792],[127.04573,37.50787],[127.04641,37.50745],[127.04687,37.50716],[127.04699,37.50709],[127.04728,37.50691],[127.04777,37.50659],[127.04814,37.50621],[127.04826,37.50598],[127.04868,37.50514],[127.04893,37.50463],[127.04718,37.50397],[127.04904,37.5044],[127.05669,37.50686],[127.05618,37.50777],[127.0553,37.50935],[127.05465,37.51052],[127.05462,37.51055],[127.05461,37.51059],[127.05281,37.51392],[127.05269,37.51414],[127.05241,37.51466],[127.0517,37.51599],[127.05098,37.51746],[127.05027,37.51885],[127.04124,37.5173],[127.04027,37.51693],[127.04131,37.5171],[127.04305,37.51237],[127.04377,37.51026]]]},"properties":{"adm_cd2":"1168059000","adm_nm":"서울특별시 강남구 삼성2동","sggnm":"강남구"}},
{"type":"Feature","geometry":{"type":"Polygon","coordinates":[[[127.06553,37.49007],[127.0622,37.49646],[127.06086,37.49887],[127.05567,37.49722],[127.05251,37.49705],[127.05273,37.49627],[127.05303,37.49567],[127.0534,37.49526],[127.05374,37.49456],[127.05382,37.49438],[127.0554,37.49104],[127.05548,37.49082],[127.05573,37.49012],[127.05656,37.48768],[127.0579,37.48838],[127.0588,37.48875],[127.05921,37.48885],[127.05927,37.48887],[127.05939,37.4889],[127.05999,37.48904],[127.06202,37.48942],[127.06553,37.49007]]]},"properties":{"adm_cd2":"1168060000","adm_nm":"서울특별시 강남구 대치1동","sggnm":"강남구"}},
{"type":"Feature","geometry":{"type":"Polygon","coordinates":[[[127.04904,37.5044],[127.04929,37.50386],[127.05251,37.49705],[127.05567,37.49722],[127.06086,37.49887],[127.05669,37.50686],[127.04904,37.5044]]]},"properties":{"adm_cd2":"1168063000","adm_nm":"서울특별시 강남구 대치4동","sggnm":"강남구"}},
{"type":"Feature","geometry":{"type":"Polygon","coordinates":[[[127.03162,37.48954],[127.04089,37.49241],[127.03846,37.49753],[127.03704,37.50062],[127.0384,37.50128],[127.04277,37.50262],[127.04718,37.50397],[127.04893,37.50463],[127.04868,37.50514],[127.04826,37.50598],[127.04814,37.50621],[127.04777,37.50659],[127.04728,37.50691],[127.04699,37.50709],[127.04687,37.50716],[127.04641,37.50745],[127.04573,37.50787],[127.04566,37.50792],[127.04487,37.50848],[127.04418,37.5092],[127.04377,37.51026],[127.03389,37.50739],[127.02447,37.50457],[127.0245,37.50452],[127.02649,37.50037],[127.02764,37.49796],[127.03162,37.48954]]]},"properties":{"adm_cd2":"1168064000","adm_nm":"서울특별시 강남구 역삼1동","sggnm":"강남구"}},
{"type":"Feature","geometry":{"type":"Polygon","coordinates":[[[127.04718,37.50397],[127.04277,37.50262],[127.0384,37.50128],[127.03704,37.50062],[127.03846,37.49753],[127.04089,37.49241],[127.04669,37.49431],[127.05273,37.49627],[127.05251,37.49705],[127.04929,37.50386],[127.04904,37.5044],[127.04718,37.50397]]]},"properties":{"adm_cd2":"1168065000","adm_nm":"서울특별시 강남구 역삼2동","sggnm":"강남구"}},
{"type":"Feature","geometry":{"type":"Polygon","coordinates":[[[127.03397,37.4848],[127.04135,37.48557],[127.04381,37.4859],[127.04417,37.48595],[127.04423,37.48597],[127.04504,37.48623],[127.04537,37.48636],[127.04528,37.48648],[127.04539,37.48653],[127.04675,37.48715],[127.04801,37.48768],[127.04838,37.48772],[127.04982,37.48838],[127.0494,37.48919],[127.04926,37.48945],[127.04904,37.48987],[127.04669,37.49431],[127.04089,37.49241],[127.03162,37.48954],[127.03378,37.4851],[127.03397,37.4848]]]},"properties":{"adm_cd2":"1168065500","adm_nm":"서울특별시 강남구 도곡1동","sggnm":"강남구"}},
{"type":"Feature","geometry":{"type":"Polygon","coordinates":[[[127.04394,37.47971],[127.04431,37.48013],[127.04436,37.48019],[127.04485,37.48072],[127.04513,37.48089],[127.04617,37.48149],[127.0479,37.4825],[127.0481,37.48262],[127.04991,37.48373],[127.05087,37.48432],[127.0511,37.48446],[127.05173,37.48485],[127.05652,37.48766],[127.05656,37.48768],[127.05573,37.49012],[127.05548,37.49082],[127.0554,37.49104],[127.05382,37.49438],[127.05374,37.49456],[127.0534,37.49526],[127.05303,37.49567],[127.05273,37.49627],[127.04669,37.49431],[127.04904,37.48987],[127.04926,37.48945],[127.0494,37.48919],[127.04982,37.48838],[127.04838,37.48772],[127.04801,37.48768],[127.04675,37.48715],[127.04539,37.48653],[127.04528,37.48648],[127.04537,37.48636],[127.04504,37.48623],[127.04423,37.48597],[127.04417,37.48595],[127.04381,37.4859],[127.04135,37.48557],[127.04154,37.48509],[127.04394,37.47971]]]},"properties":{"adm_cd2":"1168065600","adm_nm":"서울특별시 강남구 도곡2동","sggnm":"강남구"}},
{"type":"Feature","geometry":{"type":"Polygon","coordinates":[[[127.07716,37.47501],[127.07438,37.47627],[127.07335,37.47785],[127.07301,37.47844],[127.07286,37.47873],[127.0732,37.47913],[127.07353,37.47954],[127.07411,37.48007],[127.07457,37.48036],[127.07482,37.48062],[127.07589,37.48245],[127.07641,37.4837],[127.07559,37.48609],[127.07553,37.4862],[127.0742,37.48522],[127.07247,37.48395],[127.07048,37.48249],[127.0704,37.48245],[127.06757,37.48073],[127.06481,37.47907],[127.06474,37.47919],[127.058,37.48482],[127.05765,37.48531],[127.05745,37.4856],[127.05687,37.48649],[127.05682,37.48655],[127.05652,37.48766],[127.05173,37.48485],[127.05357,37.48146],[127.05377,37.48109],[127.0538,37.48106],[127.05478,37.48002],[127.0552,37.47959],[127.05819,37.47655],[127.05874,37.47599],[127.06253,37.47284],[127.06924,37.47389],[127.06976,37.47478],[127.07081,37.47483],[127.07265,37.4748],[127.07391,37.47286],[127.07594,37.4738],[127.07615,37.47399],[127.07716,37.47501]]]},"properties":{"adm_cd2":"1168066000","adm_nm":"서울특별시 강남구 개포1동","sggnm":"강남구"}},
{"type":"Feature","geometry":{"type":"Polygon","coordinates":[[[127.04958,37.47049],[127.05007,37.4701],[127.05381,37.46873],[127.05416,37.46863],[127.05453,37.46853],[127.05621,37.46839],[127.05675,37.46842],[127.06161,37.46896],[127.06216,37.46965],[127.06228,37.47023],[127.06253,37.47284],[127.05874,37.47599],[127.05819,37.47655],[127.0552,37.47959],[127.05478,37.48002],[127.0538,37.48106],[127.05377,37.48109],[127.05357,37.48146],[127.05173,37.48485],[127.0511,37.48446],[127.05087,37.48432],[127.04991,37.48373],[127.0481,37.48262],[127.0479,37.4825],[127.04617,37.48149],[127.04513,37.48089],[127.04485,37.48072],[127.04436,37.48019],[127.04431,37.48013],[127.04394,37.47971],[127.04457,37.47819],[127.04469,37.47797],[127.04503,37.47729],[127.04915,37.47332],[127.05071,37.47182],[127.05106,37.47149],[127.05039,37.47104],[127.04958,37.47049]]]},"properties":{"adm_cd2":"1168069000","adm_nm":"서울특별시 강남구 개포4동","sggnm":"강남구"}},
{"type":"Feature","geometry":{"type":"Polygon","coordinates":[[[127.08516,37.47527],[127.08556,37.47555],[127.08669,37.47603],[127.09194,37.47737],[127.09299,37.47726],[127.093,37.47855],[127.0931,37.47953],[127.09378,37.48085],[127.09419,37.48152],[127.0943,37.48165],[127.09462,37.48204],[127.09481,37.48226],[127.09492,37.4824],[127.09501,37.48283],[127.09417,37.48721],[127.09409,37.48735],[127.09131,37.49027],[127.09075,37.49134],[127.0818,37.48867],[127.07745,37.48712],[127.07641,37.4837],[127.07589,37.48245],[127.07482,37.48062],[127.07457,37.48036],[127.07411,37.48007],[127.07353,37.47954],[127.0732,37.47913],[127.07286,37.47873],[127.07301,37.47844],[127.07335,37.47785],[127.07438,37.47627],[127.07716,37.47501],[127.07834,37.47486],[127.07904,37.47483],[127.07925,37.47483],[127.08035,37.47489],[127.08102,37.47517],[127.08163,37.47526],[127.08219,37.47533],[127.083,37.47539],[127.08387,37.47545],[127.08405,37.47544],[127.08516,37.47527]]]},"properties":{"adm_cd2":"1168072000","adm_nm":"서울특별시 강남구 일원본동","sggnm":"강남구"}},
{"type":"Feature","geometry":{"type":"Polygon","coordinates":[[[127.09075,37.49134],[127.09131,37.4915],[127.09153,37.49155],[127.09228,37.49176],[127.09253,37.4918],[127.0951,37.49216],[127.09608,37.4923],[127.09647,37.49236],[127.09735,37.49248],[127.09829,37.49261],[127.09922,37.49281],[127.10017,37.49308],[127.10197,37.49364],[127.09674,37.49583],[127.09047,37.49747],[127.08846,37.4965],[127.0867,37.49596],[127.08112,37.49419],[127.08106,37.49417],[127.08064,37.49402],[127.08007,37.49382],[127.07962,37.49367],[127.07985,37.49293],[127.0818,37.48867],[127.09075,37.49134]]]},"properties":{"adm_cd2":"1168073000","adm_nm":"서울특별시 강남구 일원1동","sggnm":"강남구"}},
{"type":"Feature","geometry":{"type":"Polygon","coordinates":[[[127.0818,37.48867],[127.07985,37.49293],[127.07962,37.49367],[127.08007,37.49382],[127.08064,37.49402],[127.08106,37.49417],[127.08112,37.49419],[127.0867,37.49596],[127.08846,37.4965],[127.09047,37.49747],[127.08363,37.49926],[127.07549,37.5012],[127.07465,37.5003],[127.07407,37.49886],[127.07418,37.49853],[127.07418,37.49848],[127.07427,37.49782],[127.07428,37.49775],[127.0743,37.49747],[127.07424,37.49667],[127.07412,37.49618],[127.07385,37.4951],[127.07382,37.49505],[127.07379,37.495],[127.07367,37.49481],[127.07358,37.49466],[127.07343,37.49452],[127.07245,37.49357],[127.07184,37.49303],[127.0724,37.49135],[127.07278,37.49131],[127.075,37.49206],[127.07494,37.49217],[127.07544,37.49234],[127.07621,37.49259],[127.0765,37.492],[127.07721,37.49059],[127.07804,37.48787],[127.07745,37.48712],[127.0818,37.48867]]]},"properties":{"adm_cd2":"1168067500","adm_nm":"서울특별시 강남구 개포3동","sggnm":"강남구"}},
{"type":"Feature","geometry":{"type":"Polygon","coordinates":[[[127.09299,37.47726],[127.09576,37.4776],[127.09734,37.47808],[127.09748,37.47917],[127.09743,37.47993],[127.09729,37.48037],[127.09736,37.48083],[127.09769,37.48181],[127.09798,37.4822],[127.09857,37.48262],[127.09886,37.4828],[127.09949,37.48318],[127.10223,37.48477],[127.10262,37.48494],[127.10399,37.48478],[127.10495,37.48343],[127.1056,37.48274],[127.10656,37.48279],[127.10674,37.4828],[127.10694,37.48281],[127.10745,37.48291],[127.10828,37.48309],[127.11003,37.48319],[127.11051,37.48307],[127.11104,37.48294],[127.1111,37.48294],[127.11139,37.48305],[127.11174,37.48318],[127.11198,37.48332],[127.11218,37.48344],[127.11228,37.48354],[127.11156,37.48456],[127.11019,37.48688],[127.10814,37.48931],[127.10568,37.49141],[127.1048,37.49204],[127.10437,37.4923],[127.10365,37.49273],[127.10222,37.49353],[127.10212,37.49358],[127.10197,37.49364],[127.10017,37.49308],[127.09922,37.49281],[127.09829,37.49261],[127.09735,37.49248],[127.09647,37.49236],[127.09608,37.4923],[127.0951,37.49216],[127.09253,37.4918],[127.09228,37.49176],[127.09153,37.49155],[127.09131,37.4915],[127.09075,37.49134],[127.09131,37.49027],[127.09409,37.48735],[127.09417,37.48721],[127.09501,37.48283],[127.09492,37.4824],[127.09481,37.48226],[127.09462,37.48204],[127.0943,37.48165],[127.09419,37.48152],[127.09378,37.48085],[127.0931,37.47953],[127.093,37.47855],[127.09299,37.47726]]]},"properties":{"adm_cd2":"1168075000","adm_nm":"서울특별시 강남구 수서동","sggnm":"강남구"}},
{"type":"Feature","geometry":{"type":"Polygon","coordinates":[[[127.09632,37.46143],[127.09685,37.45961],[127.09821,37.45879],[127.10056,37.45905],[127.1035,37.45963],[127.10396,37.46011],[127.10448,37.46102],[127.10473,37.46215],[127.10631,37.46254],[127.10664,37.46248],[127.10826,37.46217],[127.11128,37.46171],[127.11202,37.46156],[127.1134,37.46107],[127.11337,37.46083],[127.1133,37.46078],[127.11322,37.46072],[127.11301,37.46058],[127.11288,37.46048],[127.11325,37.46004],[127.11364,37.45974],[127.1156,37.4586],[127.11675,37.45859],[127.11678,37.45914],[127.1169,37.4605],[127.11693,37.46079],[127.11695,37.46101],[127.11699,37.46126],[127.11708,37.46154],[127.11718,37.46182],[127.11746,37.46217],[127.12185,37.46503],[127.12229,37.46521],[127.12236,37.46545],[127.1224,37.4656],[127.12242,37.46586],[127.1223,37.46676],[127.12218,37.46752],[127.12151,37.46882],[127.12054,37.47038],[127.11961,37.47168],[127.1188,37.4728],[127.11459,37.47852],[127.1117,37.48244],[127.11109,37.48289],[127.11104,37.48294],[127.11051,37.48307],[127.11003,37.48319],[127.10828,37.48309],[127.10745,37.48291],[127.10694,37.48281],[127.10674,37.4828],[127.10656,37.48279],[127.1056,37.48274],[127.10495,37.48343],[127.10399,37.48478],[127.10262,37.48494],[127.10223,37.48477],[127.09949,37.48318],[127.09886,37.4828],[127.09857,37.48262],[127.09798,37.4822],[127.09769,37.48181],[127.09736,37.48083],[127.09729,37.48037],[127.09743,37.47993],[127.09748,37.47917],[127.09734,37.47808],[127.09576,37.4776],[127.09299,37.47726],[127.09194,37.47737],[127.08669,37.47603],[127.08556,37.47555],[127.08516,37.47527],[127.08507,37.47494],[127.08449,37.47287],[127.0849,37.47211],[127.0852,37.47156],[127.08621,37.47036],[127.08876,37.46807],[127.09336,37.4644],[127.09404,37.46399],[127.09502,37.46366],[127.096,37.4625],[127.09609,37.46223],[127.09626,37.46164],[127.09632,37.46143]]]},"properties":{"adm_cd2":"1168070000","adm_nm":"서울특별시 강남구 세곡동","sggnm":"강남구"}},
{"type":"Feature","geometry":{"type":"Polygon","coordinates":[[[127.0359,37.53584],[127.02156,37.53553],[127.02424,37.53166],[127.02436,37.5315],[127.02442,37.5314],[127.02524,37.53024],[127.0257,37.52979],[127.02618,37.52932],[127.02659,37.52897],[127.02687,37.52874],[127.02741,37.5283],[127.028,37.52777],[127.02831,37.52729],[127.02834,37.52721],[127.02856,37.52731],[127.02862,37.52661],[127.02859,37.52594],[127.02856,37.52555],[127.02837,37.52458],[127.02825,37.52257],[127.02817,37.52134],[127.02816,37.52113],[127.02808,37.51958],[127.03052,37.52036],[127.03279,37.52108],[127.03387,37.52142],[127.03741,37.52254],[127.03826,37.5228],[127.03884,37.52298],[127.03906,37.52293],[127.03918,37.52291],[127.03913,37.52304],[127.03913,37.52308],[127.03913,37.52319],[127.03912,37.52347],[127.03933,37.52404],[127.03954,37.52464],[127.04018,37.52642],[127.0408,37.52779],[127.0412,37.52768],[127.04182,37.52752],[127.04379,37.52705],[127.044,37.52757],[127.04667,37.534],[127.04031,37.5359],[127.0359,37.53584]]]},"properties":{"adm_cd2":"1168054500","adm_nm":"서울특별시 강남구 압구정동","sggnm":"강남구"}},
{"type":"Feature","geometry":{"type":"Polygon","coordinates":[[[127.04667,37.534],[127.044,37.52757],[127.04379,37.52705],[127.04182,37.52752],[127.0412,37.52768],[127.0408,37.52779],[127.04018,37.52642],[127.03954,37.52464],[127.03933,37.52404],[127.03912,37.52347],[127.03913,37.52319],[127.03913,37.52308],[127.03913,37.52304],[127.03918,37.52291],[127.04124,37.5173],[127.05027,37.51885],[127.05113,37.519],[127.05622,37.51989],[127.057,37.52004],[127.05731,37.52011],[127.05777,37.52026],[127.05808,37.52037],[127.05831,37.52045],[127.0584,37.52048],[127.05883,37.52063],[127.06032,37.52115],[127.06056,37.52124],[127.06062,37.52127],[127.06155,37.52173],[127.06194,37.52214],[127.06526,37.5256],[127.06025,37.52752],[127.05657,37.5291],[127.04906,37.53255],[127.04667,37.534]]]},"properties":{"adm_cd2":"1168056500","adm_nm":"서울특별시 강남구 청담동","sggnm":"강남구"}},
{"type":"Feature","geometry":{"type":"Polygon","coordinates":[[[127.05669,37.50686],[127.06086,37.49887],[127.0622,37.49646],[127.06553,37.49007],[127.06635,37.49023],[127.06643,37.49025],[127.06716,37.49044],[127.06721,37.49045],[127.06781,37.49066],[127.068,37.49075],[127.06853,37.49101],[127.07184,37.49303],[127.07245,37.49357],[127.07343,37.49452],[127.07358,37.49466],[127.07367,37.49481],[127.07379,37.495],[127.07382,37.49505],[127.07385,37.4951],[127.07412,37.49618],[127.07424,37.49667],[127.0743,37.49747],[127.07428,37.49775],[127.07427,37.49782],[127.07418,37.49848],[127.07418,37.49853],[127.07407,37.49886],[127.07465,37.5003],[127.07549,37.5012],[127.07318,37.50213],[127.07291,37.50232],[127.07266,37.5025],[127.07249,37.50262],[127.07121,37.50352],[127.07002,37.50478],[127.06999,37.50481],[127.06981,37.50504],[127.06971,37.50539],[127.06943,37.50645],[127.0688,37.51],[127.06846,37.51028],[127.06737,37.51009],[127.06655,37.50994],[127.0605,37.50802],[127.05669,37.50686]]]},"properties":{"adm_cd2":"1168061000","adm_nm":"서울특별시 강남구 대치2동","sggnm":"강남구"}},
{"type":"Feature","geometry":{"type":"Polygon","coordinates":[[[127.05656,37.48768],[127.05652,37.48766],[127.05682,37.48655],[127.05687,37.48649],[127.05745,37.4856],[127.05765,37.48531],[127.058,37.48482],[127.06474,37.47919],[127.06481,37.47907],[127.06757,37.48073],[127.0704,37.48245],[127.07048,37.48249],[127.07247,37.48395],[127.0742,37.48522],[127.07553,37.4862],[127.07559,37.48609],[127.07641,37.4837],[127.07745,37.48712],[127.07804,37.48787],[127.07721,37.49059],[127.0765,37.492],[127.07621,37.49259],[127.07544,37.49234],[127.07494,37.49217],[127.075,37.49206],[127.07278,37.49131],[127.0724,37.49135],[127.07184,37.49303],[127.06853,37.49101],[127.068,37.49075],[127.06781,37.49066],[127.06721,37.49045],[127.06716,37.49044],[127.06643,37.49025],[127.06635,37.49023],[127.06553,37.49007],[127.06202,37.48942],[127.05999,37.48904],[127.05939,37.4889],[127.05927,37.48887],[127.05921,37.48885],[127.0588,37.48875],[127.0579,37.48838],[127.05656,37.48768]]]},"properties":{"adm_cd2":"1168067000","adm_nm":"서울특별시 강남구 개포2동","sggnm":"강남구"}},
{"type":"Feature","geometry":{"type":"Polygon","coordinates":[[[127.10416,37.536],[127.10984,37.53605],[127.11094,37.53604],[127.1112,37.53596],[127.11184,37.53579],[127.11225,37.53568],[127.11982,37.53353],[127.12126,37.53311],[127.12243,37.53626],[127.12321,37.53853],[127.12161,37.53916],[127.12148,37.53923],[127.12142,37.53927],[127.12046,37.53981],[127.11979,37.54027],[127.1196,37.54041],[127.11952,37.54046],[127.11908,37.54071],[127.1186,37.54089],[127.1185,37.54093],[127.11843,37.54095],[127.11839,37.54096],[127.11712,37.54134],[127.10956,37.54347],[127.10416,37.536]]]},"properties":{"adm_cd2":"1171051000","adm_nm":"서울특별시 송파구 풍납1동","sggnm":"송파구"}},
{"type":"Feature","geometry":{"type":"Polygon","coordinates":[[[127.09896,37.52795],[127.10434,37.52422],[127.10616,37.5239],[127.1164,37.52396],[127.11916,37.52807],[127.12072,37.53132],[127.12126,37.53311],[127.11982,37.53353],[127.11225,37.53568],[127.11184,37.53579],[127.1112,37.53596],[127.11094,37.53604],[127.10984,37.53605],[127.10416,37.536],[127.1032,37.53467],[127.09896,37.52795]]]},"properties":{"adm_cd2":"1171052000","adm_nm":"서울특별시 송파구 풍납2동","sggnm":"송파구"}},
{"type":"Feature","geometry":{"type":"Polygon","coordinates":[[[127.14658,37.49798],[127.14197,37.49943],[127.14076,37.4974],[127.14001,37.4958],[127.13981,37.49538],[127.13928,37.49566],[127.13796,37.4943],[127.13784,37.49364],[127.13731,37.4931],[127.13728,37.49147],[127.1359,37.49023],[127.13583,37.48952],[127.13667,37.48915],[127.13776,37.49043],[127.14149,37.49168],[127.14183,37.49165],[127.1421,37.49104],[127.14238,37.49093],[127.14247,37.49049],[127.14248,37.49005],[127.14237,37.48942],[127.14256,37.48917],[127.14272,37.48912],[127.14366,37.49116],[127.14546,37.49546],[127.14658,37.49798]]]},"properties":{"adm_cd2":"1171053100","adm_nm":"서울특별시 송파구 거여1동","sggnm":"송파구"}},
{"type":"Feature","geometry":{"type":"Polygon","coordinates":[[[127.14272,37.48912],[127.14304,37.48898],[127.14326,37.48876],[127.14434,37.48846],[127.14421,37.48816],[127.14448,37.48774],[127.14451,37.48753],[127.14458,37.48743],[127.14468,37.48741],[127.14509,37.48743],[127.14527,37.48737],[127.14572,37.4871],[127.14599,37.48727],[127.14631,37.48726],[127.1467,37.48733],[127.14681,37.48745],[127.1472,37.4882],[127.14733,37.48888],[127.1473,37.48902],[127.14842,37.49005],[127.14965,37.49048],[127.15036,37.4912],[127.15065,37.49144],[127.15049,37.4916],[127.15033,37.49205],[127.15131,37.49268],[127.1525,37.49297],[127.15181,37.49386],[127.15157,37.49416],[127.15151,37.49423],[127.15129,37.49445],[127.15106,37.49469],[127.15092,37.49483],[127.15032,37.49536],[127.14897,37.49628],[127.14658,37.49798],[127.14546,37.49546],[127.14366,37.49116],[127.14272,37.48912]]]},"properties":{"adm_cd2":"1171053200","adm_nm":"서울특별시 송파구 거여2동","sggnm":"송파구"}},
{"type":"Feature","geometry":{"type":"Polygon","coordinates":[[[127.1525,37.49297],[127.15639,37.49094],[127.15768,37.49017],[127.1582,37.49046],[127.15842,37.4907],[127.15974,37.4936],[127.15981,37.49376],[127.15998,37.49422],[127.16003,37.49438],[127.16005,37.49445],[127.16005,37.49452],[127.16005,37.4946],[127.1601,37.49716],[127.15686,37.49839],[127.14897,37.49628],[127.15032,37.49536],[127.15092,37.49483],[127.15106,37.49469],[127.15129,37.49445],[127.15151,37.49423],[127.15157,37.49416],[127.15181,37.49386],[127.1525,37.49297]]]},"properties":{"adm_cd2":"1171054000","adm_nm":"서울특별시 송파구 마천1동","sggnm":"송파구"}},
{"type":"Feature","geometry":{"type":"Polygon","coordinates":[[[127.14658,37.49798],[127.14897,37.49628],[127.15686,37.49839],[127.1601,37.49716],[127.16056,37.4977],[127.16138,37.49961],[127.16138,37.49983],[127.16138,37.50025],[127.16055,37.50115],[127.15787,37.50301],[127.15762,37.50309],[127.15665,37.50209],[127.15647,37.5019],[127.15617,37.502],[127.15532,37.50229],[127.15456,37.50255],[127.15415,37.50269],[127.15396,37.50276],[127.15372,37.50275],[127.1536,37.50275],[127.15347,37.50275],[127.15321,37.50275],[127.15301,37.50291],[127.15282,37.50306],[127.15263,37.50312],[127.15215,37.50309],[127.15206,37.50311],[127.1519,37.50315],[127.15167,37.50337],[127.15084,37.50411],[127.15012,37.50451],[127.14929,37.50407],[127.14864,37.50373],[127.14769,37.50327],[127.14605,37.50337],[127.1456,37.50343],[127.14524,37.5035],[127.14513,37.50359],[127.14506,37.50365],[127.14437,37.50439],[127.14197,37.49943],[127.14658,37.49798]]]},"properties":{"adm_cd2":"1171055000","adm_nm":"서울특별시 송파구 마천2동","sggnm":"송파구"}},
{"type":"Feature","geometry":{"type":"Polygon","coordinates":[[[127.12799,37.51174],[127.12103,37.51459],[127.11676,37.50791],[127.11666,37.50776],[127.12243,37.50538],[127.1239,37.50537],[127.12799,37.51174]]]},"properties":{"adm_cd2":"1171056100","adm_nm":"서울특별시 송파구 방이1동","sggnm":"송파구"}},
{"type":"Feature","geometry":{"type":"Polygon","coordinates":[[[127.12103,37.51459],[127.12047,37.51474],[127.11903,37.51513],[127.11865,37.51527],[127.11815,37.51545],[127.11274,37.51744],[127.11255,37.51752],[127.11276,37.51772],[127.10665,37.51551],[127.10809,37.51198],[127.11016,37.51118],[127.11116,37.51079],[127.11225,37.51036],[127.11535,37.50853],[127.11666,37.50776],[127.11676,37.50791],[127.12103,37.51459]]]},"properties":{"adm_cd2":"1171056200","adm_nm":"서울특별시 송파구 방이2동","sggnm":"송파구"}},
{"type":"Feature","geometry":{"type":"Polygon","coordinates":[[[127.1164,37.52396],[127.11276,37.51772],[127.11255,37.51752],[127.11274,37.51744],[127.11815,37.51545],[127.11865,37.51527],[127.11903,37.51513],[127.12047,37.51474],[127.12103,37.51459],[127.12799,37.51174],[127.13636,37.50837],[127.14023,37.50839],[127.13997,37.50859],[127.14025,37.50983],[127.14027,37.5099],[127.14113,37.51232],[127.14206,37.51279],[127.14258,37.51275],[127.14352,37.51269],[127.14329,37.51398],[127.14113,37.51564],[127.14466,37.51555],[127.1454,37.5161],[127.1454,37.51633],[127.14541,37.51649],[127.14488,37.5168],[127.14461,37.51696],[127.14321,37.51744],[127.14083,37.51851],[127.13942,37.51914],[127.13391,37.52154],[127.12874,37.52379],[127.11916,37.52807],[127.1164,37.52396]]]},"properties":{"adm_cd2":"1171056600","adm_nm":"서울특별시 송파구 오륜동","sggnm":"송파구"}},
{"type":"Feature","geometry":{"type":"Polygon","coordinates":[[[127.14197,37.49943],[127.14437,37.50439],[127.14356,37.50445],[127.1434,37.50452],[127.14301,37.50467],[127.14114,37.50545],[127.14104,37.50557],[127.14093,37.5057],[127.14116,37.50631],[127.14128,37.50694],[127.14023,37.50839],[127.13636,37.50837],[127.12799,37.51174],[127.1239,37.50537],[127.12814,37.502],[127.13052,37.50042],[127.13068,37.50031],[127.13104,37.50012],[127.13215,37.49953],[127.13498,37.49782],[127.13928,37.49566],[127.13981,37.49538],[127.14001,37.4958],[127.14076,37.4974],[127.14197,37.49943]]]},"properties":{"adm_cd2":"1171057000","adm_nm":"서울특별시 송파구 오금동","sggnm":"송파구"}},
{"type":"Feature","geometry":{"type":"Polygon","coordinates":[[[127.10809,37.51198],[127.10464,37.50924],[127.10403,37.50875],[127.1057,37.50651],[127.11015,37.50199],[127.11067,37.50216],[127.11114,37.50231],[127.11133,37.50237],[127.11144,37.50241],[127.11198,37.50264],[127.11261,37.50294],[127.11306,37.50322],[127.11318,37.5033],[127.11322,37.50333],[127.11351,37.50354],[127.11381,37.50376],[127.11413,37.50408],[127.11476,37.50476],[127.11513,37.50532],[127.11666,37.50776],[127.11535,37.50853],[127.11225,37.51036],[127.11116,37.51079],[127.11016,37.51118],[127.10809,37.51198]]]},"properties":{"adm_cd2":"1171058000","adm_nm":"서울특별시 송파구 송파1동","sggnm":"송파구"}},
{"type":"Feature","geometry":{"type":"Polygon","coordinates":[[[127.11666,37.50776],[127.11513,37.50532],[127.11476,37.50476],[127.11413,37.50408],[127.11381,37.50376],[127.11351,37.50354],[127.11322,37.50333],[127.11318,37.5033],[127.11306,37.50322],[127.11261,37.50294],[127.11198,37.50264],[127.11144,37.50241],[127.11133,37.50237],[127.11114,37.50231],[127.11067,37.50216],[127.11015,37.50199],[127.11162,37.5004],[127.1148,37.49821],[127.11493,37.49821],[127.11651,37.49902],[127.11752,37.49956],[127.11833,37.49999],[127.11847,37.50007],[127.11876,37.50025],[127.11984,37.50091],[127.12166,37.50227],[127.12243,37.50538],[127.11666,37.50776]]]},"properties":{"adm_cd2":"1171059000","adm_nm":"서울특별시 송파구 송파2동","sggnm":"송파구"}},
{"type":"Feature","geometry":{"type":"Polygon","coordinates":[[[127.10403,37.50875],[127.10299,37.50805],[127.10265,37.50788],[127.10214,37.50763],[127.10118,37.5072],[127.10066,37.50699],[127.10029,37.50684],[127.09988,37.5067],[127.09942,37.50658],[127.09908,37.50653],[127.09892,37.50651],[127.09875,37.50649],[127.09846,37.50646],[127.09803,37.50645],[127.09767,37.50648],[127.09731,37.50654],[127.09708,37.50396],[127.09705,37.50364],[127.09701,37.50317],[127.09694,37.50236],[127.09661,37.49788],[127.09656,37.49721],[127.09687,37.49711],[127.09734,37.49694],[127.09762,37.49743],[127.09815,37.49759],[127.10964,37.501],[127.11059,37.50007],[127.11162,37.5004],[127.11015,37.50199],[127.1057,37.50651],[127.10403,37.50875]]]},"properties":{"adm_cd2":"1171060000","adm_nm":"서울특별시 송파구 석촌동","sggnm":"송파구"}},
{"type":"Feature","geometry":{"type":"Polygon","coordinates":[[[127.09674,37.49583],[127.09734,37.49694],[127.09687,37.49711],[127.09656,37.49721],[127.09661,37.49788],[127.09694,37.50236],[127.09701,37.50317],[127.09705,37.50364],[127.09708,37.50396],[127.09731,37.50654],[127.09072,37.50753],[127.08363,37.49926],[127.09047,37.49747],[127.09674,37.49583]]]},"properties":{"adm_cd2":"1171061000","adm_nm":"서울특별시 송파구 삼전동","sggnm":"송파구"}},
{"type":"Feature","geometry":{"type":"Polygon","coordinates":[[[127.12243,37.50538],[127.12166,37.50227],[127.11984,37.50091],[127.11876,37.50025],[127.11847,37.50007],[127.11833,37.49999],[127.11752,37.49956],[127.11651,37.49902],[127.11493,37.49821],[127.1148,37.49821],[127.11464,37.49733],[127.11463,37.49723],[127.11522,37.49644],[127.11525,37.49642],[127.11552,37.49611],[127.11568,37.49593],[127.11667,37.49482],[127.11843,37.49252],[127.12108,37.489],[127.12626,37.49151],[127.12508,37.49293],[127.12335,37.49498],[127.12664,37.50031],[127.12699,37.50074],[127.12722,37.50102],[127.12734,37.50117],[127.12761,37.50146],[127.12814,37.502],[127.1239,37.50537],[127.12243,37.50538]]]},"properties":{"adm_cd2":"1171062000","adm_nm":"서울특별시 송파구 가락본동","sggnm":"송파구"}},
{"type":"Feature","geometry":{"type":"Polygon","coordinates":[[[127.10197,37.49364],[127.10212,37.49358],[127.10222,37.49353],[127.10365,37.49273],[127.10437,37.4923],[127.1048,37.49204],[127.10568,37.49141],[127.10814,37.48931],[127.11843,37.49252],[127.11667,37.49482],[127.11568,37.49593],[127.11552,37.49611],[127.11525,37.49642],[127.11522,37.49644],[127.11463,37.49723],[127.11464,37.49733],[127.1148,37.49821],[127.11162,37.5004],[127.11059,37.50007],[127.10964,37.501],[127.09815,37.49759],[127.09762,37.49743],[127.09734,37.49694],[127.09674,37.49583],[127.10197,37.49364]]]},"properties":{"adm_cd2":"1171063100","adm_nm":"서울특별시 송파구 가락1동","sggnm":"송파구"}},
{"type":"Feature","geometry":{"type":"Polygon","coordinates":[[[127.13928,37.49566],[127.13498,37.49782],[127.13215,37.49953],[127.13104,37.50012],[127.13068,37.50031],[127.13052,37.50042],[127.12814,37.502],[127.12761,37.50146],[127.12734,37.50117],[127.12722,37.50102],[127.12699,37.50074],[127.12664,37.50031],[127.12335,37.49498],[127.12508,37.49293],[127.12626,37.49151],[127.12685,37.49183],[127.12804,37.49247],[127.12872,37.49282],[127.12884,37.49288],[127.12961,37.49322],[127.12991,37.49316],[127.13019,37.49296],[127.13036,37.49285],[127.13355,37.49053],[127.13796,37.4943],[127.13928,37.49566]]]},"properties":{"adm_cd2":"1171063200","adm_nm":"서울특별시 송파구 가락2동","sggnm":"송파구"}},
{"type":"Feature","geometry":{"type":"Polygon","coordinates":[[[127.12108,37.489],[127.12417,37.48237],[127.1264,37.48281],[127.12981,37.48725],[127.13355,37.49053],[127.13036,37.49285],[127.13019,37.49296],[127.12991,37.49316],[127.12961,37.49322],[127.12884,37.49288],[127.12872,37.49282],[127.12804,37.49247],[127.12685,37.49183],[127.12626,37.49151],[127.12108,37.489]]]},"properties":{"adm_cd2":"1171064100","adm_nm":"서울특별시 송파구 문정1동","sggnm":"송파구"}},
{"type":"Feature","geometry":{"type":"Polygon","coordinates":[[[127.11104,37.48294],[127.11109,37.48289],[127.1117,37.48244],[127.11459,37.47852],[127.1188,37.4728],[127.11961,37.47168],[127.12054,37.47038],[127.12151,37.46882],[127.12218,37.46752],[127.1223,37.46676],[127.12242,37.46586],[127.1224,37.4656],[127.12236,37.46545],[127.12229,37.46521],[127.12383,37.4663],[127.12507,37.4689],[127.12577,37.46921],[127.12659,37.46885],[127.1269,37.47351],[127.12703,37.47594],[127.12649,37.47753],[127.12578,37.47939],[127.12541,37.48023],[127.12534,37.48038],[127.12507,37.48093],[127.12469,37.48154],[127.12417,37.48237],[127.12108,37.489],[127.11843,37.49252],[127.10814,37.48931],[127.11019,37.48688],[127.11156,37.48456],[127.11228,37.48354],[127.11218,37.48344],[127.11198,37.48332],[127.11174,37.48318],[127.11139,37.48305],[127.1111,37.48294],[127.11104,37.48294]]]},"properties":{"adm_cd2":"1171064200","adm_nm":"서울특별시 송파구 문정2동","sggnm":"송파구"}},
{"type":"Feature","geometry":{"type":"Polygon","coordinates":[[[127.08363,37.49926],[127.09072,37.50753],[127.08897,37.50783],[127.08882,37.50786],[127.08868,37.50789],[127.08826,37.50804],[127.08794,37.50818],[127.08751,37.5084],[127.08723,37.5086],[127.08697,37.5088],[127.08693,37.50884],[127.08689,37.50888],[127.08664,37.50911],[127.08642,37.50937],[127.08637,37.50945],[127.0863,37.50954],[127.08623,37.50964],[127.08611,37.50984],[127.08608,37.50989],[127.08606,37.50994],[127.08603,37.50999],[127.08601,37.51003],[127.08594,37.51018],[127.08585,37.5104],[127.08557,37.51143],[127.08669,37.51172],[127.08133,37.51176],[127.07833,37.51187],[127.07924,37.5078],[127.07938,37.50721],[127.07939,37.50717],[127.07947,37.50673],[127.07851,37.50601],[127.07829,37.50584],[127.07811,37.50571],[127.07779,37.50547],[127.07776,37.50545],[127.07732,37.50512],[127.07618,37.50429],[127.07539,37.50371],[127.07519,37.50357],[127.07514,37.50353],[127.07318,37.50213],[127.07549,37.5012],[127.08363,37.49926]]]},"properties":{"adm_cd2":"1171065000","adm_nm":"서울특별시 송파구 잠실본동","sggnm":"송파구"}},
{"type":"Feature","geometry":{"type":"Polygon","coordinates":[[[127.09812,37.52756],[127.10301,37.52201],[127.10321,37.52166],[127.1033,37.5215],[127.10665,37.51551],[127.11276,37.51772],[127.1164,37.52396],[127.10616,37.5239],[127.10434,37.52422],[127.09896,37.52795],[127.09812,37.52756]]]},"properties":{"adm_cd2":"1171069000","adm_nm":"서울특별시 송파구 잠실4동","sggnm":"송파구"}},
{"type":"Feature","geometry":{"type":"Polygon","coordinates":[[[127.09225,37.52679],[127.09044,37.526],[127.09192,37.52399],[127.0924,37.52335],[127.09421,37.52091],[127.09512,37.51974],[127.09608,37.5185],[127.09764,37.51648],[127.09866,37.51516],[127.09888,37.51487],[127.10127,37.5117],[127.10403,37.50875],[127.10464,37.50924],[127.10809,37.51198],[127.10665,37.51551],[127.1033,37.5215],[127.10321,37.52166],[127.10301,37.52201],[127.09812,37.52756],[127.09225,37.52679]]]},"properties":{"adm_cd2":"1171071000","adm_nm":"서울특별시 송파구 잠실6동","sggnm":"송파구"}},
{"type":"Feature","geometry":{"type":"Polygon","coordinates":[[[127.07318,37.50213],[127.07514,37.50353],[127.07519,37.50357],[127.07539,37.50371],[127.07618,37.50429],[127.07732,37.50512],[127.07776,37.50545],[127.07779,37.50547],[127.07811,37.50571],[127.07829,37.50584],[127.07851,37.50601],[127.07947,37.50673],[127.07939,37.50717],[127.07938,37.50721],[127.07924,37.5078],[127.07833,37.51187],[127.07363,37.51117],[127.07188,37.51076],[127.0688,37.51],[127.06943,37.50645],[127.06971,37.50539],[127.06981,37.50504],[127.06999,37.50481],[127.07002,37.50478],[127.07121,37.50352],[127.07249,37.50262],[127.07266,37.5025],[127.07291,37.50232],[127.07318,37.50213]]]},"properties":{"adm_cd2":"1171072000","adm_nm":"서울특별시 송파구 잠실7동","sggnm":"송파구"}},
{"type":"Feature","geometry":{"type":"Polygon","coordinates":[[[127.07258,37.52378],[127.06696,37.52508],[127.0665,37.52093],[127.06716,37.51998],[127.06838,37.51231],[127.06844,37.51143],[127.06846,37.51028],[127.0688,37.51],[127.07188,37.51076],[127.07363,37.51117],[127.07833,37.51187],[127.08133,37.51176],[127.08669,37.51172],[127.08877,37.5115],[127.0897,37.5116],[127.09169,37.51182],[127.0925,37.51191],[127.09255,37.51191],[127.09225,37.51261],[127.09194,37.51346],[127.09117,37.5156],[127.09066,37.51703],[127.08851,37.5232],[127.08852,37.52402],[127.08852,37.52549],[127.08759,37.52525],[127.08559,37.52474],[127.08429,37.52442],[127.08342,37.52431],[127.08236,37.52418],[127.07989,37.52387],[127.07758,37.52358],[127.07695,37.52359],[127.07285,37.52371],[127.07258,37.52378]]]},"properties":{"adm_cd2":"1171067000","adm_nm":"서울특별시 송파구 잠실2동","sggnm":"송파구"}},
{"type":"Feature","geometry":{"type":"Polygon","coordinates":[[[127.08852,37.52549],[127.08852,37.52402],[127.08851,37.5232],[127.09066,37.51703],[127.09117,37.5156],[127.09194,37.51346],[127.09225,37.51261],[127.09255,37.51191],[127.0925,37.51191],[127.09169,37.51182],[127.0897,37.5116],[127.08877,37.5115],[127.08669,37.51172],[127.08557,37.51143],[127.08585,37.5104],[127.08594,37.51018],[127.08601,37.51003],[127.08603,37.50999],[127.08606,37.50994],[127.08608,37.50989],[127.08611,37.50984],[127.08623,37.50964],[127.0863,37.50954],[127.08637,37.50945],[127.08642,37.50937],[127.08664,37.50911],[127.08689,37.50888],[127.08693,37.50884],[127.08697,37.5088],[127.08723,37.5086],[127.08751,37.5084],[127.08794,37.50818],[127.08826,37.50804],[127.08868,37.50789],[127.08882,37.50786],[127.08897,37.50783],[127.09072,37.50753],[127.09731,37.50654],[127.09767,37.50648],[127.09803,37.50645],[127.09846,37.50646],[127.09875,37.50649],[127.09892,37.50651],[127.09908,37.50653],[127.09942,37.50658],[127.09988,37.5067],[127.10029,37.50684],[127.10066,37.50699],[127.10118,37.5072],[127.10214,37.50763],[127.10265,37.50788],[127.10299,37.50805],[127.10403,37.50875],[127.10127,37.5117],[127.09888,37.51487],[127.09866,37.51516],[127.09764,37.51648],[127.09608,37.5185],[127.09512,37.51974],[127.09421,37.52091],[127.0924,37.52335],[127.09192,37.52399],[127.09044,37.526],[127.08852,37.52549]]]},"properties":{"adm_cd2":"1171068000","adm_nm":"서울특별시 송파구 잠실3동","sggnm":"송파구"}},
{"type":"Feature","geometry":{"type":"Polygon","coordinates":[[[127.13796,37.4943],[127.13355,37.49053],[127.12981,37.48725],[127.1264,37.48281],[127.12417,37.48237],[127.12469,37.48154],[127.12507,37.48093],[127.12534,37.48038],[127.12541,37.48023],[127.12578,37.47939],[127.12649,37.47753],[127.12703,37.47594],[127.1269,37.47351],[127.13037,37.47579],[127.13368,37.47826],[127.13512,37.47896],[127.13575,37.47918],[127.13627,37.47932],[127.1364,37.47933],[127.13685,37.47946],[127.13719,37.47963],[127.13759,37.47988],[127.1383,37.48048],[127.13854,37.48081],[127.13907,37.48171],[127.13769,37.48166],[127.13724,37.48159],[127.13684,37.48148],[127.13535,37.48142],[127.13667,37.48915],[127.13583,37.48952],[127.1359,37.49023],[127.13728,37.49147],[127.13731,37.4931],[127.13784,37.49364],[127.13796,37.4943]]]},"properties":{"adm_cd2":"1171064600","adm_nm":"서울특별시 송파구 장지동","sggnm":"송파구"}},
{"type":"Feature","geometry":{"type":"Polygon","coordinates":[[[127.13667,37.48915],[127.13535,37.48142],[127.13684,37.48148],[127.13724,37.48159],[127.13769,37.48166],[127.13907,37.48171],[127.13854,37.48081],[127.1383,37.48048],[127.13759,37.47988],[127.13719,37.47963],[127.13685,37.47946],[127.1364,37.47933],[127.13627,37.47932],[127.13575,37.47918],[127.13512,37.47896],[127.13368,37.47826],[127.13037,37.47579],[127.1269,37.47351],[127.12659,37.46885],[127.1282,37.46814],[127.12863,37.46795],[127.12869,37.46793],[127.12873,37.46791],[127.12987,37.46791],[127.13056,37.46763],[127.13096,37.4677],[127.13268,37.46823],[127.13187,37.46973],[127.13229,37.47028],[127.13237,37.47123],[127.13259,37.47485],[127.13715,37.47434],[127.14345,37.4741],[127.14354,37.47525],[127.1439,37.476],[127.14419,37.47656],[127.14424,37.47732],[127.1474,37.47722],[127.14772,37.48175],[127.14874,37.48399],[127.14984,37.48527],[127.15196,37.48658],[127.15225,37.48625],[127.15764,37.48914],[127.1573,37.48963],[127.15768,37.49017],[127.15639,37.49094],[127.1525,37.49297],[127.15131,37.49268],[127.15033,37.49205],[127.15049,37.4916],[127.15065,37.49144],[127.15036,37.4912],[127.14965,37.49048],[127.14842,37.49005],[127.1473,37.48902],[127.14733,37.48888],[127.1472,37.4882],[127.14681,37.48745],[127.1467,37.48733],[127.14631,37.48726],[127.14599,37.48727],[127.14572,37.4871],[127.14527,37.48737],[127.14509,37.48743],[127.14468,37.48741],[127.14458,37.48743],[127.14451,37.48753],[127.14448,37.48774],[127.14421,37.48816],[127.14434,37.48846],[127.14326,37.48876],[127.14304,37.48898],[127.14272,37.48912],[127.14256,37.48917],[127.14237,37.48942],[127.14248,37.49005],[127.14247,37.49049],[127.14238,37.49093],[127.1421,37.49104],[127.14183,37.49165],[127.14149,37.49168],[127.13776,37.49043],[127.13667,37.48915]]]},"properties":{"adm_cd2":"1171064700","adm_nm":"서울특별시 송파구 위례동","sggnm":"송파구"}},
{"type":"Feature","geometry":{"type":"Polygon","coordinates":[[[127.17149,37.55732],[127.17153,37.55709],[127.1716,37.55675],[127.17185,37.55543],[127.17191,37.55511],[127.17249,37.55225],[127.17305,37.54945],[127.1731,37.54922],[127.17313,37.54911],[127.17364,37.54691],[127.17413,37.54541],[127.17425,37.54532],[127.17439,37.54522],[127.17465,37.54522],[127.17559,37.54521],[127.17689,37.54586],[127.17763,37.54621],[127.17884,37.54658],[127.17905,37.54664],[127.17925,37.5466],[127.17977,37.54651],[127.18013,37.54644],[127.18061,37.5461],[127.18091,37.54588],[127.18355,37.54583],[127.18337,37.54602],[127.18283,37.54656],[127.18139,37.55285],[127.18138,37.55302],[127.18137,37.55315],[127.18158,37.55762],[127.18165,37.55789],[127.18171,37.55817],[127.18183,37.55865],[127.18185,37.55873],[127.18188,37.55886],[127.17583,37.5575],[127.17314,37.5572],[127.17149,37.55732]]]},"properties":{"adm_cd2":"1174052600","adm_nm":"서울특별시 강동구 상일제2동","sggnm":"강동구"}},
{"type":"Feature","geometry":{"type":"Polygon","coordinates":[[[127.17149,37.55732],[127.1669,37.55681],[127.1652,37.55661],[127.16402,37.55643],[127.1618,37.5561],[127.15658,37.55538],[127.15656,37.5551],[127.1565,37.55429],[127.15632,37.55168],[127.15594,37.54622],[127.15901,37.54555],[127.15969,37.54553],[127.16106,37.54571],[127.16251,37.54591],[127.16279,37.54563],[127.16319,37.54502],[127.16411,37.54486],[127.1686,37.54519],[127.17397,37.54553],[127.17413,37.54541],[127.17364,37.54691],[127.17313,37.54911],[127.1731,37.54922],[127.17305,37.54945],[127.17249,37.55225],[127.17191,37.55511],[127.17185,37.55543],[127.1716,37.55675],[127.17153,37.55709],[127.17149,37.55732]]]},"properties":{"adm_cd2":"1174052500","adm_nm":"서울특별시 강동구 상일제1동","sggnm":"강동구"}},
{"type":"Feature","geometry":{"type":"Polygon","coordinates":[[[127.15021,37.55469],[127.14447,37.55477],[127.14319,37.55461],[127.14032,37.55132],[127.14036,37.5512],[127.14038,37.55115],[127.14043,37.55111],[127.14054,37.55101],[127.14057,37.55099],[127.14067,37.55093],[127.14094,37.5509],[127.1412,37.55087],[127.14395,37.55079],[127.14331,37.5462],[127.14294,37.54518],[127.14273,37.54507],[127.14576,37.54436],[127.14572,37.54456],[127.14568,37.54468],[127.14564,37.54486],[127.14635,37.54527],[127.1476,37.54599],[127.14857,37.54578],[127.14967,37.55122],[127.15021,37.55469]]]},"properties":{"adm_cd2":"1174053000","adm_nm":"서울특별시 강동구 명일1동","sggnm":"강동구"}},
{"type":"Feature","geometry":{"type":"Polygon","coordinates":[[[127.15658,37.55538],[127.15021,37.55469],[127.14967,37.55122],[127.14857,37.54578],[127.14871,37.54515],[127.15362,37.54325],[127.15682,37.54338],[127.15917,37.54282],[127.15934,37.54272],[127.15975,37.54239],[127.1604,37.5416],[127.16319,37.54502],[127.16279,37.54563],[127.16251,37.54591],[127.16106,37.54571],[127.15969,37.54553],[127.15901,37.54555],[127.15594,37.54622],[127.15632,37.55168],[127.1565,37.55429],[127.15656,37.5551],[127.15658,37.55538]]]},"properties":{"adm_cd2":"1174054000","adm_nm":"서울특별시 강동구 명일2동","sggnm":"강동구"}},
{"type":"Feature","geometry":{"type":"Polygon","coordinates":[[[127.15021,37.55469],[127.15658,37.55538],[127.15693,37.56296],[127.15636,37.56736],[127.15594,37.56798],[127.15544,37.56817],[127.15532,37.56822],[127.15472,37.56819],[127.15435,37.56805],[127.15332,37.56753],[127.15291,37.57067],[127.14924,37.56849],[127.14541,37.56827],[127.14523,37.56548],[127.14725,37.5614],[127.14594,37.56044],[127.14547,37.55998],[127.14407,37.55865],[127.1446,37.55625],[127.1445,37.5551],[127.14447,37.55477],[127.15021,37.55469]]]},"properties":{"adm_cd2":"1174055000","adm_nm":"서울특별시 강동구 고덕1동","sggnm":"강동구"}},
{"type":"Feature","geometry":{"type":"Polygon","coordinates":[[[127.17149,37.55732],[127.17103,37.55933],[127.17049,37.5624],[127.17336,37.56371],[127.16731,37.57091],[127.16742,37.571],[127.16551,37.57369],[127.16535,37.57392],[127.16228,37.57642],[127.15291,37.57067],[127.15332,37.56753],[127.15435,37.56805],[127.15472,37.56819],[127.15532,37.56822],[127.15544,37.56817],[127.15594,37.56798],[127.15636,37.56736],[127.15693,37.56296],[127.15658,37.55538],[127.1618,37.5561],[127.16402,37.55643],[127.1652,37.55661],[127.1669,37.55681],[127.17149,37.55732]]]},"properties":{"adm_cd2":"1174056000","adm_nm":"서울특별시 강동구 고덕2동","sggnm":"강동구"}},
{"type":"Feature","geometry":{"type":"Polygon","coordinates":[[[127.11244,37.54951],[127.12315,37.54947],[127.12312,37.54938],[127.12291,37.54878],[127.12296,37.54876],[127.12538,37.54821],[127.12571,37.54813],[127.12674,37.54789],[127.12767,37.55007],[127.1292,37.55476],[127.1295,37.5556],[127.12982,37.55648],[127.12999,37.55694],[127.13015,37.55739],[127.13061,37.55863],[127.13104,37.55963],[127.1311,37.55976],[127.13225,37.56141],[127.13233,37.56152],[127.13344,37.56494],[127.13345,37.56505],[127.13382,37.56845],[127.13322,37.56819],[127.13298,37.56809],[127.13277,37.56801],[127.13228,37.56781],[127.13207,37.56772],[127.13183,37.56763],[127.13174,37.56759],[127.13146,37.56749],[127.13138,37.56745],[127.12236,37.56428],[127.12228,37.56425],[127.12175,37.56399],[127.12077,37.56351],[127.11936,37.56266],[127.11758,37.56097],[127.11682,37.56017],[127.11668,37.56002],[127.11651,37.56],[127.11548,37.55985],[127.11499,37.55995],[127.11441,37.56007],[127.11393,37.56016],[127.11348,37.56025],[127.11377,37.55889],[127.1139,37.5586],[127.11389,37.55666],[127.11389,37.55512],[127.11389,37.55333],[127.11336,37.55203],[127.11334,37.552],[127.11307,37.55133],[127.11244,37.54951]]]},"properties":{"adm_cd2":"1174058000","adm_nm":"서울특별시 강동구 암사2동","sggnm":"강동구"}},
{"type":"Feature","geometry":{"type":"Polygon","coordinates":[[[127.14541,37.56827],[127.13382,37.56845],[127.13345,37.56505],[127.13344,37.56494],[127.13233,37.56152],[127.13225,37.56141],[127.1311,37.55976],[127.13104,37.55963],[127.13061,37.55863],[127.13015,37.55739],[127.12999,37.55694],[127.12982,37.55648],[127.1295,37.5556],[127.1292,37.55476],[127.12995,37.55476],[127.14447,37.55477],[127.1445,37.5551],[127.1446,37.55625],[127.14407,37.55865],[127.14547,37.55998],[127.14594,37.56044],[127.14725,37.5614],[127.14523,37.56548],[127.14541,37.56827]]]},"properties":{"adm_cd2":"1174059000","adm_nm":"서울특별시 강동구 암사3동","sggnm":"강동구"}},
{"type":"Feature","geometry":{"type":"Polygon","coordinates":[[[127.1412,37.55087],[127.13915,37.55049],[127.13874,37.55041],[127.13794,37.55026],[127.13731,37.54992],[127.13658,37.54922],[127.13575,37.54842],[127.13513,37.54782],[127.13458,37.54712],[127.13115,37.54239],[127.13235,37.54236],[127.13276,37.54237],[127.13281,37.54237],[127.13314,37.54239],[127.13347,37.54241],[127.13361,37.54242],[127.13807,37.54313],[127.141,37.54244],[127.14169,37.54228],[127.14273,37.54507],[127.14294,37.54518],[127.14331,37.5462],[127.14395,37.55079],[127.1412,37.55087]]]},"properties":{"adm_cd2":"1174060000","adm_nm":"서울특별시 강동구 천호1동","sggnm":"강동구"}},
{"type":"Feature","geometry":{"type":"Polygon","coordinates":[[[127.13115,37.54239],[127.13086,37.54201],[127.13052,37.54159],[127.13035,37.54142],[127.1301,37.54123],[127.12981,37.54099],[127.12977,37.54096],[127.12934,37.54076],[127.12909,37.54068],[127.12876,37.54058],[127.12867,37.54057],[127.12742,37.53901],[127.12642,37.53766],[127.12994,37.53666],[127.13295,37.53592],[127.13439,37.53547],[127.13631,37.53949],[127.13671,37.54024],[127.13681,37.54043],[127.13708,37.54083],[127.13739,37.54106],[127.13777,37.54114],[127.13791,37.54116],[127.13969,37.54107],[127.14169,37.54228],[127.141,37.54244],[127.13807,37.54313],[127.13361,37.54242],[127.13347,37.54241],[127.13314,37.54239],[127.13281,37.54237],[127.13276,37.54237],[127.13235,37.54236],[127.13115,37.54239]]]},"properties":{"adm_cd2":"1174062000","adm_nm":"서울특별시 강동구 천호3동","sggnm":"강동구"}},
{"type":"Feature","geometry":{"type":"Polygon","coordinates":[[[127.11916,37.52807],[127.12874,37.52379],[127.13182,37.53014],[127.13056,37.53047],[127.1298,37.53068],[127.12851,37.53103],[127.12767,37.53128],[127.12705,37.53147],[127.12723,37.5319],[127.12726,37.53201],[127.12662,37.53286],[127.12659,37.53289],[127.1265,37.53301],[127.12642,37.53296],[127.12631,37.53286],[127.12617,37.53272],[127.12606,37.53261],[127.12559,37.53187],[127.12126,37.53311],[127.12072,37.53132],[127.11916,37.52807]]]},"properties":{"adm_cd2":"1174064000","adm_nm":"서울특별시 강동구 성내1동","sggnm":"강동구"}},
{"type":"Feature","geometry":{"type":"Polygon","coordinates":[[[127.12126,37.53311],[127.12559,37.53187],[127.12606,37.53261],[127.12617,37.53272],[127.12631,37.53286],[127.12642,37.53296],[127.1265,37.53301],[127.12659,37.53289],[127.12662,37.53286],[127.12726,37.53201],[127.12723,37.5319],[127.12705,37.53147],[127.12767,37.53128],[127.12851,37.53103],[127.1298,37.53068],[127.13056,37.53047],[127.13182,37.53014],[127.13429,37.53527],[127.13439,37.53547],[127.13295,37.53592],[127.12994,37.53666],[127.12642,37.53766],[127.12408,37.53823],[127.12321,37.53853],[127.12243,37.53626],[127.12126,37.53311]]]},"properties":{"adm_cd2":"1174065000","adm_nm":"서울특별시 강동구 성내2동","sggnm":"강동구"}},
{"type":"Feature","geometry":{"type":"Polygon","coordinates":[[[127.13391,37.52154],[127.13663,37.52883],[127.1369,37.52952],[127.13857,37.53399],[127.13429,37.53527],[127.13182,37.53014],[127.12874,37.52379],[127.13391,37.52154]]]},"properties":{"adm_cd2":"1174066000","adm_nm":"서울특별시 강동구 성내3동","sggnm":"강동구"}},
{"type":"Feature","geometry":{"type":"Polygon","coordinates":[[[127.14461,37.51696],[127.14501,37.51693],[127.14491,37.51756],[127.14488,37.51777],[127.14484,37.51803],[127.14473,37.51942],[127.14508,37.52026],[127.14524,37.52066],[127.14564,37.52162],[127.1458,37.52199],[127.14605,37.52262],[127.14615,37.52308],[127.14616,37.52359],[127.14611,37.52398],[127.14601,37.52422],[127.14575,37.5247],[127.14495,37.52617],[127.14473,37.52654],[127.14339,37.52691],[127.13663,37.52883],[127.13391,37.52154],[127.13942,37.51914],[127.14083,37.51851],[127.14321,37.51744],[127.14461,37.51696]]]},"properties":{"adm_cd2":"1174069000","adm_nm":"서울특별시 강동구 둔촌1동","sggnm":"강동구"}},
{"type":"Feature","geometry":{"type":"Polygon","coordinates":[[[127.13663,37.52883],[127.14339,37.52691],[127.14473,37.52654],[127.14495,37.52617],[127.14575,37.5247],[127.14601,37.52422],[127.14611,37.52398],[127.14616,37.52359],[127.14615,37.52308],[127.14605,37.52262],[127.1458,37.52199],[127.14635,37.52201],[127.14653,37.52202],[127.14742,37.52207],[127.14776,37.52217],[127.14844,37.52303],[127.14852,37.5232],[127.14854,37.52325],[127.14898,37.52419],[127.14895,37.52431],[127.14897,37.52436],[127.14906,37.5246],[127.14943,37.52563],[127.14958,37.52588],[127.14966,37.52596],[127.1498,37.5261],[127.15082,37.52697],[127.15194,37.52791],[127.15222,37.52814],[127.15243,37.52833],[127.15266,37.52856],[127.15311,37.52909],[127.15326,37.52933],[127.15351,37.53033],[127.15357,37.53102],[127.15355,37.534],[127.15385,37.53417],[127.15441,37.53476],[127.15456,37.53493],[127.15673,37.53758],[127.15687,37.53776],[127.15699,37.53794],[127.15701,37.53805],[127.157,37.53817],[127.15699,37.53837],[127.15756,37.53903],[127.15868,37.54015],[127.15966,37.541],[127.1604,37.5416],[127.15894,37.541],[127.15867,37.54089],[127.14983,37.53714],[127.14518,37.53514],[127.1448,37.53498],[127.14305,37.53426],[127.14272,37.53416],[127.14176,37.53385],[127.14149,37.53382],[127.14093,37.53376],[127.14079,37.53375],[127.14071,37.53375],[127.14049,37.53374],[127.13998,37.53379],[127.13975,37.53381],[127.13931,37.53385],[127.13857,37.53399],[127.1369,37.52952],[127.13663,37.52883]]]},"properties":{"adm_cd2":"1174070000","adm_nm":"서울특별시 강동구 둔촌2동","sggnm":"강동구"}},
{"type":"Feature","geometry":{"type":"Polygon","coordinates":[[[127.14447,37.55477],[127.12995,37.55476],[127.1292,37.55476],[127.12767,37.55007],[127.12794,37.54995],[127.13458,37.54712],[127.13513,37.54782],[127.13575,37.54842],[127.13658,37.54922],[127.13731,37.54992],[127.13794,37.55026],[127.13874,37.55041],[127.13915,37.55049],[127.1412,37.55087],[127.14094,37.5509],[127.14067,37.55093],[127.14057,37.55099],[127.14054,37.55101],[127.14043,37.55111],[127.14038,37.55115],[127.14036,37.5512],[127.14032,37.55132],[127.14319,37.55461],[127.14447,37.55477]]]},"properties":{"adm_cd2":"1174057000","adm_nm":"서울특별시 강동구 암사1동","sggnm":"강동구"}},
{"type":"Feature","geometry":{"type":"Polygon","coordinates":[[[127.10956,37.54347],[127.11712,37.54134],[127.11839,37.54096],[127.11843,37.54095],[127.1185,37.54093],[127.1186,37.54089],[127.11908,37.54071],[127.11952,37.54046],[127.1196,37.54041],[127.11979,37.54027],[127.12046,37.53981],[127.12142,37.53927],[127.12148,37.53923],[127.12161,37.53916],[127.12321,37.53853],[127.12408,37.53823],[127.12642,37.53766],[127.12742,37.53901],[127.12867,37.54057],[127.12876,37.54058],[127.12909,37.54068],[127.12934,37.54076],[127.12977,37.54096],[127.12981,37.54099],[127.1301,37.54123],[127.13035,37.54142],[127.13052,37.54159],[127.13086,37.54201],[127.13115,37.54239],[127.13458,37.54712],[127.12794,37.54995],[127.12767,37.55007],[127.12674,37.54789],[127.12571,37.54813],[127.12538,37.54821],[127.12296,37.54876],[127.12291,37.54878],[127.12312,37.54938],[127.12315,37.54947],[127.11244,37.54951],[127.11222,37.54834],[127.11207,37.54755],[127.11157,37.54651],[127.11089,37.54547],[127.10956,37.54347]]]},"properties":{"adm_cd2":"1174061000","adm_nm":"서울특별시 강동구 천호2동","sggnm":"강동구"}},
{"type":"Feature","geometry":{"type":"Polygon","coordinates":[[[127.14273,37.54507],[127.14169,37.54228],[127.13969,37.54107],[127.13791,37.54116],[127.13777,37.54114],[127.13739,37.54106],[127.13708,37.54083],[127.13681,37.54043],[127.13671,37.54024],[127.13631,37.53949],[127.13439,37.53547],[127.13429,37.53527],[127.13857,37.53399],[127.13931,37.53385],[127.13975,37.53381],[127.13998,37.53379],[127.14049,37.53374],[127.14071,37.53375],[127.14079,37.53375],[127.14093,37.53376],[127.14149,37.53382],[127.14176,37.53385],[127.14272,37.53416],[127.14305,37.53426],[127.1448,37.53498],[127.14518,37.53514],[127.14983,37.53714],[127.15867,37.54089],[127.15894,37.541],[127.1604,37.5416],[127.15975,37.54239],[127.15934,37.54272],[127.15917,37.54282],[127.15682,37.54338],[127.15362,37.54325],[127.14871,37.54515],[127.14857,37.54578],[127.1476,37.54599],[127.14635,37.54527],[127.14564,37.54486],[127.14568,37.54468],[127.14572,37.54456],[127.14576,37.54436],[127.14273,37.54507]]]},"properties":{"adm_cd2":"1174068500","adm_nm":"서울특별시 강동구 길동","sggnm":"강동구"}},
{"type":"Feature","geometry":{"type":"Polygon","coordinates":[[[126.84862,37.49521],[126.84778,37.49502],[126.84555,37.4944],[126.84507,37.49401],[126.84435,37.49383],[126.84411,37.49378],[126.83981,37.49338],[126.83808,37.49316],[126.83644,37.49311],[126.8359,37.49309],[126.83438,37.49308],[126.83435,37.49308],[126.83336,37.49308],[126.83315,37.49308],[126.8325,37.49307],[126.8325,37.49321],[126.83224,37.49322],[126.83156,37.49322],[126.82694,37.49321],[126.82679,37.49315],[126.82681,37.49227],[126.82685,37.49126],[126.82702,37.49121],[126.82641,37.49063],[126.82499,37.48956],[126.82405,37.48885],[126.82478,37.48859],[126.82597,37.48823],[126.8278,37.48817],[126.8282,37.48762],[126.82818,37.48697],[126.82888,37.48576],[126.82994,37.48552],[126.83044,37.48441],[126.83207,37.48394],[126.83208,37.48291],[126.83115,37.48173],[126.83084,37.48122],[126.83212,37.48082],[126.83199,37.48009],[126.83255,37.47905],[126.83235,37.47826],[126.83179,37.47757],[126.83301,37.47725],[126.83579,37.47526],[126.83685,37.47505],[126.8369,37.47506],[126.83713,37.4751],[126.83733,37.47513],[126.83848,37.47538],[126.83884,37.47546],[126.83974,37.47505],[126.83978,37.475],[126.84,37.47479],[126.84013,37.47474],[126.84085,37.47463],[126.84101,37.47462],[126.84141,37.47471],[126.84174,37.4748],[126.84187,37.47483],[126.84197,37.47482],[126.84206,37.47479],[126.84217,37.4748],[126.84228,37.47482],[126.84237,37.47486],[126.8424,37.47487],[126.84244,37.47489],[126.84258,37.47492],[126.84271,37.47493],[126.84278,37.47492],[126.84291,37.4749],[126.84328,37.47483],[126.84347,37.47469],[126.84356,37.47455],[126.84361,37.47443],[126.84418,37.47402],[126.84462,37.47393],[126.84504,37.47384],[126.84533,37.4738],[126.84549,37.47408],[126.84554,37.47427],[126.84554,37.47434],[126.84555,37.47453],[126.84582,37.47657],[126.84589,37.47744],[126.84594,37.47816],[126.84594,37.47821],[126.84603,37.4797],[126.84648,37.4817],[126.84827,37.48236],[126.84987,37.48388],[126.84967,37.48395],[126.84759,37.48463],[126.84581,37.48551],[126.84466,37.48653],[126.84503,37.48712],[126.84637,37.4891],[126.84718,37.48984],[126.84762,37.49024],[126.8479,37.49036],[126.84814,37.49046],[126.84829,37.49389],[126.84862,37.49521]]]},"properties":{"adm_cd2":"1153078000","adm_nm":"서울특별시 구로구 오류2동","sggnm":"구로구"}},
{"type":"Feature","geometry":{"type":"Polygon","coordinates":[[[127.18188,37.55886],[127.18193,37.55915],[127.18198,37.55941],[127.18199,37.55945],[127.18199,37.55959],[127.18202,37.56022],[127.18199,37.56062],[127.18197,37.56094],[127.18182,37.56133],[127.18156,37.56175],[127.18112,37.56244],[127.17976,37.56505],[127.17965,37.56541],[127.1796,37.56556],[127.17957,37.56567],[127.17957,37.56571],[127.17948,37.56654],[127.17945,37.56756],[127.17942,37.56774],[127.1794,37.56787],[127.17926,37.56869],[127.17924,37.56876],[127.17923,37.56882],[127.17911,37.56915],[127.17782,37.57147],[127.17614,37.57413],[127.17606,37.57428],[127.17592,37.57461],[127.17582,37.57485],[127.17536,37.57729],[127.1754,37.57761],[127.17546,37.57802],[127.17551,37.57838],[127.17697,37.57946],[127.17738,37.58022],[127.17767,37.58083],[127.17694,37.58071],[127.17501,37.58005],[127.17395,37.57958],[127.17192,37.57942],[127.16857,37.57895],[127.16662,37.57892],[127.16228,37.57642],[127.16535,37.57392],[127.16551,37.57369],[127.16742,37.571],[127.16731,37.57091],[127.17336,37.56371],[127.17049,37.5624],[127.17103,37.55933],[127.17149,37.55732],[127.17314,37.5572],[127.17583,37.5575],[127.18188,37.55886]]]},"properties":{"adm_cd2":"1174051500","adm_nm":"서울특별시 강동구 강일동","sggnm":"강동구"}},
{"type":"Feature","geometry":{"type":"Polygon","coordinates":[[[127.04218,37.57302],[127.04492,37.57735],[127.04327,37.57833],[127.04251,37.57935],[127.03995,37.57852],[127.03887,37.57827],[127.03873,37.57823],[127.03619,37.57807],[127.03587,37.57807],[127.0356,37.57807],[127.0352,37.57806],[127.0345,37.57806],[127.03352,37.57806],[127.03282,37.57812],[127.03281,37.57854],[127.03283,37.57861],[127.03282,37.57869],[127.03276,37.57893],[127.03163,37.58135],[127.03057,37.5813],[127.02982,37.58123],[127.03035,37.57809],[127.03072,37.57388],[127.03456,37.574],[127.03484,37.57322],[127.03572,37.5726],[127.03648,37.5725],[127.03653,37.57252],[127.03793,37.5729],[127.03798,37.5729],[127.03865,37.57296],[127.04218,37.57302]]]},"properties":{"adm_cd2":"1123053300","adm_nm":"서울특별시 동대문구 용두동","sggnm":"동대문구"}}
]}