사고연도,사고유형구분,사고다발지역시도시군구,사고지역위치명,사고건수,사상자수,위도,경도
2012,스쿨존어린이,서울특별시 종로구1,서울특별시 종로구 혜화동(혜화초교 부근),2,2,37.588413,126.999607
2012,스쿨존어린이,서울특별시 성북구1,서울특별시 성북구 종암동(숭례초교 부근),2,2,37.595505,127.035733
2012,스쿨존어린이,서울특별시 성북구2,서울특별시 성북구 동소문동7가(정덕초교 부근),2,2,37.597571,127.014564
2012,스쿨존어린이,서울특별시 성북구3,서울특별시 성북구 석관동(석관초교 부근),3,3,37.610429,127.059596
2012,스쿨존어린이,서울특별시 도봉구1,서울특별시 도봉구 쌍문동(쌍문초교 부근),2,2,37.648129,127.024430
2012,스쿨존어린이,서울특별시 노원구1,서울특별시 노원구 상계동(동일초교 부근),2,2,37.664437,127.056828
2012,스쿨존어린이,서울특별시 구로구1,서울특별시 구로구 개봉동(개봉초교 부근),2,3,37.489940,126.856930
2012,스쿨존어린이,서울특별시 구로구2,서울특별시 구로구 개봉동(매봉초교 부근),2,2,37.503921,126.845831
2012,스쿨존어린이,서울특별시 송파구1,서울특별시 송파구 방이동(방산초교 부근),2,2,37.509797,127.122101
2012,스쿨존어린이,경기도 수원시 영통구1,경기도 수원시 영통구 매탄동(매탄초교 효동초교 부근),2,2,37.262664,127.044647
2012,보행어린이,서울특별시 용산구1,서울특별시 용산구 한남동(순천향병원 부근),3,3,37.533295,127.005586
2012,보행어린이,서울특별시 성동구1,서울특별시 성동구 행당동(무학여고앞 부근),4,5,37.558635,127.032724
2012,보행어린이,서울특별시 광진구1,서울특별시 광진구 구의동(슬기유치원앞 부근),3,3,37.552232,127.093095
2012,보행어린이,서울특별시 광진구2,서울특별시 광진구 광장동(광장사거리 부근),5,5,37.544331,127.103648
2012,보행어린이,서울특별시 중랑구1,서울특별시 중랑구 중화동(태능시장 부근),3,3,37.598100,127.076933
2012,보행어린이,서울특별시 중랑구2,서울특별시 중랑구 중화동(성은교회앞 부근),3,3,37.603016,127.077223
2012,보행어린이,서울특별시 중랑구3,서울특별시 중랑구 묵동(브라운스톤태릉아파트(102동) 부근),3,3,37.618059,127.082962
2012,보행어린이,서울특별시 성북구1,서울특별시 성북구 종암동(종암동 근린생활시설 부근),4,5,37.599147,127.033915
2012,보행어린이,서울특별시 성북구2,서울특별시 성북구 석관동(석관초등학교 부근),4,4,37.611518,127.060141
2012,보행어린이,서울특별시 도봉구1,서울특별시 도봉구 쌍문동(쌍문3파출소 부근),4,4,37.648390,127.025220
2012,보행어린이,서울특별시 노원구1,서울특별시 노원구 공릉동(공릉역 부근),3,4,37.626756,127.075194
2012,보행어린이,서울특별시 은평구1,서울특별시 은평구 녹번동(서운빌딩 부근),3,3,37.602728,126.927089
2012,보행어린이,서울특별시 마포구1,서울특별시 마포구 용강동(신석초등교앞_대흥로_진입 부근),3,3,37.544532,126.937591
2012,보행어린이,서울특별시 마포구2,서울특별시 마포구 망원동(동교초교 부근),4,4,37.557490,126.903026
2012,보행어린이,서울특별시 양천구1,서울특별시 양천구 목동(국민건강보험공단양천지사 부근),3,3,37.535824,126.877490
2012,보행어린이,서울특별시 양천구2,서울특별시 양천구 목동(강서고등학교 부근),4,4,37.536467,126.868740
2012,보행어린이,서울특별시 양천구3,서울특별시 양천구 신월동(신길제1동하나은행 부근),4,4,37.530519,126.837310
2012,보행어린이,서울특별시 강서구1,서울특별시 강서구 화곡동(신정초교앞사거리 부근),5,5,37.531613,126.854639
2012,보행어린이,서울특별시 구로구1,서울특별시 구로구 오류동(오류1동새마을금고도서관 부근),3,4,37.497295,126.842386
2012,보행어린이,서울특별시 구로구2,서울특별시 구로구 오류동(오남중학교 부근),3,3,37.487968,126.837826
2012,보행어린이,서울특별시 구로구3,서울특별시 구로구 개봉동(개봉고가차도(남측) 부근),4,4,37.491194,126.855938
2012,보행어린이,서울특별시 금천구1,서울특별시 금천구 독산동(시흥4동사거리 부근),4,4,37.464018,126.904895
2012,보행어린이,서울특별시 금천구2,서울특별시 금천구 시흥동(은행나무오거리 부근),4,6,37.451125,126.908656
2012,보행어린이,서울특별시 영등포구1,서울특별시 영등포구 신길동(대영고등학교 부근),3,3,37.503818,126.905529
2012,보행어린이,서울특별시 동작구1,서울특별시 동작구 상도동(상도동다빈모1프라자 부근),3,3,37.498945,126.935184
2012,보행어린이,서울특별시 관악구1,서울특별시 관악구 신림동(신성교(남단) 부근),3,3,37.470041,126.937117
2012,보행어린이,서울특별시 관악구2,서울특별시 관악구 봉천동(대주빌딩 부근),3,3,37.479856,126.958888
2012,보행어린이,서울특별시 송파구1,서울특별시 송파구 송파동(청원빌딩 부근),3,3,37.509467,127.110134
2012,보행어린이,서울특별시 송파구2,서울특별시 송파구 송파동(송파여성문화회관 부근),3,3,37.504705,127.110024
2012,보행어린이,서울특별시 송파구3,서울특별시 송파구 마천동(거여삼거리 부근),3,3,37.494207,127.152395
2012,보행어린이,서울특별시 송파구4,서울특별시 송파구 문정동(에코타워 부근),4,4,37.488416,127.128384
2012,보행어린이,서울특별시 송파구5,서울특별시 송파구 가락동(가락대림사거리 부근),4,6,37.498465,127.119842
2012,보행어린이,서울특별시 강동구1,서울특별시 강동구 명일동(삼환아파트 부근),3,3,37.548570,127.152623
2012,보행어린이,경기도 수원시 장안구1,경기도 수원시 장안구 조원동(이천산업 부근),3,3,37.301442,127.014920
2012,보행어린이,경기도 성남시 수정구1,경기도 성남시 수정구 태평동(삼성로얄빌라 부근),3,3,37.443467,127.132595
2012,보행어린이,경기도 성남시 수정구2,경기도 성남시 수정구 신흥동(보건소삼거리 부근),3,3,37.450973,127.150856
2012,보행어린이,경기도 성남시 수정구3,경기도 성남시 수정구 양지동(단대동우체국 부근),4,4,37.454222,127.160454
2012,보행어린이,경기도 성남시 수정구4,경기도 성남시 수정구 태평동(태평고가사거리 부근),4,5,37.444508,127.128170
2012,보행어린이,경기도 성남시 중원구1,경기도 성남시 중원구 상대원동(우리집부동산 부근),3,3,37.438784,127.165713
2012,보행어린이,경기도 용인시 기흥구1,경기도 용인시 기흥구 보정동(보정119안전센터 부근),3,4,37.319701,127.115586
2012,보행어린이,경기도 용인시 기흥구2,경기도 용인시 기흥구 영덕동(태평양수원공장 부근),3,3,37.273502,127.070099
2012,보행어린이,경기도 용인시 기흥구3,경기도 용인시 기흥구 고매동(서원아파트 부근),3,3,37.231677,127.109452
2012,보행노인,서울특별시 종로구1,서울특별시 종로구 교북동(독립문_의주로_진출_1 부근),3,3,37.571937,126.960630
2012,보행노인,서울특별시 종로구2,서울특별시 종로구 충신동(이화사거리 부근),5,5,37.576104,127.004403
2012,보행노인,서울특별시 종로구3,서울특별시 종로구 장사동(종묘공원 부근),6,6,37.570706,126.993647
2012,보행노인,서울특별시 종로구4,서울특별시 종로구 창신동(동묘앞역_다산로_진입 부근),6,6,37.572359,127.016856
2012,보행노인,서울특별시 중구1,서울특별시 중구 인현동1가(대림상가앞 부근),3,3,37.566380,126.995342
2012,보행노인,서울특별시 중구2,서울특별시 중구 의주로1가(청암빌딩 부근),4,4,37.558126,126.971500
2012,보행노인,서울특별시 중구3,서울특별시 중구 신당동(약수역_다산로_진출_1 부근),8,8,37.554076,127.010539
2012,보행노인,서울특별시 용산구1,서울특별시 용산구 한강로2가(철도건설본부 부근),3,3,37.529175,126.966815
2012,보행노인,서울특별시 용산구2,서울특별시 용산구 한남동(순천향병원 부근),3,3,37.533462,127.004476
2012,보행노인,서울특별시 용산구3,서울특별시 용산구 이태원동(그랜드하얏트서울호텔 부근),3,3,37.541185,126.996186
2012,보행노인,서울특별시 성동구1,서울특별시 성동구 행당동(무학여고앞 부근),3,3,37.558349,127.032607
2012,보행노인,서울특별시 성동구2,서울특별시 성동구 도선동(왕십리역_왕십리길_진입_1 부근),4,4,37.561571,127.035133
2012,보행노인,서울특별시 광진구1,서울특별시 광진구 구의동(자양사거리_구의로_진출_1 부근),4,4,37.537502,127.085717
2012,보행노인,서울특별시 광진구2,서울특별시 광진구 구의동(구의사거리 부근),5,5,37.545509,127.087250
2012,보행노인,서울특별시 동대문구1,서울특별시 동대문구 답십리동(답십리사거리 부근),4,5,37.571831,127.057404
2012,보행노인,서울특별시 동대문구2,서울특별시 동대문구 제기동(식당재료유통할인 부근),4,4,37.582779,127.039980
2012,보행노인,서울특별시 동대문구3,서울특별시 동대문구 회기동(회기역앞_회기로_진출_1 부근),4,5,37.589948,127.054378
2012,보행노인,서울특별시 동대문구4,서울특별시 동대문구 신설동(신설동역_난정로_진입_1 부근),4,4,37.575074,127.022965
2012,보행노인,서울특별시 동대문구5,서울특별시 동대문구 제기동(홍파초교후문 부근),4,5,37.586327,127.040451
2012,보행노인,서울특별시 동대문구6,서울특별시 동대문구 휘경동(위생병원앞 부근),4,5,37.590171,127.062352
2012,보행노인,서울특별시 동대문구7,서울특별시 동대문구 용두동(용두 치안센터 부근),6,6,37.578086,127.033727
2012,보행노인,서울특별시 동대문구8,서울특별시 동대문구 청량리동(청량리역_일반국도6호선_진입_1 부근),16,16,37.579895,127.044103
2012,보행노인,서울특별시 중랑구1,서울특별시 중랑구 면목동(면목역 부근),3,3,37.589024,127.087428
2012,보행노인,서울특별시 중랑구2,서울특별시 중랑구 상봉동(한일써너스빌리젠시2 부근),3,3,37.598463,127.093966
2012,보행노인,서울특별시 중랑구3,서울특별시 중랑구 신내동(중랑구청사거리 부근),4,4,37.606820,127.094775
2012,보행노인,서울특별시 중랑구4,서울특별시 중랑구 면목동(동원사거리 부근),4,4,37.589480,127.092896
2012,보행노인,서울특별시 중랑구5,서울특별시 중랑구 중화동(대원메디컬빌딩 부근),5,5,37.601539,127.078144
2012,보행노인,서울특별시 중랑구6,서울특별시 중랑구 상봉동(우리은행중랑교지점 부근),5,6,37.593814,127.075753
2012,보행노인,서울특별시 중랑구7,서울특별시 중랑구 망우동(원동빌딩 부근),6,6,37.599422,127.098716
2012,보행노인,서울특별시 성북구1,서울특별시 성북구 동소문동7가(흥천사입구 부근),3,3,37.595991,127.015401
2012,보행노인,서울특별시 성북구2,서울특별시 성북구 석관동(석관동제일은행 부근),3,3,37.606336,127.061388
2012,보행노인,서울특별시 성북구3,서울특별시 성북구 정릉동(국민은행정릉 부근),3,3,37.608799,127.009945
2012,보행노인,서울특별시 성북구4,서울특별시 성북구 안암동3가(제삼주유소 부근),3,3,37.580499,127.022719
2012,보행노인,서울특별시 성북구5,서울특별시 성북구 동소문동1가(실과바늘 부근),4,4,37.593283,127.017585
2012,보행노인,서울특별시 성북구6,서울특별시 성북구 정릉동(정릉2동 주민센터 부근),4,4,37.605302,127.011364
2012,보행노인,서울특별시 성북구7,서울특별시 성북구 하월곡동(생명의전화(종합복지관) 부근),7,7,37.604038,127.037956
2012,보행노인,서울특별시 성북구8,서울특별시 성북구 종암동(종암2치안센터 부근),7,7,37.600892,127.033394
2012,보행노인,서울특별시 강북구1,서울특별시 강북구 수유동(수유역 부근),3,3,37.637929,127.024929
2012,보행노인,서울특별시 강북구2,서울특별시 강북구 수유동((주)월드패션투어 부근),4,4,37.646189,127.015117
2012,보행노인,서울특별시 강북구3,서울특별시 강북구 미아동(방천시장입구 부근),7,7,37.612223,127.034705
2012,보행노인,서울특별시 도봉구1,서울특별시 도봉구 방학동(LG대경주유소 부근),3,3,37.665305,127.042843
2012,보행노인,서울특별시 도봉구2,서울특별시 도봉구 창동(창동역서측 부근),3,3,37.653771,127.046113
2012,보행노인,서울특별시 도봉구3,서울특별시 도봉구 쌍문동(숭미초교 부근),3,3,37.650393,127.027880
2012,보행노인,서울특별시 도봉구4,서울특별시 도봉구 도봉동(온누리도봉약국 부근),3,3,37.676799,127.044872
2012,보행노인,서울특별시 도봉구5,서울특별시 도봉구 창동(창원초교 부근),3,3,37.652304,127.041392
2012,보행노인,서울특별시 도봉구6,서울특별시 도봉구 방학동(아람미술놀이방 부근),4,4,37.668952,127.033273
2012,보행노인,서울특별시 도봉구7,서울특별시 도봉구 방학동(동부센트리빌아파트 부근),6,6,37.662864,127.040035
2012,보행노인,서울특별시 노원구1,서울특별시 노원구 하계동(한성여객(주) 부근),3,3,37.637909,127.071462
2012,보행노인,서울특별시 노원구2,서울특별시 노원구 월계동(월계4동사무소앞 부근),3,3,37.631702,127.061185
2012,보행노인,서울특별시 노원구3,서울특별시 노원구 공릉동(공릉역 부근),3,3,37.625138,127.073147
2012,보행노인,서울특별시 노원구4,서울특별시 노원구 상계동(상계초교입구 부근),4,4,37.657125,127.066609
2012,보행노인,서울특별시 노원구5,서울특별시 노원구 상계동(상계벽산아파트101동 부근),4,4,37.659418,127.071768
2012,보행노인,서울특별시 노원구6,서울특별시 노원구 월계동(월계초교앞 부근),4,4,37.625507,127.051341
2012,보행노인,서울특별시 은평구1,서울특별시 은평구 수색동(수색차량사무소입구 부근),2,2,37.588954,126.884939
2012,보행노인,서울특별시 은평구2,서울특별시 은평구 갈현동(길마독사거리 부근),3,3,37.615261,126.917869
2012,보행노인,서울특별시 은평구3,서울특별시 은평구 불광동(불광동라비앙프라자 부근),3,3,37.612574,126.932047
2012,보행노인,서울특별시 은평구4,서울특별시 은평구 증산동(청솔식당 부근),3,3,37.579016,126.900889
2012,보행노인,서울특별시 은평구5,서울특별시 은평구 녹번동(선학수련원 부근),4,4,37.601633,126.928537
2012,보행노인,서울특별시 은평구6,서울특별시 은평구 신사동(신사사거리 부근),4,5,37.596185,126.908806
2012,보행노인,서울특별시 은평구7,서울특별시 은평구 대조동(역촌사거리 부근),4,4,37.608462,126.919847
2012,보행노인,서울특별시 은평구8,서울특별시 은평구 불광동(지현한방병원 부근),4,5,37.625429,126.920140
2012,보행노인,서울특별시 은평구9,서울특별시 은평구 불광동(연천초교길-연서로진입로 부근),4,4,37.621467,126.926090
2012,보행노인,서울특별시 은평구10,서울특별시 은평구 대조동(대조.불광시장 부근),5,8,37.608683,126.926613
2012,보행노인,서울특별시 은평구11,서울특별시 은평구 불광동(불광전화국앞 부근),5,7,37.612592,126.928292
2012,보행노인,서울특별시 은평구12,서울특별시 은평구 대조동(신한은행연신내지점 부근),7,9,37.619286,126.921246
2012,보행노인,서울특별시 서대문구1,서울특별시 서대문구 홍제동(충만한교회 부근),3,3,37.593553,126.947674
2012,보행노인,서울특별시 서대문구2,서울특별시 서대문구 남가좌동(중암교사거리 부근),3,3,37.572821,126.922059
2012,보행노인,서울특별시 서대문구3,서울특별시 서대문구 홍은동(홍은사거리_의주로_진출 부근),5,5,37.591242,126.941809
2012,보행노인,서울특별시 서대문구4,서울특별시 서대문구 창천동(신촌로터리_일반국도6호선_진출_ 부근),5,5,37.555459,126.935768
2012,보행노인,서울특별시 마포구1,서울특별시 마포구 아현동(굴레방다리_일반국도6호선_진출 부근),3,3,37.557689,126.955746
2012,보행노인,서울특별시 마포구2,서울특별시 마포구 신수동(우마카서비스 부근),4,4,37.550319,126.932430
2012,보행노인,서울특별시 양천구1,서울특별시 양천구 신월동(대흥빌딩 부근),3,3,37.520654,126.834865
2012,보행노인,서울특별시 양천구2,서울특별시 양천구 신정동(신정3평화은행 부근),3,4,37.517352,126.853553
2012,보행노인,서울특별시 강서구1,서울특별시 강서구 화곡동(홍익병원앞_등촌로_진입_1 부근),3,3,37.530665,126.863875
2012,보행노인,서울특별시 강서구2,서울특별시 강서구 화곡동(강서구청입구 부근),3,3,37.556113,126.852410
2012,보행노인,서울특별시 강서구3,서울특별시 강서구 화곡동(화곡사거리 부근),4,4,37.530715,126.847285
2012,보행노인,서울특별시 강서구4,서울특별시 강서구 염창동(태진빌딩 부근),4,4,37.546968,126.876047
2012,보행노인,서울특별시 강서구5,서울특별시 강서구 내발산동(우장산역 부근),5,6,37.548137,126.834714
2012,보행노인,서울특별시 강서구6,서울특별시 강서구 화곡동(청구빌라트 부근),6,6,37.545478,126.845805
2012,보행노인,서울특별시 구로구1,서울특별시 구로구 구로동(한국인력관리공단 부근),3,3,37.485933,126.892436
2012,보행노인,서울특별시 구로구2,서울특별시 구로구 고척동(고척동청구아파트 부근),3,3,37.500553,126.863307
2012,보행노인,서울특별시 구로구3,서울특별시 구로구 오류동(새마을금고오류2동지점 부근),4,4,37.490828,126.840161
2012,보행노인,서울특별시 구로구4,서울특별시 구로구 오류동(시티월드앞 부근),4,4,37.495352,126.839827
2012,보행노인,서울특별시 구로구5,서울특별시 구로구 구로동(두산아파트 부근),4,6,37.489335,126.888865
2012,보행노인,서울특별시 구로구6,서울특별시 구로구 개봉동(개봉역 부근),7,7,37.493532,126.857572
2012,보행노인,서울특별시 금천구1,서울특별시 금천구 시흥동(관악농협협동조합 부근),3,5,37.450526,126.909862
2012,보행노인,서울특별시 금천구2,서울특별시 금천구 시흥동(장혁빌딩 부근),3,3,37.457202,126.905408
2012,보행노인,서울특별시 금천구3,서울특별시 금천구 시흥동(시흥사거리 부근),3,3,37.454720,126.900242
2012,보행노인,서울특별시 금천구4,서울특별시 금천구 시흥동(시흥4동사거리 부근),4,4,37.463383,126.904040
2012,보행노인,서울특별시 금천구5,서울특별시 금천구 독산동(독산1동새마을금고 부근),7,7,37.472176,126.897632
2012,보행노인,서울특별시 영등포구1,서울특별시 영등포구 영등포동1가(영등포로터리 부근),3,3,37.518330,126.912424
2012,보행노인,서울특별시 영등포구2,서울특별시 영등포구 영등포동(영등포역 부근),3,3,37.516216,126.906181
2012,보행노인,서울특별시 영등포구3,서울특별시 영등포구 신길동(대방역_노량진로_진출 부근),3,4,37.512954,126.924783
2012,보행노인,서울특별시 영등포구4,서울특별시 영등포구 당산동1가(영등포유통상가 부근),3,3,37.521163,126.897239
2012,보행노인,서울특별시 영등포구5,서울특별시 영등포구 신길동(신길광장공원앞_도림로_진출 부근),3,4,37.498530,126.904805
2012,보행노인,서울특별시 영등포구6,서울특별시 영등포구 문래동5가(신정동현대아파트 부근),3,3,37.517635,126.876546
2012,보행노인,서울특별시 영등포구7,서울특별시 영등포구 신길동(보라매역 부근),3,3,37.499301,126.920156
2012,보행노인,서울특별시 영등포구8,서울특별시 영등포구 영등포동4가(영등포시장앞 부근),3,3,37.520069,126.904385
2012,보행노인,서울특별시 영등포구9,서울특별시 영등포구 당산동6가(당산역_당산로_진입_1 부근),4,4,37.534411,126.902375
2012,보행노인,서울특별시 영등포구10,서울특별시 영등포구 대림동(대림역 부근),5,5,37.492961,126.897318
2012,보행노인,서울특별시 동작구1,서울특별시 동작구 사당동(남성역 부근),3,3,37.485093,126.970589
2012,보행노인,서울특별시 동작구2,서울특별시 동작구 상도동(동광교회 부근),4,4,37.501951,126.934426
2012,보행노인,서울특별시 동작구3,서울특별시 동작구 흑석동(명수대상가 부근),5,5,37.507282,126.962252
2012,보행노인,서울특별시 동작구4,서울특별시 동작구 상도동(신대방삼거리역 부근),5,5,37.499402,126.928493
2012,보행노인,서울특별시 동작구5,서울특별시 동작구 상도동(상도지구대 부근),6,6,37.503763,126.939695
2012,보행노인,서울특별시 관악구1,서울특별시 관악구 남현동(연송빌딩 부근),3,3,37.475912,126.980740
2012,보행노인,서울특별시 관악구2,서울특별시 관악구 신림동(구로디지털단지역 부근),3,3,37.484296,126.902923
2012,보행노인,서울특별시 관악구3,서울특별시 관악구 봉천동(까치고개_남부순환로_진입 부근),3,4,37.475903,126.966183
2012,보행노인,서울특별시 관악구4,서울특별시 관악구 신림동(신대방역 부근),3,3,37.486941,126.912731
2012,보행노인,서울특별시 관악구5,서울특별시 관악구 신림동(성지빌딩 부근),4,4,37.479723,126.930580
2012,보행노인,서울특별시 관악구6,서울특별시 관악구 신림동(성민사회복지관 부근),4,4,37.467692,126.931280
2012,보행노인,서울특별시 관악구7,서울특별시 관악구 봉천동(원당초교입구 부근),5,5,37.479061,126.955594
2012,보행노인,서울특별시 관악구8,서울특별시 관악구 신림동(뿌리약국 부근),5,5,37.473985,126.918777
2012,보행노인,서울특별시 관악구9,서울특별시 관악구 신림동(미림여고입구 부근),5,5,37.471137,126.933508
2012,보행노인,서울특별시 서초구1,서울특별시 서초구 방배동(삼산빌딩 부근),4,4,37.480152,126.981697
2012,보행노인,서울특별시 서초구2,서울특별시 서초구 서초동(도일빌딩 부근),5,5,37.494165,127.014084
2012,보행노인,서울특별시 강남구1,서울특별시 강남구 논현동(강남을지병원사거리_도산대로_진 부근),3,3,37.519598,127.029072
2012,보행노인,서울특별시 강남구2,서울특별시 강남구 대치동(은마상가 부근),3,3,37.496174,127.062505
2012,보행노인,서울특별시 강남구3,서울특별시 강남구 개포동(구룡마을입구 부근),5,6,37.479570,127.064454
2012,보행노인,서울특별시 송파구1,서울특별시 송파구 석촌동(석촌역_백제고분로_진출_2 부근),3,3,37.504693,127.105809
2012,보행노인,서울특별시 송파구2,서울특별시 송파구 가락동(문정동우체국 부근),4,4,37.490352,127.111787
2012,보행노인,서울특별시 송파구3,서울특별시 송파구 마천동(거여삼거리 부근),4,4,37.493404,127.153181
2012,보행노인,서울특별시 송파구4,서울특별시 송파구 가락동(GS마트입구 부근),5,5,37.492298,127.117327
2012,보행노인,서울특별시 송파구5,서울특별시 송파구 삼전동(송파구민회관 부근),5,5,37.504148,127.090869
2012,보행노인,서울특별시 송파구6,서울특별시 송파구 가락동(가락시장입구 부근),6,6,37.494202,127.109719
2012,보행노인,서울특별시 송파구7,서울특별시 송파구 거여동(거여역(거여사거리) 부근),10,10,37.493055,127.145415
2012,보행노인,서울특별시 강동구1,서울특별시 강동구 성내동(성내초등교 부근),3,3,37.530599,127.121293
2012,보행노인,서울특별시 강동구2,서울특별시 강동구 천호동(강동구민회관 부근),3,3,37.546167,127.141887
2012,보행노인,서울특별시 강동구3,서울특별시 강동구 천호동(천호초교입구 부근),4,4,37.547814,127.132587
2012,보행노인,서울특별시 강동구4,서울특별시 강동구 길동(길동시장 부근),4,4,37.534585,127.136908
2012,보행노인,서울특별시 강동구5,서울특별시 강동구 천호동(천호신사거리 부근),5,5,37.538351,127.126946
2012,보행노인,서울특별시 강동구6,서울특별시 강동구 둔촌동(세양청마루아파트 부근),5,5,37.534293,127.141842
2012,보행노인,경기도 수원시 장안구1,경기도 수원시 장안구 조원동(이천산업 부근),3,3,37.301605,127.015006
2012,보행노인,경기도 수원시 장안구2,경기도 수원시 장안구 율전동(다다 부근),4,4,37.298606,126.970649
2012,보행노인,경기도 수원시 장안구3,경기도 수원시 장안구 연무동(화홍문갈비 부근),6,6,37.294994,127.024657
2012,보행노인,경기도 수원시 권선구1,경기도 수원시 권선구 서둔동(농촌진흥청작물시험장 부근),3,3,37.273075,126.984165
2012,보행노인,경기도 수원시 권선구2,경기도 수원시 권선구 세류동(세류사거리 부근),3,3,37.253889,127.011636
2012,보행노인,경기도 수원시 팔달구1,경기도 수원시 팔달구 신풍동(종로삼거리 부근),3,3,37.282533,127.016754
2012,보행노인,경기도 수원시 팔달구2,경기도 수원시 팔달구 매산로1가(수원역로터리 부근),3,3,37.266148,127.000562
2012,보행노인,경기도 수원시 팔달구3,경기도 수원시 팔달구 팔달로1가(팔달문로터리 부근),4,4,37.278209,127.016924
2012,보행노인,경기도 수원시 팔달구4,경기도 수원시 팔달구 영동(영동사거리 부근),4,4,37.275236,127.018346
2012,보행노인,경기도 수원시 팔달구5,경기도 수원시 팔달구 북수동(장안문로터리 부근),4,4,37.289257,127.014182
2012,보행노인,경기도 성남시 수정구1,경기도 성남시 수정구 신흥동(보건소삼거리 부근),3,3,37.453500,127.149616
2012,보행노인,경기도 성남시 수정구2,경기도 성남시 수정구 수진동(KT모란지점 부근),3,3,37.435557,127.128723
2012,보행노인,경기도 성남시 수정구3,경기도 성남시 수정구 태평동(중앙시장사거리 부근),4,4,37.440868,127.131597
2012,보행노인,경기도 성남시 수정구4,경기도 성남시 수정구 태평동(시청삼거리 부근),4,5,37.442988,127.138792
2012,보행노인,경기도 성남시 중원구1,경기도 성남시 중원구 상대원동(방주교회 부근),3,3,37.438796,127.157493
2012,보행노인,경기도 성남시 중원구2,경기도 성남시 중원구 성남동(모란시장사거리 부근),5,5,37.430904,127.129210
2012,보행노인,경기도 성남시 분당구1,경기도 성남시 분당구 구미동(무지개사거리 부근),3,3,37.337198,127.116095
2012,보행노인,경기도 성남시 분당구2,경기도 성남시 분당구 야탑동((주)이랜드뉴코아아울렛야탑점 부근),3,3,37.410286,127.127570
2012,보행노인,경기도 용인시 처인구1,경기도 용인시 처인구 김량장동(용인공용버스터미널 부근),4,4,37.233011,127.209733
2012,보행노인,경기도 용인시 기흥구1,경기도 용인시 기흥구 신갈동(신고을(장어나루터) 부근),3,3,37.271828,127.108726
2012,보행노인,경기도 용인시 수지구1,경기도 용인시 수지구 풍덕천동(세수대야냉면 부근),3,3,37.323721,127.095936
2012,자전거,서울특별시 종로구1,서울특별시 종로구 경운동(안국역 부근),4,4,37.576533,126.985544
2012,자전거,서울특별시 종로구2,서울특별시 종로구 서린동(SK빌딩 부근),4,4,37.570279,126.981070
2012,자전거,서울특별시 종로구3,서울특별시 종로구 숭인동(동묘앞역_일반국도6호선_진출 부근),5,5,37.572994,127.015243
2012,자전거,서울특별시 중구1,서울특별시 중구 흥인동(다산교(남단) 부근),4,4,37.569714,127.015435
2012,자전거,서울특별시 용산구1,서울특별시 용산구 한강로3가(용산대우드림월드3차_한강로_진 부근),5,5,37.522868,126.961790
2012,자전거,서울특별시 성동구1,서울특별시 성동구 성수동2가(성수역 부근),4,4,37.543487,127.056858
2012,자전거,서울특별시 성동구2,서울특별시 성동구 성수동1가(두산식품동부영업소 부근),4,5,37.540795,127.047929
2012,자전거,서울특별시 성동구3,서울특별시 성동구 성수동1가(한양종합카쎈타 부근),5,5,37.537348,127.059365
2012,자전거,서울특별시 성동구4,서울특별시 성동구 성수동2가(경동초교입구사거리 부근),6,6,37.546348,127.050442
2012,자전거,서울특별시 광진구1,서울특별시 광진구 중곡동(일반국도3호선-일반국도3호선진 부근),4,4,37.559254,127.074292
2012,자전거,서울특별시 광진구2,서울특별시 광진구 구의동(광진우체국 부근),4,5,37.539093,127.089670
2012,자전거,서울특별시 광진구3,서울특별시 광진구 군자동(흰돌교회 부근),4,5,37.553808,127.070436
2012,자전거,서울특별시 광진구4,서울특별시 광진구 자양동(동부간선도로-강변북로램프(7) 부근),5,5,37.530060,127.070697
2012,자전거,서울특별시 광진구5,서울특별시 광진구 능동(세종대학교 부근),5,5,37.550553,127.076021
2012,자전거,서울특별시 광진구6,서울특별시 광진구 광장동(올림픽대교진입고가차도(북측) 부근),5,5,37.540620,127.097509
2012,자전거,서울특별시 광진구7,서울특별시 광진구 구의동(자양사거리 부근),5,5,37.536451,127.083717
2012,자전거,서울특별시 광진구8,서울특별시 광진구 자양동(신양초교앞 부근),6,6,37.536269,127.069063
2012,자전거,서울특별시 광진구9,서울특별시 광진구 자양동(신자초교입구 부근),6,6,37.533585,127.074109
2012,자전거,서울특별시 광진구10,서울특별시 광진구 자양동(자양삼거리 부근),6,7,37.537317,127.077722
2012,자전거,서울특별시 광진구11,서울특별시 광진구 구의동(아차산역 부근),6,6,37.549358,127.090743
2012,자전거,서울특별시 광진구12,서울특별시 광진구 군자동(구의사거리 부근),7,7,37.544894,127.086142
2012,자전거,서울특별시 광진구13,서울특별시 광진구 중곡동(군자역 부근),7,7,37.556906,127.079243
2012,자전거,서울특별시 광진구14,서울특별시 광진구 구의동(결혼의집백악관 부근),7,7,37.553411,127.088548
2012,자전거,서울특별시 광진구15,서울특별시 광진구 자양동(국민은행자양동지점 부근),8,8,37.530737,127.079158
2012,자전거,서울특별시 광진구16,서울특별시 광진구 화양동(건대입구역 부근),10,10,37.540501,127.071003
2012,자전거,서울특별시 동대문구1,서울특별시 동대문구 장안동(동부간선도로-천호대로램프(8) 부근),3,3,37.566029,127.074635
2012,자전거,서울특별시 동대문구2,서울특별시 동대문구 전농동(떡전교사거리_전농로_진입_1 부근),4,4,37.585118,127.052067
2012,자전거,서울특별시 동대문구3,서울특별시 동대문구 제기동(종암대교 부근),4,4,37.591209,127.038958
2012,자전거,서울특별시 동대문구4,서울특별시 동대문구 용두동(재덕정밀 부근),5,5,37.573915,127.033661
2012,자전거,서울특별시 동대문구5,서울특별시 동대문구 장안동(장한평역_천호대로_진출_1 부근),5,5,37.561484,127.065192
2012,자전거,서울특별시 동대문구6,서울특별시 동대문구 장안동(장안동사거리_답십리길_진입_1 부근),5,5,37.572127,127.072077
2012,자전거,서울특별시 동대문구7,서울특별시 동대문구 제기동(한천로-천호대교진입로 부근),5,6,37.563271,127.057776
2012,자전거,서울특별시 동대문구8,서울특별시 동대문구 답십리동(쌍마빌딩 부근),5,7,37.566759,127.056158
2012,자전거,서울특별시 동대문구9,서울특별시 동대문구 전농동(전농동사거리_전농로_진출_2 부근),6,7,37.577734,127.056940
2012,자전거,서울특별시 동대문구10,서울특별시 동대문구 제기동(우리은행청량리중앙지점 부근),6,7,37.578865,127.041550
2012,자전거,서울특별시 동대문구11,서울특별시 동대문구 용두동(용두동사거리_일반국도6호선_진 부근),6,6,37.577423,127.029248
2012,자전거,서울특별시 동대문구12,서울특별시 동대문구 장안동(승용빌딩 부근),7,7,37.566664,127.067614
2012,자전거,서울특별시 동대문구13,서울특별시 동대문구 용두동(마장동사거리 부근),8,8,37.572527,127.038032
2012,자전거,서울특별시 동대문구14,서울특별시 동대문구 답십리동(천호대로답오6길삼거리 부근),9,9,37.568055,127.051284
2012,자전거,서울특별시 동대문구15,서울특별시 동대문구 용두동(롯데불로장생센터 부근),9,9,37.577689,127.036931
2012,자전거,서울특별시 중랑구1,서울특별시 중랑구 면목동(면목두산아파트_면목천길_진입_1 부근),4,4,37.580411,127.082979
2012,자전거,서울특별시 중랑구2,서울특별시 중랑구 상봉동(한일써너스빌리젠시 부근),4,4,37.597505,127.092419
2012,자전거,서울특별시 중랑구3,서울특별시 중랑구 중화동(중흥초교 부근),4,4,37.601969,127.083833
2012,자전거,서울특별시 중랑구4,서울특별시 중랑구 상봉동(동부산부인과의원 부근),5,5,37.593502,127.086371
2012,자전거,서울특별시 중랑구5,서울특별시 중랑구 면목동(면목2동사거리_겸재길_진출_1 부근),5,6,37.587041,127.082216
2012,자전거,서울특별시 중랑구6,서울특별시 중랑구 면목동(면목역 부근),5,5,37.589082,127.087244
2012,자전거,서울특별시 중랑구7,서울특별시 중랑구 중화동(대원메디컬빌딩 부근),5,5,37.601572,127.078006
2012,자전거,서울특별시 중랑구8,서울특별시 중랑구 상봉동(중랑전화국 부근),6,6,37.591182,127.079929
2012,자전거,서울특별시 중랑구9,서울특별시 중랑구 면목동(장안교_일반국도3호선_진출_2 부근),7,7,37.582156,127.079404
2012,자전거,서울특별시 중랑구10,서울특별시 중랑구 망우동(망우사거리 부근),7,7,37.599636,127.100952
2012,자전거,서울특별시 중랑구11,서울특별시 중랑구 중화동(새서울극장앞 부근),8,8,37.592870,127.072562
2012,자전거,서울특별시 중랑구12,서울특별시 중랑구 중화동(한샘교회_신상봉역길_진출_1 부근),10,10,37.595552,127.081399
2012,자전거,서울특별시 성북구1,서울특별시 성북구 종암동(종암사거리_종암로_진입_2 부근),4,4,37.602961,127.032406
2012,자전거,서울특별시 성북구2,서울특별시 성북구 상월곡동(월곡중학교앞 부근),4,4,37.606778,127.049176
2012,자전거,서울특별시 성북구3,서울특별시 성북구 장위동(장위사거리 부근),6,6,37.613239,127.060903
2012,자전거,서울특별시 성북구4,서울특별시 성북구 석관동(석관초교입구 부근),8,10,37.610292,127.057763
2012,자전거,서울특별시 강북구1,서울특별시 강북구 미아동(오치과의원 부근),4,4,37.621639,127.027927
2012,자전거,서울특별시 강북구2,서울특별시 강북구 미아동(삼양사거리 부근),5,6,37.619114,127.022383
2012,자전거,서울특별시 강북구3,서울특별시 강북구 수유동(광산사거리 부근),6,6,37.643159,127.022523
2012,자전거,서울특별시 도봉구1,서울특별시 도봉구 쌍문동(창동변전소 부근),4,4,37.659655,127.041370
2012,자전거,서울특별시 도봉구2,서울특별시 도봉구 방학동(MTB자전거 부근),5,5,37.663194,127.047184
2012,자전거,서울특별시 도봉구3,서울특별시 도봉구 창동((주)에스엠 부근),6,6,37.644131,127.031847
2012,자전거,서울특별시 도봉구4,서울특별시 도봉구 창동(극동방송문화센터 부근),6,6,37.653553,127.051821
2012,자전거,서울특별시 도봉구5,서울특별시 도봉구 방학동(동부센트리빌아파트 부근),6,6,37.662911,127.039161
2012,자전거,서울특별시 도봉구6,서울특별시 도봉구 도봉동(신도봉사거리 부근),10,10,37.671347,127.043881
2012,자전거,서울특별시 노원구1,서울특별시 노원구 중계동(삿갓봉근린공원 부근),4,5,37.657561,127.076009
2012,자전거,서울특별시 노원구2,서울특별시 노원구 공릉동(중랑구-노원구경계(6) 부근),4,4,37.617263,127.075935
2012,자전거,서울특별시 노원구3,서울특별시 노원구 월계동(석계역동_화랑로_진입_1 부근),4,4,37.614889,127.067218
2012,자전거,서울특별시 노원구4,서울특별시 노원구 상계동(상계교(동단) 부근),4,4,37.661697,127.052604
2012,자전거,서울특별시 노원구5,서울특별시 노원구 상계동(노원역_일반국도3호선_진입_1 부근),5,5,37.655104,127.060591
2012,자전거,서울특별시 노원구6,서울특별시 노원구 상계동(부흥빌딩 부근),5,5,37.671314,127.056113
2012,자전거,서울특별시 노원구7,서울특별시 노원구 중계동(양지근린공원앞 부근),6,6,37.647697,127.075983
2012,자전거,서울특별시 노원구8,서울특별시 노원구 중계동(중계역 부근),6,6,37.644806,127.064462
2012,자전거,서울특별시 노원구9,서울특별시 노원구 상계동(상계초등학교_노원길_진출_1 부근),6,6,37.658492,127.066233
2012,자전거,서울특별시 은평구1,서울특별시 은평구 갈현동(연신내사거리 부근),4,4,37.619997,126.920952
2012,자전거,서울특별시 은평구2,서울특별시 은평구 녹번동(역촌역 부근),4,4,37.605687,126.923433
2012,자전거,서울특별시 은평구3,서울특별시 은평구 역촌동(역촌사거리 부근),4,4,37.609345,126.920309
2012,자전거,서울특별시 은평구4,서울특별시 은평구 응암동(뉴코리아주유소 부근),5,5,37.599789,126.921589
2012,자전거,서울특별시 은평구5,서울특별시 은평구 신사동(새절역 부근),5,5,37.593365,126.914208
2012,자전거,서울특별시 은평구6,서울특별시 은평구 불광동(채유병산부인과 부근),6,6,37.609483,126.929576
2012,자전거,서울특별시 은평구7,서울특별시 은평구 역촌동(미래마트 부근),7,8,37.606462,126.913829
2012,자전거,서울특별시 은평구8,서울특별시 은평구 갈현동(길마독사거리 부근),9,10,37.615675,126.917615
2012,자전거,서울특별시 은평구9,서울특별시 은평구 역촌동(동명한의원 부근),9,9,37.599366,126.914958
2012,자전거,서울특별시 은평구10,서울특별시 은평구 갈현동(구산역 부근),9,9,37.611775,126.916531
2012,자전거,서울특별시 마포구1,서울특별시 마포구 신수동(서강고시원 부근),4,6,37.549495,126.938779
2012,자전거,서울특별시 마포구2,서울특별시 마포구 상수동(홍익초교 부근),5,5,37.550251,126.923120
2012,자전거,서울특별시 마포구3,서울특별시 마포구 창전동(광흥창역 부근),5,5,37.547813,126.931720
2012,자전거,서울특별시 마포구4,서울특별시 마포구 성산동(망원2주민센터 부근),5,5,37.561297,126.905175
2012,자전거,서울특별시 마포구5,서울특별시 마포구 성산동(평강교회 부근),5,6,37.564879,126.902178
2012,자전거,서울특별시 마포구6,서울특별시 마포구 연남동(김영만치과 부근),6,6,37.554810,126.920150
2012,자전거,서울특별시 마포구7,서울특별시 마포구 연남동(신촌전화국 부근),9,9,37.558750,126.924211
2012,자전거,서울특별시 양천구1,서울특별시 양천구 신월동(화곡고가사거리_강서로_진출_1 부근),4,4,37.527546,126.849270
2012,자전거,서울특별시 양천구2,서울특별시 양천구 신정동(목동9-10단지 부근),4,4,37.516385,126.862223
2012,자전거,서울특별시 양천구3,서울특별시 양천구 목동(외환은행강서지점 부근),4,5,37.546970,126.871476
2012,자전거,서울특별시 양천구4,서울특별시 양천구 목동(목동1.2단지 부근),5,5,37.536644,126.880457
2012,자전거,서울특별시 양천구5,서울특별시 양천구 신정동(동은빌딩 부근),6,6,37.521243,126.857582
2012,자전거,서울특별시 양천구6,서울특별시 양천구 신정동(양천장애인종합복지관 부근),6,6,37.519867,126.869392
2012,자전거,서울특별시 양천구7,서울특별시 양천구 목동(목동2.3단지 부근),6,6,37.534898,126.876940
2012,자전거,서울특별시 양천구8,서울특별시 양천구 목동(오목교역 부근),6,6,37.524838,126.875643
2012,자전거,서울특별시 양천구9,서울특별시 양천구 신월동(신월정수사업소앞 부근),7,7,37.529997,126.833553
2012,자전거,서울특별시 양천구10,서울특별시 양천구 신정동(홍익병원앞_등촌로_진입_1 부근),7,7,37.530298,126.864374
2012,자전거,서울특별시 강서구1,서울특별시 강서구 등촌동(등촌삼거리 부근),4,4,37.551509,126.864647
2012,자전거,서울특별시 강서구2,서울특별시 강서구 등촌동(가양역사거리 부근),4,5,37.560891,126.855179
2012,자전거,서울특별시 강서구3,서울특별시 강서구 내발산동(그랜드마트 부근),4,4,37.559526,126.838475
2012,자전거,서울특별시 강서구4,서울특별시 강서구 화곡동(화곡역_화곡로_진출 부근),6,6,37.542024,126.841246
2012,자전거,서울특별시 강서구5,서울특별시 강서구 화곡동(강서구청입구_일반국도6호선_진 부근),6,6,37.555216,126.853626
2012,자전거,서울특별시 구로구1,서울특별시 구로구 오류동(독도참치 부근),4,4,37.495924,126.843949
2012,자전거,서울특별시 구로구2,서울특별시 구로구 신도림동(월드프라자 부근),4,4,37.506221,126.876316
2012,자전거,서울특별시 구로구3,서울특별시 구로구 신도림동(스카이뷰아파트 부근),5,5,37.506779,126.885323
2012,자전거,서울특별시 구로구4,서울특별시 구로구 구로동(구로1교(남단) 부근),5,5,37.486869,126.897022
2012,자전거,서울특별시 구로구5,서울특별시 구로구 구로동(Ak플라자 부근),5,5,37.501460,126.882007
2012,자전거,서울특별시 구로구6,서울특별시 구로구 구로동(신구로주유소_가마산길_진출 부근),6,6,37.496832,126.892637
2012,자전거,서울특별시 구로구7,서울특별시 구로구 구로동(구로이화우성아파트_구로큰길_진 부근),6,6,37.491626,126.891835
2012,자전거,서울특별시 구로구8,서울특별시 구로구 구로동(새솔금호아파트 부근),8,8,37.499934,126.890915
2012,자전거,서울특별시 구로구9,서울특별시 구로구 개봉동(개봉고가차도 부근),8,8,37.493786,126.856579
2012,자전거,서울특별시 금천구1,서울특별시 금천구 가산동(신평대일타운 부근),4,4,37.476243,126.892759
2012,자전거,서울특별시 금천구2,서울특별시 금천구 독산동(구로전화국 부근),5,5,37.479302,126.903502
2012,자전거,서울특별시 금천구3,서울특별시 금천구 시흥동(갑오포장 부근),5,5,37.445430,126.903810
2012,자전거,서울특별시 금천구4,서울특별시 금천구 시흥동(대명시장B 부근),5,8,37.453990,126.903140
2012,자전거,서울특별시 금천구5,서울특별시 금천구 독산동(독산1동새마을금고 부근),6,6,37.471975,126.896753
2012,자전거,서울특별시 금천구6,서울특별시 금천구 시흥동(시흥지구대 부근),6,6,37.453245,126.899553
2012,자전거,서울특별시 영등포구1,서울특별시 영등포구 신길동(썬프라자_신길로_진입 부근),4,4,37.496306,126.908570
2012,자전거,서울특별시 영등포구2,서울특별시 영등포구 양평동1가(염창IC5 부근),4,4,37.552664,126.879227
2012,자전거,서울특별시 영등포구3,서울특별시 영등포구 영등포동2가(영등포로터리_영등포로_진입_2 부근),5,5,37.518710,126.910886
2012,자전거,서울특별시 영등포구4,서울특별시 영등포구 대림동(대림우성아파트사거리_도림로_진 부근),5,7,37.495117,126.897547
2012,자전거,서울특별시 영등포구5,서울특별시 영등포구 양평동6가(서부간선도로-양평로램프(3) 부근),5,5,37.542393,126.887996
2012,자전거,서울특별시 영등포구6,서울특별시 영등포구 양평동3가(경인고속입구_선유로_진입_1 부근),5,6,37.530226,126.893308
2012,자전거,서울특별시 영등포구7,서울특별시 영등포구 대림동(서부간선도로-도림천로램프(1) 부근),5,6,37.516272,126.881938
2012,자전거,서울특별시 영등포구8,서울특별시 영등포구 여의도동(마포대교남단_여의서로_진입 부근),5,6,37.530906,126.929061
2012,자전거,서울특별시 영등포구9,서울특별시 영등포구 신길동(사러가시장앞 부근),5,6,37.506870,126.911109
2012,자전거,서울특별시 영등포구10,서울특별시 영등포구 당산동4가(영등포구청 부근),5,5,37.527847,126.897857
2012,자전거,서울특별시 영등포구11,서울특별시 영등포구 여의도동(여의하류IC20 부근),6,7,37.532591,126.924513
2012,자전거,서울특별시 영등포구12,서울특별시 영등포구 대림동(대림3동사거리_가마산길_진출_2 부근),6,6,37.499962,126.897058
2012,자전거,서울특별시 영등포구13,서울특별시 영등포구 신길동(영등포소방서 부근),6,6,37.496512,126.902356
2012,자전거,서울특별시 영등포구14,서울특별시 영등포구 여의도동(여의동로삼거리 부근),7,8,37.528624,126.932488
2012,자전거,서울특별시 동작구1,서울특별시 동작구 신대방동(보라매공원입구_대방로_진출_1 부근),6,6,37.497547,126.918393
2012,자전거,서울특별시 관악구1,서울특별시 관악구 신림동(금천구-관악구경계(4) 부근),4,4,37.481596,126.910969
2012,자전거,서울특별시 관악구2,서울특별시 관악구 신림동(SK허브그린 부근),4,4,37.485452,126.930727
2012,자전거,서울특별시 관악구3,서울특별시 관악구 신림동(신림1교(북단) 부근),4,4,37.478892,126.932089
2012,자전거,서울특별시 관악구4,서울특별시 관악구 봉천동(낙성사거리 부근),4,4,37.477784,126.959453
2012,자전거,서울특별시 관악구5,서울특별시 관악구 봉천동(봉천본동농협앞 부근),4,4,37.482359,126.946220
2012,자전거,서울특별시 관악구6,서울특별시 관악구 봉천동(당곡사거리 부근),5,5,37.489049,126.928656
2012,자전거,서울특별시 관악구7,서울특별시 관악구 신림동(양지빌딩 부근),7,7,37.483459,126.914119
2012,자전거,서울특별시 관악구8,서울특별시 관악구 봉천동(롯데백화점앞(관악점) 부근),8,8,37.489671,126.924078
2012,자전거,서울특별시 서초구1,서울특별시 서초구 반포동(이수교차로_사평로_진입 부근),6,6,37.499059,126.985682
2012,자전거,서울특별시 서초구2,서울특별시 서초구 반포동(한강홍수통제소 부근),6,7,37.505105,126.979910
2012,자전거,서울특별시 강남구1,서울특별시 강남구 청담동(송담빌딩 부근),4,4,37.524289,127.048394
2012,자전거,서울특별시 강남구2,서울특별시 강남구 개포동(서울강남우체국 부근),4,4,37.493138,127.076946
2012,자전거,서울특별시 강남구3,서울특별시 강남구 논현동(논현역 부근),4,4,37.511133,127.021506
2012,자전거,서울특별시 강남구4,서울특별시 강남구 수서동(수서삼익아파트4단지상가앞 부근),5,5,37.488210,127.101503
2012,자전거,서울특별시 강남구5,서울특별시 강남구 도곡동(매봉역 부근),5,5,37.486105,127.045015
2012,자전거,서울특별시 송파구1,서울특별시 송파구 풍납동(강동구청역 부근),4,4,37.530530,127.120691
2012,자전거,서울특별시 송파구2,서울특별시 송파구 가락동(송파우체국 부근),4,4,37.501848,127.128244
2012,자전거,서울특별시 송파구3,서울특별시 송파구 오금동(서울개롱초등학교 부근),4,4,37.497944,127.140883
2012,자전거,서울특별시 송파구4,서울특별시 송파구 가락동(문정동우체국 부근),4,4,37.491734,127.110956
2012,자전거,서울특별시 송파구5,서울특별시 송파구 잠실동(우남빌딩 부근),5,6,37.506164,127.078199
2012,자전거,서울특별시 송파구6,서울특별시 송파구 마천동(서림빌딩 부근),5,5,37.500312,127.147777
2012,자전거,서울특별시 송파구7,서울특별시 송파구 송파동(가락대림아파트 부근),5,5,37.499422,127.118263
2012,자전거,서울특별시 송파구8,서울특별시 송파구 가락동(가락시장입구 부근),5,5,37.495252,127.109287
2012,자전거,서울특별시 송파구9,서울특별시 송파구 방이동(오금초교 부근),5,5,37.510017,127.132347
2012,자전거,서울특별시 송파구10,서울특별시 송파구 방이동(올림픽공원_남부순환로_진출_1 부근),5,5,37.511039,127.127650
2012,자전거,서울특별시 송파구11,서울특별시 송파구 송파동(신도빌딩 부근),5,5,37.507527,127.110273
2012,자전거,서울특별시 송파구12,서울특별시 송파구 삼전동(배명로터리 부근),5,6,37.501138,127.097375
2012,자전거,서울특별시 송파구13,서울특별시 송파구 신천동(잠사중앙길-올림픽로_진입 부근),5,5,37.516003,127.108382
2012,자전거,서울특별시 송파구14,서울특별시 송파구 석촌동(송파사거리 부근),6,6,37.501350,127.110315
2012,자전거,서울특별시 송파구15,서울특별시 송파구 석촌동(석촌호수남(석촌사거리) 부근),6,6,37.508108,127.102842
2012,자전거,서울특별시 송파구16,서울특별시 송파구 풍납동(이화연립 부근),6,7,37.535696,127.118563
2012,자전거,서울특별시 송파구17,서울특별시 송파구 가락동(가락본동한화오벨리스크앞 부근),6,6,37.494220,127.122184
2012,자전거,서울특별시 송파구18,서울특별시 송파구 거여동(거여사거리_오금로_진입 부근),6,6,37.493426,127.143323
2012,자전거,서울특별시 송파구19,서울특별시 송파구 잠실동(신천역_올림픽로_진입_2 부근),6,6,37.511279,127.084516
2012,자전거,서울특별시 송파구20,서울특별시 송파구 방이동(화성빌딩 부근),6,6,37.506021,127.119199
2012,자전거,서울특별시 송파구21,서울특별시 송파구 잠실동(잠실3동파출소앞_삼전로_진입_1 부근),7,7,37.508843,127.091990
2012,자전거,서울특별시 송파구22,서울특별시 송파구 방이동(올림픽공원남4문 부근),8,8,37.515966,127.117213
2012,자전거,서울특별시 송파구23,서울특별시 송파구 방이동(둔촌사거리_둔촌로_진입 부근),9,9,37.522581,127.134368
2012,자전거,서울특별시 송파구24,서울특별시 송파구 가락동(가락시장 부근),9,9,37.497418,127.114367
2012,자전거,서울특별시 송파구25,서울특별시 송파구 삼전동(삼전사거리 부근),10,10,37.504867,127.088399
2012,자전거,서울특별시 강동구1,서울특별시 강동구 성내동(청구아파트 부근),4,4,37.529558,127.134194
2012,자전거,서울특별시 강동구2,서울특별시 강동구 천호동(강동구민회관 부근),4,4,37.546581,127.141337
2012,자전거,서울특별시 강동구3,서울특별시 강동구 암사동(올림픽대로-고덕동길램프(1) 부근),4,4,37.557508,127.125316
2012,자전거,서울특별시 강동구4,서울특별시 강동구 천호동(광진교앞 부근),4,4,37.540868,127.125372
2012,자전거,서울특별시 강동구5,서울특별시 강동구 길동(삼성APT 부근),4,4,37.538952,127.136050
2012,자전거,서울특별시 강동구6,서울특별시 강동구 성내동(산경빌딩 부근),4,4,37.536892,127.129198
2012,자전거,서울특별시 강동구7,서울특별시 강동구 성내동(올림픽공원북2문 부근),5,5,37.523891,127.128263
2012,자전거,서울특별시 강동구8,서울특별시 강동구 명일동(E마트 부근),5,5,37.555596,127.157499
2012,자전거,서울특별시 강동구9,서울특별시 강동구 천호동(천호초교입구 부근),6,6,37.547244,127.134026
2012,자전거,서울특별시 강동구10,서울특별시 강동구 길동(강동성심병원 부근),7,7,37.535117,127.133880
2012,자전거,서울특별시 강동구11,서울특별시 강동구 성내동(길동사거리_둔촌로_진출_1 부근),11,11,37.533513,127.138779
2012,자전거,경기도 수원시 장안구1,경기도 수원시 장안구 정자동(동신아파트 부근),5,6,37.300605,126.994664
2012,자전거,경기도 수원시 팔달구1,경기도 수원시 팔달구 인계동(농협사거리 부근),4,4,37.261300,127.031762
2012,자전거,경기도 수원시 팔달구2,경기도 수원시 팔달구 매교동(대성안전 부근),5,5,37.271252,127.017128
2012,자전거,경기도 수원시 팔달구3,경기도 수원시 팔달구 신풍동(종로삼거리 부근),6,6,37.281944,127.017206
2012,자전거,경기도 성남시 중원구1,경기도 성남시 중원구 성남동(풍생중고B 부근),5,5,37.433661,127.130039
2013,스쿨존어린이,서울특별시 동대문구1,서울특별시 동대문구 장안동(서울안평초교 부근),2,2,37.566461,127.071575
2013,스쿨존어린이,서울특별시 서대문구1,서울특별시 서대문구 홍제동(인왕초교 부근),2,2,37.589353,126.945491
2013,스쿨존어린이,서울특별시 구로구1,서울특별시 구로구 구로동(신구로초교 부근),2,2,37.499925,126.889517
2013,스쿨존어린이,서울특별시 구로구2,서울특별시 구로구 구로동(구로남초교 부근),2,3,37.484040,126.890619
2013,스쿨존어린이,서울특별시 동작구1,서울특별시 동작구 흑석동(은로초교 부근),2,2,37.503733,126.960786
2013,보행노인,서울특별시 종로구1,서울특별시 종로구 숭인동(아람보습학원 부근),5,5,37.573370,127.017958
2013,보행노인,서울특별시 종로구2,서울특별시 종로구 종로2가(기업은행 부근),4,4,37.570290,126.989158
2013,보행노인,서울특별시 중구1,서울특별시 중구 봉래동2가(서울역사거리 부근),5,5,37.555556,126.972527
2013,보행노인,서울특별시 중구2,서울특별시 중구 신당동(약수역 부근),5,6,37.554635,127.010617
2013,보행노인,서울특별시 중구3,서울특별시 중구 남창동(서울역고가차도(동측) 부근),5,5,37.557962,126.977571
2013,보행노인,서울특별시 중구4,서울특별시 중구 흥인동(신당역 부근),4,4,37.565814,127.017438
2013,보행노인,서울특별시 중구5,서울특별시 중구 충무로4가(진양상가 부근),3,3,37.561426,126.994859
2013,보행노인,서울특별시 중구6,서울특별시 중구 소공동(롯데명품관 부근),3,3,37.563987,126.980957
2013,보행노인,서울특별시 용산구1,서울특별시 용산구 원효로2가(원효아파트 부근),5,5,37.535575,126.961478
2013,보행노인,서울특별시 성동구1,서울특별시 성동구 용답동(동부시장 부근),8,8,37.566119,127.053609
2013,보행노인,서울특별시 성동구2,서울특별시 성동구 행당동(성수여중 부근),5,5,37.538416,127.049175
2013,보행노인,서울특별시 성동구3,서울특별시 성동구 행당동(응봉삼거리 부근),3,3,37.554674,127.034077
2013,보행노인,서울특별시 성동구4,서울특별시 성동구 금호동1가(정민빌딩 부근),3,4,37.552826,127.025055
2013,보행노인,서울특별시 성동구5,서울특별시 성동구 금호동4가(국민은행금호동 부근),3,3,37.548238,127.022786
2013,보행노인,서울특별시 광진구1,서울특별시 광진구 능동(아차산역 부근),4,4,37.551099,127.090321
2013,보행노인,서울특별시 광진구2,서울특별시 광진구 군자동(화양삼거리 부근),3,3,37.549613,127.070871
2013,보행노인,서울특별시 광진구3,서울특별시 광진구 구의동(구의사거리 부근),3,3,37.545149,127.085587
2013,보행노인,서울특별시 동대문구1,서울특별시 동대문구 용두동(성바오로병원앞 부근),13,13,37.579213,127.042432
2013,보행노인,서울특별시 동대문구2,서울특별시 동대문구 용두동(경동시장_일반국도6호선_진출_1 부근),9,9,37.578212,127.037399
2013,보행노인,서울특별시 동대문구3,서울특별시 동대문구 청량리동(옥치과의원 부근),6,6,37.581163,127.046833
2013,보행노인,서울특별시 동대문구4,서울특별시 동대문구 휘경동(백합빌딩 부근),5,5,37.589585,127.060388
2013,보행노인,서울특별시 동대문구5,서울특별시 동대문구 이문동(외대앞역지하차도(서측) 부근),4,4,37.595715,127.061858
2013,보행노인,서울특별시 동대문구6,서울특별시 동대문구 전농동(전농파출소앞 부근),4,4,37.575770,127.047358
2013,보행노인,서울특별시 동대문구7,서울특별시 동대문구 답십리동(답십리사거리 부근),3,3,37.573187,127.057370
2013,보행노인,서울특별시 동대문구8,서울특별시 동대문구 회기동(회기역앞_이문로_진입_1 부근),3,3,37.589348,127.055031
2013,보행노인,서울특별시 동대문구9,서울특별시 동대문구 장안동(경찰수사연구소B 부근),3,3,37.581625,127.072326
2013,보행노인,서울특별시 동대문구10,서울특별시 동대문구 청량리동(떡전교사거리_일반국도6호선_진 부근),3,3,37.583832,127.050137
2013,보행노인,서울특별시 중랑구1,서울특별시 중랑구 망우동(원동빌딩 부근),6,7,37.599484,127.099072
2013,보행노인,서울특별시 중랑구2,서울특별시 중랑구 면목동(면목역 부근),4,5,37.588449,127.087816
2013,보행노인,서울특별시 중랑구3,서울특별시 중랑구 면목동(면목2동사거리_일반국도3호선_진 부근),4,4,37.587796,127.078234
2013,보행노인,서울특별시 중랑구4,서울특별시 중랑구 신내동(봉화환승주차장 부근),3,3,37.616383,127.093294
2013,보행노인,서울특별시 중랑구5,서울특별시 중랑구 면목동(중화중교 부근),3,3,37.586355,127.094760
2013,보행노인,서울특별시 중랑구6,서울특별시 중랑구 상봉동(한일써너스빌리젠시2 부근),3,3,37.598365,127.093824
2013,보행노인,서울특별시 중랑구7,서울특별시 중랑구 면목동(상봉시장앞 부근),3,3,37.593283,127.086159
2013,보행노인,서울특별시 중랑구8,서울특별시 중랑구 중화동(중화역 부근),3,3,37.600993,127.079511
2013,보행노인,서울특별시 중랑구9,서울특별시 중랑구 망우동(동원사거리 부근),3,3,37.590461,127.093691
2013,보행노인,서울특별시 성북구1,서울특별시 성북구 종암동(효성특수유리 부근),5,6,37.600362,127.033658
2013,보행노인,서울특별시 성북구2,서울특별시 성북구 장위동(신한은행(장위지점) 부근),5,5,37.609956,127.051598
2013,보행노인,서울특별시 성북구3,서울특별시 성북구 하월곡동(이삭교회 부근),5,5,37.602397,127.039554
2013,보행노인,서울특별시 성북구4,서울특별시 성북구 동선동1가(성신여대입구역 부근),5,5,37.592844,127.017422
2013,보행노인,서울특별시 성북구5,서울특별시 성북구 정릉동(아리랑로터리_정릉길_진출_1 부근),3,4,37.603856,127.012948
2013,보행노인,서울특별시 성북구6,서울특별시 성북구 정릉동(미진미싱 부근),3,3,37.601924,127.018772
2013,보행노인,서울특별시 강북구1,서울특별시 강북구 미아동(국민은행수유지점 부근),6,7,37.632312,127.023936
2013,보행노인,서울특별시 강북구2,서울특별시 강북구 미아동(미아삼거리역 부근),6,6,37.613566,127.030048
2013,보행노인,서울특별시 강북구3,서울특별시 강북구 미아동(미아사거리_미아로_진출_1 부근),5,6,37.608806,127.030209
2013,보행노인,서울특별시 강북구4,서울특별시 강북구 수유동(원일빌딩 부근),4,4,37.634365,127.019471
2013,보행노인,서울특별시 강북구5,서울특별시 강북구 수유동(백십자약국 부근),4,4,37.636809,127.012937
2013,보행노인,서울특별시 강북구6,서울특별시 강북구 수유동(광산타워 부근),3,3,37.642153,127.022287
2013,보행노인,서울특별시 강북구7,서울특별시 강북구 수유동(우이초등교앞 부근),3,3,37.641440,127.016783
2013,보행노인,서울특별시 강북구8,서울특별시 강북구 수유동(삼각산지구대 부근),3,3,37.630743,127.017808
2013,보행노인,서울특별시 강북구9,서울특별시 강북구 미아동(미아동소방소앞 부근),3,3,37.620125,127.015886
2013,보행노인,서울특별시 강북구10,서울특별시 강북구 번동(강북유니온빌딩앞 부근),2,2,37.628322,127.042741
2013,보행노인,서울특별시 도봉구1,서울특별시 도봉구 쌍문동(만복중앙교회 부근),4,4,37.649533,127.023249
2013,보행노인,서울특별시 도봉구2,서울특별시 도봉구 창동(창동역서측 부근),4,5,37.652472,127.046164
2013,보행노인,서울특별시 도봉구3,서울특별시 도봉구 쌍문동(연세한의원 부근),4,4,37.658073,127.034164
2013,보행노인,서울특별시 도봉구4,서울특별시 도봉구 도봉동(이화창고 부근),3,3,37.683460,127.046270
2013,보행노인,서울특별시 도봉구5,서울특별시 도봉구 방학동(도봉소방서 부근),3,3,37.664706,127.042416
2013,보행노인,서울특별시 노원구1,서울특별시 노원구 중계동(당현교 부근),4,5,37.647198,127.063088
2013,보행노인,서울특별시 노원구2,서울특별시 노원구 상계동(노원롯데백화점 부근),4,4,37.655352,127.060880
2013,보행노인,서울특별시 노원구3,서울특별시 노원구 월계동(염상국치과의원 부근),4,5,37.616811,127.064318
2013,보행노인,서울특별시 노원구4,서울특별시 노원구 월계동(성북역 부근),3,4,37.623664,127.060164
2013,보행노인,서울특별시 노원구5,서울특별시 노원구 공릉동(공릉역 부근),3,3,37.625367,127.072478
2013,보행노인,서울특별시 노원구6,서울특별시 노원구 상계동(삼정의원 부근),3,3,37.660993,127.071203
2013,보행노인,서울특별시 은평구1,서울특별시 은평구 불광동(연신내사거리 부근),6,6,37.619524,126.920958
2013,보행노인,서울특별시 은평구2,서울특별시 은평구 신사동(증산3교 부근),5,7,37.581045,126.906763
2013,보행노인,서울특별시 은평구3,서울특별시 은평구 불광동(연신초교삼거리 부근),4,4,37.623791,126.930139
2013,보행노인,서울특별시 은평구4,서울특별시 은평구 신사동(새절역 부근),4,4,37.592447,126.914225
2013,보행노인,서울특별시 은평구5,서울특별시 은평구 역촌동(신사오거리 부근),4,4,37.599053,126.915907
2013,보행노인,서울특별시 은평구6,서울특별시 은평구 대조동(역촌사거리 부근),4,4,37.608769,126.920606
2013,보행노인,서울특별시 은평구7,서울특별시 은평구 대조동(불광전화국앞 부근),4,4,37.611830,126.929037
2013,보행노인,서울특별시 은평구8,서울특별시 은평구 불광동(국립보건원 부근),4,4,37.608584,126.931309
2013,보행노인,서울특별시 은평구9,서울특별시 은평구 갈현동(구산역 부근),3,3,37.611486,126.917317
2013,보행노인,서울특별시 서대문구1,서울특별시 서대문구 홍은동(홍은사거리 부근),8,8,37.591303,126.941308
2013,보행노인,서울특별시 서대문구2,서울특별시 서대문구 영천동(교남동사무소 부근),7,7,37.570883,126.961546
2013,보행노인,서울특별시 서대문구3,서울특별시 서대문구 홍제동(서부빌딩 부근),5,5,37.588152,126.944879
2013,보행노인,서울특별시 서대문구4,서울특별시 서대문구 남가좌동(성사중학교 부근),4,4,37.569230,126.914628
2013,보행노인,서울특별시 서대문구5,서울특별시 서대문구 북가좌동(고려가정의학과의원 부근),4,4,37.581603,126.914314
2013,보행노인,서울특별시 서대문구6,서울특별시 서대문구 홍제동(홍은성결교회 부근),3,3,37.592860,126.947466
2013,보행노인,서울특별시 서대문구7,서울특별시 서대문구 연희동(두꺼비주유소앞 부근),3,3,37.566441,126.925324
2013,보행노인,서울특별시 서대문구8,서울특별시 서대문구 연희동(연희프라자 부근),3,3,37.567206,126.930163
2013,보행노인,서울특별시 마포구1,서울특별시 마포구 성산동(평강교회 부근),5,5,37.565585,126.901139
2013,보행노인,서울특별시 마포구2,서울특별시 마포구 용강동(일진빌딩 부근),5,5,37.540610,126.947020
2013,보행노인,서울특별시 마포구3,서울특별시 마포구 도화동(공덕오거리 부근),4,4,37.543860,126.951038
2013,보행노인,서울특별시 마포구4,서울특별시 마포구 창전동(광흥창역 부근),3,3,37.547559,126.931270
2013,보행노인,서울특별시 마포구5,서울특별시 마포구 노고산동(신촌로터리_신촌로_진입 부근),3,3,37.554897,126.936157
2013,보행노인,서울특별시 양천구1,서울특별시 양천구 신월동(샛별유치원 부근),5,6,37.520188,126.835263
2013,보행노인,서울특별시 양천구2,서울특별시 양천구 목동(국일빌딩앞 부근),5,5,37.547300,126.872792
2013,보행노인,서울특별시 양천구3,서울특별시 양천구 신월동(신월사거리 부근),4,4,37.536051,126.828015
2013,보행노인,서울특별시 양천구4,서울특별시 양천구 목동(목동사거리 부근),3,3,37.532973,126.863696
2013,보행노인,서울특별시 강서구1,서울특별시 강서구 화곡동(형제빌딩 부근),5,5,37.532418,126.846350
2013,보행노인,서울특별시 강서구2,서울특별시 강서구 내발산동(발산역_강서로_진입_2 부근),4,4,37.557702,126.837847
2013,보행노인,서울특별시 강서구3,서울특별시 강서구 등촌동(등촌성당 부근),4,4,37.558902,126.846106
2013,보행노인,서울특별시 강서구4,서울특별시 강서구 화곡동(유니스빌딩 부근),4,4,37.547843,126.846149
2013,보행노인,서울특별시 강서구5,서울특별시 강서구 화곡동(까치산식당 부근),3,3,37.539987,126.833918
2013,보행노인,서울특별시 강서구6,서울특별시 강서구 등촌동(조흥은행등촌동지점 부근),3,3,37.555569,126.854072
2013,보행노인,서울특별시 구로구1,서울특별시 구로구 개봉동(조양빌딩 부근),5,5,37.493146,126.856807
2013,보행노인,서울특별시 구로구2,서울특별시 구로구 오류동(대성그린빌라 부근),3,3,37.489021,126.835262
2013,보행노인,서울특별시 구로구3,서울특별시 구로구 고척동(상암빌딩 부근),3,3,37.502221,126.850285
2013,보행노인,서울특별시 금천구1,서울특별시 금천구 시흥동(교촌빌딩 부근),5,5,37.452250,126.901482
2013,보행노인,서울특별시 금천구2,서울특별시 금천구 시흥동(부영빌딩 부근),4,4,37.443577,126.904626
2013,보행노인,서울특별시 영등포구1,서울특별시 영등포구 신길동(대진목재 부근),6,6,37.504482,126.903676
2013,보행노인,서울특별시 영등포구2,서울특별시 영등포구 신길동(영등포농협 부근),5,5,37.511217,126.914300
2013,보행노인,서울특별시 영등포구3,서울특별시 영등포구 영등포동7가(영등포시장역 부근),4,4,37.522699,126.905157
2013,보행노인,서울특별시 영등포구4,서울특별시 영등포구 영등포동(영등포역 부근),4,4,37.516617,126.906954
2013,보행노인,서울특별시 영등포구5,서울특별시 영등포구 대림동(대림공원사거리 부근),4,4,37.491712,126.902515
2013,보행노인,서울특별시 영등포구6,서울특별시 영등포구 영등포동3가(영등포현대아파트 부근),4,4,37.528752,126.904085
2013,보행노인,서울특별시 영등포구7,서울특별시 영등포구 여의도동(한서리버파크 부근),4,4,37.530633,126.925189
2013,보행노인,서울특별시 영등포구8,서울특별시 영등포구 대림동(영등포소방서 부근),3,3,37.496594,126.902610
2013,보행노인,서울특별시 영등포구9,서울특별시 영등포구 영등포동(영등포지하차도(북측) 부근),3,3,37.517771,126.912337
2013,보행노인,서울특별시 영등포구10,서울특별시 영등포구 영등포동7가(남부교육청앞 부근),3,3,37.525084,126.909569
2013,보행노인,서울특별시 영등포구11,서울특별시 영등포구 영등포동(신길2 승리교회 부근),3,3,37.513980,126.911343
2013,보행노인,서울특별시 동작구1,서울특별시 동작구 사당동(사당고가차도(서측) 부근),6,7,37.476490,126.979474
2013,보행노인,서울특별시 동작구2,서울특별시 동작구 흑석동(흑석2동신한은행 부근),5,5,37.507718,126.960938
2013,보행노인,서울특별시 동작구3,서울특별시 동작구 상도동(상도지구대 부근),4,4,37.504154,126.938987
2013,보행노인,서울특별시 동작구4,서울특별시 동작구 사당동(남성역7호선 부근),4,4,37.484920,126.970797
2013,보행노인,서울특별시 동작구5,서울특별시 동작구 사당동(사당시장 부근),3,3,37.483304,126.975908
2013,보행노인,서울특별시 관악구1,서울특별시 관악구 봉천동(관악프라자 부근),7,7,37.484121,126.954938
2013,보행노인,서울특별시 관악구2,서울특별시 관악구 신림동(미림여고입구 부근),6,6,37.471537,126.933909
2013,보행노인,서울특별시 관악구3,서울특별시 관악구 봉천동(현대시장 부근),6,6,37.486838,126.946588
2013,보행노인,서울특별시 관악구4,서울특별시 관악구 신림동(뿌리약국 부근),5,7,37.473764,126.918133
2013,보행노인,서울특별시 관악구5,서울특별시 관악구 봉천동(조강빌딩 부근),4,4,37.479482,126.944164
2013,보행노인,서울특별시 관악구6,서울특별시 관악구 신림동(신대방역 부근),3,4,37.487003,126.913274
2013,보행노인,서울특별시 관악구7,서울특별시 관악구 봉천동(도원맨션 부근),3,3,37.484241,126.939399
2013,보행노인,서울특별시 서초구1,서울특별시 서초구 방배동(삼원빌딩 부근),6,6,37.488152,126.982050
2013,보행노인,서울특별시 서초구2,서울특별시 서초구 방배동(단지빌딩앞 부근),4,4,37.489753,126.991383
2013,보행노인,서울특별시 서초구3,서울특별시 서초구 방배동(삼산빌딩 부근),4,4,37.480583,126.981932
2013,보행노인,서울특별시 서초구4,서울특별시 서초구 양재동(양재역_남부순환로_진입_1 부근),3,3,37.484597,127.035011
2013,보행노인,서울특별시 강남구1,서울특별시 강남구 개포동(구룡마을입구 부근),3,4,37.479204,127.064982
2013,보행노인,서울특별시 송파구1,서울특별시 송파구 가락동(가락지하차도(동측) 부근),5,5,37.495329,127.110419
2013,보행노인,서울특별시 송파구2,서울특별시 송파구 가락동(문정동우체국 부근),3,3,37.490618,127.112636
2013,보행노인,서울특별시 송파구3,서울특별시 송파구 거여동(거여사거리_오금로_진입 부근),3,3,37.494221,127.142107
2013,보행노인,서울특별시 송파구4,서울특별시 송파구 가락동(GS마트입구 부근),3,3,37.492165,127.116753
2013,보행노인,서울특별시 강동구1,서울특별시 강동구 성내동(성내중고 부근),5,5,37.530062,127.132336
2013,보행노인,서울특별시 강동구2,서울특별시 강동구 길동(강동한시휴플러스 부근),4,4,37.535865,127.136980
2013,보행노인,서울특별시 강동구3,서울특별시 강동구 고덕동(고덕삼거리 부근),4,4,37.557231,127.170359
2013,보행노인,서울특별시 강동구4,서울특별시 강동구 천호동(천호지하차도(남측) 부근),3,3,37.537837,127.125482
2013,보행노인,경기도 수원시 장안구1,경기도 수원시 장안구 영화동(정자사거리 부근),4,4,37.290573,127.003323
2013,보행노인,경기도 수원시 장안구2,경기도 수원시 장안구 영화동(교육청사거리 부근),3,4,37.291408,127.017598
2013,보행노인,경기도 수원시 장안구3,경기도 수원시 장안구 조원동(조원동삼거리 부근),3,3,37.299293,127.017740
2013,보행노인,경기도 수원시 장안구4,경기도 수원시 장안구 율전동((주)코레일개발(성균관대역) 부근),3,3,37.300436,126.972373
2013,보행노인,경기도 수원시 권선구1,경기도 수원시 권선구 세류동(신한카드(주)수원카드지점중앙영업소 부근),4,4,37.263846,127.002171
2013,보행노인,경기도 수원시 권선구2,경기도 수원시 권선구 세류동(터미널사거리 부근),4,4,37.249800,127.018451
2013,보행노인,경기도 수원시 팔달구1,경기도 수원시 팔달구 신풍동(종로삼거리 부근),5,7,37.281989,127.016511
2013,보행노인,경기도 수원시 팔달구2,경기도 수원시 팔달구 팔달로1가(팔달문로터리 부근),5,5,37.277439,127.016236
2013,보행노인,경기도 수원시 팔달구3,경기도 수원시 팔달구 인계동(시청사거리 부근),4,4,37.263490,127.025269
2013,보행노인,경기도 수원시 팔달구4,경기도 수원시 팔달구 매교동(도청사거리 부근),4,5,37.268990,127.008910
2013,보행노인,경기도 성남시 수정구1,경기도 성남시 수정구 수진동(수진역사거리 부근),5,5,37.437699,127.141084
2013,보행노인,경기도 성남시 수정구2,경기도 성남시 수정구 수진동(모란사거리 부근),4,4,37.435264,127.128595
2013,보행노인,경기도 성남시 수정구3,경기도 성남시 수정구 태평동(중앙시장사거리 부근),4,5,37.441373,127.133418
2013,보행노인,경기도 성남시 중원구1,경기도 성남시 중원구 성남동(모란시장사거리 부근),6,6,37.430664,127.129385
2013,보행노인,경기도 성남시 중원구2,경기도 성남시 중원구 중앙동(반석제일교회 부근),4,4,37.443342,127.158597
2013,보행노인,경기도 성남시 중원구3,경기도 성남시 중원구 상대원동(상대원시장앞 부근),4,4,37.436072,127.158189
2013,보행노인,경기도 성남시 중원구4,경기도 성남시 중원구 상대원동(한독약국 부근),3,3,37.439792,127.159251
2013,보행노인,경기도 성남시 분당구1,경기도 성남시 분당구 야탑동(야탑사거리 부근),3,3,37.416704,127.128640
2013,보행노인,경기도 용인시 기흥구1,경기도 용인시 기흥구 신갈동(신갈오거리 부근),3,3,37.271831,127.105678
2013,보행노인,경기도 용인시 수지구1,경기도 용인시 수지구 풍덕천동(동보1차아파트 부근),3,3,37.325956,127.096682
2013,보행노인,경기도 용인시 수지구2,경기도 용인시 수지구 죽전동(POLO(죽전점) 부근),3,3,37.327734,127.108878
2013,자전거,서울특별시 중구1,서울특별시 중구 무학동(신당역 부근),4,4,37.565283,127.016336
2013,자전거,서울특별시 용산구1,서울특별시 용산구 한강로3가(용산대우드림월드3차 부근),7,7,37.522716,126.961816
2013,자전거,서울특별시 용산구2,서울특별시 용산구 이촌동(강변북로-이촌동길램프(8) 부근),4,5,37.517778,126.969217
2013,자전거,서울특별시 용산구3,서울특별시 용산구 서빙고동(강변북로-반포로램프(1) 부근),4,5,37.518339,126.994914
2013,자전거,서울특별시 성동구1,서울특별시 성동구 성수동2가(성원중학교 부근),8,9,37.538013,127.050403
2013,자전거,서울특별시 성동구2,서울특별시 성동구 성수동1가(경동초교입구사거리 부근),8,9,37.546585,127.049726
2013,자전거,서울특별시 성동구3,서울특별시 성동구 성수동1가(경동초교오거리 부근),8,9,37.542881,127.048995
2013,자전거,서울특별시 성동구4,서울특별시 성동구 송정동(화양4거리 부근),5,5,37.548180,127.063973
2013,자전거,서울특별시 성동구5,서울특별시 성동구 마장동(77번종점 부근),4,5,37.567543,127.044981
2013,자전거,서울특별시 성동구6,서울특별시 성동구 성수동1가(살곶이길삼거리 부근),4,4,37.550999,127.051150
2013,자전거,서울특별시 광진구1,서울특별시 광진구 자양동(자양2동사거리 부근),7,7,37.532325,127.085465
2013,자전거,서울특별시 광진구2,서울특별시 광진구 자양동(신양초교앞 부근),7,7,37.535085,127.069835
2013,자전거,서울특별시 광진구3,서울특별시 광진구 광장동(아차산역 부근),6,6,37.549437,127.091885
2013,자전거,서울특별시 광진구4,서울특별시 광진구 자양동(동부간선도로-강변북로램프(7) 부근),6,6,37.529959,127.071244
2013,자전거,서울특별시 광진구5,서울특별시 광진구 자양동(광진하나플러스 부근),6,6,37.529654,127.076833
2013,자전거,서울특별시 광진구6,서울특별시 광진구 자양동(강변북로-일반국도3호선램프(9) 부근),5,5,37.527475,127.082745
2013,자전거,서울특별시 광진구7,서울특별시 광진구 중곡동(군자역 부근),5,5,37.558353,127.080147
2013,자전거,서울특별시 광진구8,서울특별시 광진구 자양동(삼풍빌딩 부근),4,4,37.537233,127.060899
2013,자전거,서울특별시 광진구9,서울특별시 광진구 화양동(화양삼거리 부근),4,4,37.548005,127.070591
2013,자전거,서울특별시 광진구10,서울특별시 광진구 구의동(구의사거리 부근),4,4,37.544983,127.084725
2013,자전거,서울특별시 동대문구1,서울특별시 동대문구 제기동(홍파초교 부근),11,12,37.586605,127.038504
2013,자전거,서울특별시 동대문구2,서울특별시 동대문구 용두동(성심의원_고산자로_진입_1 부근),10,10,37.574223,127.038293
2013,자전거,서울특별시 동대문구3,서울특별시 동대문구 장안동(장한평역_장한로_진출_1 부근),9,9,37.563028,127.065566
2013,자전거,서울특별시 동대문구4,서울특별시 동대문구 제기동(제기사거리 부근),8,8,37.582841,127.038546
2013,자전거,서울특별시 동대문구5,서울특별시 동대문구 답십리동(동부시장 부근),7,7,37.566828,127.053087
2013,자전거,서울특별시 동대문구6,서울특별시 동대문구 휘경동(위생병원앞 부근),6,6,37.590603,127.064508
2013,자전거,서울특별시 동대문구7,서울특별시 동대문구 용두동(청계천대성스카이렉스 부근),6,6,37.569987,127.030972
2013,자전거,서울특별시 동대문구8,서울특별시 동대문구 장안동(세현빌딩 부근),6,6,37.571857,127.068069
2013,자전거,서울특별시 동대문구9,서울특별시 동대문구 휘경동(회기역앞 부근),6,8,37.590111,127.055779
2013,자전거,서울특별시 동대문구10,서울특별시 동대문구 장안동(삼부빌딩 부근),6,6,37.573413,127.072136
2013,자전거,서울특별시 동대문구11,서울특별시 동대문구 답십리동(신답역_사가정길_진출_1 부근),6,6,37.570311,127.048924
2013,자전거,서울특별시 동대문구12,서울특별시 동대문구 청량리동(청량리경찰서 부근),6,6,37.583300,127.044276
2013,자전거,서울특별시 동대문구13,서울특별시 동대문구 답십리동(성동구-동대문구경계(3) 부근),5,5,37.562929,127.057918
2013,자전거,서울특별시 동대문구14,서울특별시 동대문구 장안동(장안2단지 부근),5,5,37.574981,127.076981
2013,자전거,서울특별시 동대문구15,서울특별시 동대문구 장안동(동부간선도로-천호대로램프(8) 부근),5,6,37.566044,127.073481
2013,자전거,서울특별시 동대문구16,서울특별시 동대문구 장안동(동탑초등학교 부근),5,5,37.569526,127.064186
2013,자전거,서울특별시 동대문구17,서울특별시 동대문구 신설동(황학교(남단)_청계천로_진입_1 부근),4,4,37.571371,127.025139
2013,자전거,서울특별시 동대문구18,서울특별시 동대문구 장안동(승용빌딩 부근),4,4,37.566467,127.068133
2013,자전거,서울특별시 동대문구19,서울특별시 동대문구 휘경동(우영목욕탕 부근),4,4,37.593644,127.058378
2013,자전거,서울특별시 동대문구20,서울특별시 동대문구 용두동(용두동사거리 부근),4,4,37.577727,127.030379
2013,자전거,서울특별시 중랑구1,서울특별시 중랑구 상봉동(제일은행 부근),8,8,37.595229,127.080976
2013,자전거,서울특별시 중랑구2,서울특별시 중랑구 상봉동(상봉시장앞 부근),7,7,37.592880,127.086671
2013,자전거,서울특별시 중랑구3,서울특별시 중랑구 면목동(장안교_사가정길_진입_1 부근),7,7,37.581302,127.080151
2013,자전거,서울특별시 중랑구4,서울특별시 중랑구 중화동(중화역 부근),7,7,37.601679,127.079653
2013,자전거,서울특별시 중랑구5,서울특별시 중랑구 망우동(성누가의원 부근),6,6,37.598928,127.100389
2013,자전거,서울특별시 중랑구6,서울특별시 중랑구 면목동(중랑전화국 부근),6,6,37.591144,127.079690
2013,자전거,서울특별시 중랑구7,서울특별시 중랑구 면목동(면목2동사거리 부근),5,5,37.586600,127.079840
2013,자전거,서울특별시 중랑구8,서울특별시 중랑구 신내동(신내길진입로2 부근),5,5,37.615773,127.094697
2013,자전거,서울특별시 중랑구9,서울특별시 중랑구 상봉동(상봉역 부근),4,4,37.596345,127.085371
2013,자전거,서울특별시 중랑구10,서울특별시 중랑구 망우동(상봉2지구대 부근),4,4,37.598813,127.095543
2013,자전거,서울특별시 성북구1,서울특별시 성북구 석관동(장위사거리 부근),6,7,37.613631,127.059800
2013,자전거,서울특별시 성북구2,서울특별시 성북구 하월곡동(북부간선도로-내부순환로램프(2) 부근),5,6,37.602887,127.035890
2013,자전거,서울특별시 성북구3,서울특별시 성북구 하월곡동(미아사거리_미아로_진출_1 부근),4,4,37.608647,127.030062
2013,자전거,서울특별시 성북구4,서울특별시 성북구 장위동(석관우체국 부근),4,4,37.608484,127.052674
2013,자전거,서울특별시 강북구1,서울특별시 강북구 번동(김홍석치과 부근),7,7,37.639930,127.027851
2013,자전거,서울특별시 강북구2,서울특별시 강북구 미아동(롯데백화점 부근),5,5,37.613806,127.030093
2013,자전거,서울특별시 강북구3,서울특별시 강북구 수유동(한성빌딩 부근),5,5,37.639049,127.022729
2013,자전거,서울특별시 도봉구1,서울특별시 도봉구 창동(극동방송문화센터 부근),7,7,37.654051,127.051660
2013,자전거,서울특별시 도봉구2,서울특별시 도봉구 방학동(LG대경주유소 부근),7,7,37.666058,127.043042
2013,자전거,서울특별시 도봉구3,서울특별시 도봉구 방학동(해암상가 부근),4,4,37.662778,127.038535
2013,자전거,서울특별시 도봉구4,서울특별시 도봉구 쌍문동(쌍문3파출소 부근),4,4,37.647287,127.025616
2013,자전거,서울특별시 도봉구5,서울특별시 도봉구 방학동(방학신동아APT 부근),4,4,37.661853,127.031878
2013,자전거,서울특별시 도봉구6,서울특별시 도봉구 창동(창림초교 부근),4,4,37.641259,127.039622
2013,자전거,서울특별시 도봉구7,서울특별시 도봉구 쌍문동(정의여중입구 부근),4,4,37.651473,127.036587
2013,자전거,서울특별시 노원구1,서울특별시 노원구 상계동(노원구청 부근),6,7,37.653391,127.056360
2013,자전거,서울특별시 노원구2,서울특별시 노원구 중계동(당현교 부근),5,5,37.646739,127.063452
2013,자전거,서울특별시 노원구3,서울특별시 노원구 상계동(상계7~9단지_노원길_진입_1 부근),5,5,37.660728,127.059511
2013,자전거,서울특별시 노원구4,서울특별시 노원구 중계동(불암초등교 부근),4,4,37.650649,127.080495
2013,자전거,서울특별시 노원구5,서울특별시 노원구 중계동(상계한의원 부근),4,4,37.660218,127.073894
2013,자전거,서울특별시 노원구6,서울특별시 노원구 상계동(노원초교 부근),4,4,37.675843,127.055627
2013,자전거,서울특별시 노원구7,서울특별시 노원구 상계동(성임빌딩 부근),4,4,37.656290,127.061884
2013,자전거,서울특별시 노원구8,서울특별시 노원구 상계동(부흥빌딩 부근),4,4,37.671441,127.055932
2013,자전거,서울특별시 은평구1,서울특별시 은평구 갈현동(구산역 부근),6,6,37.611547,126.917277
2013,자전거,서울특별시 은평구2,서울특별시 은평구 역촌동(권필제동물병원 부근),5,5,37.601535,126.918731
2013,자전거,서울특별시 은평구3,서울특별시 은평구 갈현동(갈현동먹자골목 부근),5,5,37.618128,126.919971
2013,자전거,서울특별시 은평구4,서울특별시 은평구 구산동(구산사거리 부근),5,5,37.612614,126.911470
2013,자전거,서울특별시 은평구5,서울특별시 은평구 역촌동(신사오거리 부근),5,5,37.599236,126.916086
2013,자전거,서울특별시 은평구6,서울특별시 은평구 신사동(증산주유소 부근),4,5,37.582133,126.907690
2013,자전거,서울특별시 은평구7,서울특별시 은평구 신사동(새절역 부근),4,4,37.592854,126.913801
2013,자전거,서울특별시 서대문구1,서울특별시 서대문구 남가좌동(봉산빌딩 부근),4,4,37.580574,126.936007
2013,자전거,서울특별시 마포구1,서울특별시 마포구 서교동(서교사거리 부근),5,5,37.552652,126.918172
2013,자전거,서울특별시 마포구2,서울특별시 마포구 성산동(월드컵경기장_일반국도1호선_진 부근),4,4,37.567668,126.894300
2013,자전거,서울특별시 마포구3,서울특별시 마포구 망원동(망원성원APT 부근),4,4,37.556492,126.901080
2013,자전거,서울특별시 마포구4,서울특별시 마포구 연남동(로얄빌딩 부근),4,4,37.562162,126.919660
2013,자전거,서울특별시 마포구5,서울특별시 마포구 공덕동(공덕오거리 부근),4,4,37.544163,126.951168
2013,자전거,서울특별시 양천구1,서울특별시 양천구 신정동(양천구청 부근),8,8,37.517189,126.866349
2013,자전거,서울특별시 양천구2,서울특별시 양천구 신정동(갈산초교삼거리_등촌로_진입 부근),7,7,37.510823,126.871463
2013,자전거,서울특별시 양천구3,서울특별시 양천구 신월동(화곡고가사거리 부근),6,6,37.527932,126.848781
2013,자전거,서울특별시 양천구4,서울특별시 양천구 목동(목동초등학교 부근),6,6,37.523470,126.871284
2013,자전거,서울특별시 양천구5,서울특별시 양천구 신정동(신정네거리역 부근),5,5,37.521398,126.852198
2013,자전거,서울특별시 양천구6,서울특별시 양천구 목동(영도중 부근),5,5,37.533937,126.869670
2013,자전거,서울특별시 양천구7,서울특별시 양천구 신정동(동은빌딩 부근),5,5,37.521639,126.857432
2013,자전거,서울특별시 양천구8,서울특별시 양천구 목동(목동2.3단지 부근),5,6,37.535513,126.876199
2013,자전거,서울특별시 양천구9,서울특별시 양천구 신월동(신길제1동하나은행 부근),4,4,37.530286,126.837477
2013,자전거,서울특별시 강서구1,서울특별시 강서구 공항동(우리은행내발산 부근),5,5,37.553686,126.836742
2013,자전거,서울특별시 강서구2,서울특별시 강서구 등촌동(삼성홈플러스강서점 부근),4,4,37.559160,126.853950
2013,자전거,서울특별시 강서구3,서울특별시 강서구 등촌동(강서구청입구_화곡로_진출_4 부근),4,4,37.555630,126.852218
2013,자전거,서울특별시 구로구1,서울특별시 구로구 구로동(구로디지털단지역 부근),6,6,37.484501,126.902957
2013,자전거,서울특별시 구로구2,서울특별시 구로구 구로동(거리공원_거리공원길_진입 부근),6,6,37.501427,126.890586
2013,자전거,서울특별시 구로구3,서울특별시 구로구 오류동(시티월드앞 부근),5,6,37.494423,126.840209
2013,자전거,서울특별시 구로구4,서울특별시 구로구 구로동(구로이화우성아파트_구로큰길_진 부근),5,6,37.491600,126.891869
2013,자전거,서울특별시 구로구5,서울특별시 구로구 개봉동(개봉고가차도(남측) 부근),5,5,37.491334,126.856054
2013,자전거,서울특별시 구로구6,서울특별시 구로구 구로동(고대구로병원_구로동길_진출 부근),5,5,37.493472,126.883294
2013,자전거,서울특별시 구로구7,서울특별시 구로구 가리봉동(공단오거리 부근),4,4,37.479502,126.889796
2013,자전거,서울특별시 구로구8,서울특별시 구로구 구로동(구로구청구의회 부근),4,4,37.495526,126.889371
2013,자전거,서울특별시 금천구1,서울특별시 금천구 시흥동(시흥사거리 부근),7,7,37.454580,126.900590
2013,자전거,서울특별시 영등포구1,서울특별시 영등포구 문래동5가(신정교(동단) 부근),8,9,37.515842,126.882352
2013,자전거,서울특별시 영등포구2,서울특별시 영등포구 여의도동(여의하류IC20 부근),7,7,37.532577,126.924348
2013,자전거,서울특별시 영등포구3,서울특별시 영등포구 대림동(대림사거리 부근),7,7,37.489124,126.906595
2013,자전거,서울특별시 영등포구4,서울특별시 영등포구 여의도동(마포대교남단_여의서로_진입 부근),7,10,37.529444,126.928736
2013,자전거,서울특별시 영등포구5,서울특별시 영등포구 여의도동(여의나루역 부근),7,8,37.526892,126.932686
2013,자전거,서울특별시 영등포구6,서울특별시 영등포구 당산동6가(노들길-선유로램프(1) 부근),7,8,37.536514,126.898941
2013,자전거,서울특별시 영등포구7,서울특별시 영등포구 양화동(올림픽대로램프(8) 부근),6,8,37.547375,126.889198
2013,자전거,서울특별시 영등포구8,서울특별시 영등포구 여의도동(원효대교사거리_여의동로_진입 부근),6,8,37.524341,126.936083
2013,자전거,서울특별시 영등포구9,서울특별시 영등포구 대림동(대림우성아파트사거리_도림로_진 부근),6,6,37.495313,126.900299
2013,자전거,서울특별시 영등포구10,서울특별시 영등포구 대림동(대림3동사거리_가마산길_진출_2 부근),6,6,37.498858,126.895720
2013,자전거,서울특별시 영등포구11,서울특별시 영등포구 당산동1가(노들길-일반국도6호선램프(2) 부근),5,5,37.537735,126.903414
2013,자전거,서울특별시 영등포구12,서울특별시 영등포구 여의도동(시범아파트앞_여의동로_진입 부근),5,5,37.520550,126.940789
2013,자전거,서울특별시 영등포구13,서울특별시 영등포구 대림동(대림공원사거리 부근),5,5,37.492536,126.903358
2013,자전거,서울특별시 영등포구14,서울특별시 영등포구 당산동4가(보라빌딩 부근),4,4,37.529734,126.898667
2013,자전거,서울특별시 영등포구15,서울특별시 영등포구 양평동2가(서부간선도로-양평로램프(4) 부근),4,4,37.540421,126.889082
2013,자전거,서울특별시 영등포구16,서울특별시 영등포구 신길동(신길광장공원앞 부근),4,4,37.499697,126.905295
2013,자전거,서울특별시 동작구1,서울특별시 동작구 본동(노들길-한강로램프(1) 부근),6,8,37.514203,126.955637
2013,자전거,서울특별시 동작구2,서울특별시 동작구 흑석동(중앙대입구교차로 부근),5,5,37.509294,126.965698
2013,자전거,서울특별시 동작구3,서울특별시 동작구 신대방동(신림우방아파트 부근),5,5,37.490881,126.916160
2013,자전거,서울특별시 동작구4,서울특별시 동작구 노량진동(노량진삼거리 부근),4,4,37.513516,126.939979
2013,자전거,서울특별시 관악구1,서울특별시 관악구 봉천동(당곡사거리 부근),8,8,37.489338,126.928306
2013,자전거,서울특별시 관악구2,서울특별시 관악구 신림동(신림4동사무소입구 부근),7,7,37.483773,126.914088
2013,자전거,서울특별시 관악구3,서울특별시 관악구 신림동(프레콘빌딩 부근),6,6,37.484326,126.932015
2013,자전거,서울특별시 관악구4,서울특별시 관악구 봉천동(은천길입구_은천길_진입 부근),6,6,37.486597,126.935242
2013,자전거,서울특별시 관악구5,서울특별시 관악구 신림동(국민건강보험공단앞 부근),5,5,37.479698,126.914920
2013,자전거,서울특별시 관악구6,서울특별시 관악구 신림동(구로전화국_남부순환로_진출 부근),4,4,37.480301,126.905285
2013,자전거,서울특별시 서초구1,서울특별시 서초구 방배동(서초구-동작구경계(2) 부근),6,7,37.499842,126.984989
2013,자전거,서울특별시 서초구2,서울특별시 서초구 방배동(이수역_사당로_진출_2 부근),5,5,37.484951,126.980930
2013,자전거,서울특별시 강남구1,서울특별시 강남구 일원동(대모산입구역 부근),5,5,37.491561,127.072839
2013,자전거,서울특별시 강남구2,서울특별시 강남구 수서동(강남스포츠문화센터 부근),4,5,37.489458,127.105451
2013,자전거,서울특별시 송파구1,서울특별시 송파구 잠실동(올림픽대로-백제고분로램프(3) 부근),9,12,37.518479,127.080710
2013,자전거,서울특별시 송파구2,서울특별시 송파구 가락동(가락시장 부근),7,8,37.497815,127.113781
2013,자전거,서울특별시 송파구3,서울특별시 송파구 잠실동(잠실사거리 부근),7,7,37.511940,127.092288
2013,자전거,서울특별시 송파구4,서울특별시 송파구 풍납동(영파여중고앞 부근),7,7,37.533288,127.120918
2013,자전거,서울특별시 송파구5,서울특별시 송파구 송파동(가락중고교 부근),7,7,37.501302,127.117763
2013,자전거,서울특별시 송파구6,서울특별시 송파구 잠실동(우남빌딩 부근),6,7,37.506727,127.079752
2013,자전거,서울특별시 송파구7,서울특별시 송파구 풍납동(세제빌딩 부근),6,6,37.526550,127.118368
2013,자전거,서울특별시 송파구8,서울특별시 송파구 석촌동(석촌호수남(석촌사거리) 부근),6,6,37.507653,127.102094
2013,자전거,서울특별시 송파구9,서울특별시 송파구 방이동(올림픽프라자 부근),6,6,37.516422,127.131078
2013,자전거,서울특별시 송파구10,서울특별시 송파구 방이동(방이사거리 부근),6,6,37.510458,127.112070
2013,자전거,서울특별시 송파구11,서울특별시 송파구 삼전동(삼전사거리 부근),6,6,37.502989,127.089261
2013,자전거,서울특별시 송파구12,서울특별시 송파구 잠실동(올림픽로-봉상시길_진입 부근),6,6,37.511674,127.079920
2013,자전거,서울특별시 송파구13,서울특별시 송파구 송파동(송파사거리 부근),6,7,37.501217,127.110992
2013,자전거,서울특별시 송파구14,서울특별시 송파구 신천동(송파구청 부근),5,5,37.515325,127.106487
2013,자전거,서울특별시 송파구15,서울특별시 송파구 잠실동(신천역 부근),5,5,37.511745,127.085613
2013,자전거,서울특별시 송파구16,서울특별시 송파구 오금동(방이역 부근),5,5,37.508590,127.126070
2013,자전거,서울특별시 송파구17,서울특별시 송파구 잠실동(올림픽대로-백제고분로램프(5) 부근),5,6,37.519123,127.074726
2013,자전거,서울특별시 송파구18,서울특별시 송파구 방이동(올림픽공원남4문 부근),5,6,37.516179,127.115883
2013,자전거,서울특별시 송파구19,서울특별시 송파구 삼전동(배명로터리 부근),5,5,37.501594,127.097449
2013,자전거,서울특별시 송파구20,서울특별시 송파구 송파동(오금로-남부순환로_진출_2 부근),5,5,37.504907,127.123493
2013,자전거,서울특별시 송파구21,서울특별시 송파구 오금동(인애가한방병원 부근),5,6,37.505591,127.133769
2013,자전거,서울특별시 송파구22,서울특별시 송파구 석촌동(석촌호수(서호) 부근),5,5,37.506570,127.097046
2013,자전거,서울특별시 송파구23,서울특별시 송파구 가락동(GS마트입구 부근),5,5,37.492209,127.117335
2013,자전거,서울특별시 송파구24,서울특별시 송파구 삼전동(잠실3동파출소앞_삼전로_진입_1 부근),5,5,37.508034,127.091184
2013,자전거,서울특별시 송파구25,서울특별시 송파구 문정동(가락동한신아파트_로데오거리_진 부근),5,5,37.488954,127.121674
2013,자전거,서울특별시 송파구26,서울특별시 송파구 가락동(가락시장입구 부근),5,5,37.495673,127.108253
2013,자전거,서울특별시 송파구27,서울특별시 송파구 잠실동(올림픽대로-일반국도3호선램프(1 부근),5,5,37.518677,127.086993
2013,자전거,서울특별시 송파구28,서울특별시 송파구 송파동(수림빌딩 부근),5,5,37.509993,127.105669
2013,자전거,서울특별시 송파구29,서울특별시 송파구 신천동(올림픽대로-일반국도3호선램프(1 부근),4,4,37.516089,127.098081
2013,자전거,서울특별시 송파구30,서울특별시 송파구 풍납동(천호사거리 부근),4,4,37.538529,127.123407
2013,자전거,서울특별시 송파구31,서울특별시 송파구 가락동(가락본동한화오벨리스크앞 부근),4,4,37.494109,127.121778
2013,자전거,서울특별시 송파구32,서울특별시 송파구 거여동(거여사거리_오금로_진입 부근),4,4,37.494092,127.142127
2013,자전거,서울특별시 강동구1,서울특별시 강동구 성내동(길동사거리_둔촌로_진입_2 부근),8,8,37.533284,127.138202
2013,자전거,서울특별시 강동구2,서울특별시 강동구 둔촌동(둔촌사거리 부근),7,7,37.521677,127.134322
2013,자전거,서울특별시 강동구3,서울특별시 강동구 천호동(천호시장 부근),6,6,37.540487,127.126997
2013,자전거,서울특별시 강동구4,서울특별시 강동구 성내동(다성빌딩 부근),6,6,37.523382,127.129088
2013,자전거,서울특별시 강동구5,서울특별시 강동구 길동(천동초교입구 부근),6,6,37.539949,127.140889
2013,자전거,서울특별시 강동구6,서울특별시 강동구 둔촌동(둔촌고교입구_일반국도43호선_진 부근),6,6,37.535157,127.144783
2013,자전거,서울특별시 강동구7,서울특별시 강동구 천호동(천호동공원 부근),5,5,37.545443,127.125784
2013,자전거,서울특별시 강동구8,서울특별시 강동구 성내동(삼성A상가 부근),5,5,37.531343,127.127324
2013,자전거,서울특별시 강동구9,서울특별시 강동구 고덕동(E마트 부근),4,4,37.555811,127.158418
2013,자전거,서울특별시 강동구10,서울특별시 강동구 둔촌동(신성은하수아파트(101동) 부근),4,4,37.528907,127.140738
2013,자전거,서울특별시 강동구11,서울특별시 강동구 성내동(둔촌동역 부근),4,4,37.529178,127.135386
2013,자전거,서울특별시 강동구12,서울특별시 강동구 천호동(천일초교 부근),4,4,37.544408,127.132450
2013,자전거,경기도 수원시 장안구1,경기도 수원시 장안구 조원동(장안구청사거리 부근),6,7,37.301881,127.009301
2013,자전거,경기도 수원시 장안구2,경기도 수원시 장안구 송죽동(경남아너스빌 부근),6,6,37.301006,126.996997
2013,자전거,경기도 수원시 장안구3,경기도 수원시 장안구 천천동(금두꺼비부대찌게 부근),5,5,37.300729,126.981235
2013,자전거,경기도 수원시 장안구4,경기도 수원시 장안구 송죽동(초대중앙교회 부근),4,4,37.307232,127.003068
2013,자전거,경기도 수원시 팔달구1,경기도 수원시 팔달구 인계동(시청사거리 부근),4,4,37.262988,127.027036
2013,자전거,경기도 수원시 팔달구2,경기도 수원시 팔달구 인계동(인계사거리 부근),4,4,37.268254,127.027333
2013,자전거,경기도 수원시 팔달구3,경기도 수원시 팔달구 교동(교동사거리 부근),4,4,37.272883,127.016302
2013,자전거,경기도 수원시 영통구1,경기도 수원시 영통구 매탄동(김밥월드매탄점 부근),4,5,37.264258,127.045008
2013,자전거,경기도 수원시 영통구2,경기도 수원시 영통구 매탄동(한성오토바이 부근),4,4,37.268673,127.049132
2013,보행어린이,서울특별시 종로구1,서울특별시 종로구 사직동(매동길-일반국도48호선진입로 부근),3,3,37.576041,126.969075
2013,보행어린이,서울특별시 중구1,서울특별시 중구 신당동(남양알로에 부근),5,5,37.560439,127.012678
2013,보행어린이,서울특별시 중구2,서울특별시 중구 신당동(약수역_다산로_진출_2 부근),4,5,37.555718,127.011329
2013,보행어린이,서울특별시 광진구1,서울특별시 광진구 중곡동(신성시장 부근),3,3,37.557952,127.088880
2013,보행어린이,서울특별시 동대문구1,서울특별시 동대문구 장안동(나나약국 부근),4,5,37.567597,127.072327
2013,보행어린이,서울특별시 동대문구2,서울특별시 동대문구 이문동(외대앞역앞교차로 부근),4,4,37.594689,127.064533
2013,보행어린이,서울특별시 중랑구1,서울특별시 중랑구 신내동(중랑구청사거리 부근),4,4,37.606741,127.095253
2013,보행어린이,서울특별시 성북구1,서울특별시 성북구 정릉동(정릉입구 부근),4,4,37.604612,127.012303
2013,보행어린이,서울특별시 성북구2,서울특별시 성북구 돈암동(한신한진아파트208동 부근),3,3,37.597094,127.012437
2013,보행어린이,서울특별시 강북구1,서울특별시 강북구 미아동(삼양입구사거리 부근),3,4,37.616914,127.030211
2013,보행어린이,서울특별시 강북구2,서울특별시 강북구 미아동(삼양시장 부근),3,4,37.623925,127.018607
2013,보행어린이,서울특별시 강북구3,서울특별시 강북구 번동(번동주공아파트(306동) 부근),3,3,37.628080,127.040830
2013,보행어린이,서울특별시 도봉구1,서울특별시 도봉구 쌍문동(동광판유리 부근),4,4,37.650605,127.026577
2013,보행어린이,서울특별시 도봉구2,서울특별시 도봉구 도봉동(도봉보건소 부근),3,3,37.657199,127.037893
2013,보행어린이,서울특별시 은평구1,서울특별시 은평구 응암동(선학수련원 부근),4,4,37.601485,126.928721
2013,보행어린이,서울특별시 은평구2,서울특별시 은평구 갈현동(선일여고입구 부근),3,5,37.619114,126.915331
2013,보행어린이,서울특별시 은평구3,서울특별시 은평구 불광동(연천초교길-연서로진입로 부근),3,3,37.621656,126.926438
2013,보행어린이,서울특별시 양천구1,서울특별시 양천구 신월동(월정초교정문앞 부근),5,5,37.533412,126.836293
2013,보행어린이,서울특별시 강서구1,서울특별시 강서구 화곡동(상록수주택 부근),4,4,37.542590,126.846733
2013,보행어린이,서울특별시 강서구2,서울특별시 강서구 화곡동(화곡역_화곡로_진입_2 부근),3,3,37.541021,126.839976
2013,보행어린이,서울특별시 구로구1,서울특별시 구로구 구로동(두산아파트 부근),4,4,37.488860,126.890297
2013,보행어린이,서울특별시 구로구2,서울특별시 구로구 구로동(구로4동우체국 부근),3,3,37.488898,126.883713
2013,보행어린이,서울특별시 금천구1,서울특별시 금천구 독산동(독산목화아파트 부근),4,4,37.476137,126.903474
2013,보행어린이,서울특별시 영등포구1,서울특별시 영등포구 여의도동(마포대교남단 부근),4,4,37.529371,126.929372
2013,보행어린이,서울특별시 영등포구2,서울특별시 영등포구 신길동(신흥제4동사무소 부근),3,3,37.507646,126.911116
2013,보행어린이,서울특별시 동작구1,서울특별시 동작구 흑석동(중앙대부속중학교 부근),3,3,37.504105,126.960819
2013,보행어린이,서울특별시 송파구1,서울특별시 송파구 문정동(대명빌딩 부근),3,3,37.483090,127.128730
2013,보행어린이,서울특별시 강동구1,서울특별시 강동구 성내동(성일초교 부근),3,3,37.531705,127.130255
2013,보행어린이,경기도 수원시 영통구1,경기도 수원시 영통구 매탄동(동원컴퓨터게임장 부근),3,3,37.269663,127.046332
2013,보행어린이,경기도 성남시 수정구1,경기도 성남시 수정구 신흥동(예일병원사거리 부근),5,5,37.443060,127.142914
2013,보행어린이,경기도 성남시 수정구2,경기도 성남시 수정구 태평동(탄리사거리 부근),4,4,37.443464,127.134215
2013,보행어린이,경기도 성남시 수정구3,경기도 성남시 수정구 태평동(한전 사거리 부근),3,3,37.444777,127.130028
2013,보행어린이,경기도 성남시 중원구1,경기도 성남시 중원구 하대원동(피노키오음악학원 부근),4,7,37.429470,127.148627
2013,보행어린이,경기도 성남시 중원구2,경기도 성남시 중원구 금광동(썬빌라 부근),3,3,37.444920,127.159748
2013,보행어린이,경기도 용인시 기흥구1,경기도 용인시 기흥구 공세동(모도리음악학원 부근),3,3,37.244067,127.108168
2014,스쿨존어린이,서울특별시 동대문구1,서울특별시 동대문구 장안동(장평초교 부근),2,2,37.574149,127.073932
2014,스쿨존어린이,서울특별시 도봉구1,서울특별시 도봉구 창동(창림초교 부근),2,2,37.643089,127.039227
2014,스쿨존어린이,서울특별시 노원구1,서울특별시 노원구 상계동(노원초교 부근),1,7,37.674562,127.060159
2014,스쿨존어린이,서울특별시 은평구1,서울특별시 은평구 갈현동(갈현초교 부근),3,3,37.620048,126.916366
2014,스쿨존어린이,서울특별시 은평구2,서울특별시 은평구 구산동(예일초교 부근),2,2,37.609478,126.915043
2014,스쿨존어린이,서울특별시 양천구1,서울특별시 양천구 목동(서정초교 부근),2,2,37.524211,126.868009
2014,스쿨존어린이,서울특별시 동작구1,서울특별시 동작구 상도동(신상도초교 부근),2,2,37.498887,126.943919
2014,스쿨존어린이,서울특별시 동작구2,서울특별시 동작구 대방동(영화초교 부근),2,2,37.508935,126.932111
2014,스쿨존어린이,경기도 수원시 권선구1,경기도 수원시 권선구 고색동(호매실초교 부근),2,2,37.267826,126.956957
2014,자전거,서울특별시 종로구1,서울특별시 종로구 숭인동(동묘앞역 부근),5,6,37.573635,127.015189
2014,자전거,서울특별시 중구1,서울특별시 중구 신당동(남양알로에 부근),4,4,37.561745,127.013818
2014,자전거,서울특별시 용산구1,서울특별시 용산구 서빙고동(반포대교(북단) 부근),10,15,37.519171,126.993707
2014,자전거,서울특별시 용산구2,서울특별시 용산구 한강로1가(삼각지역 부근),6,6,37.535394,126.974038
2014,자전거,서울특별시 용산구3,서울특별시 용산구 갈월동(용산역앞 부근),4,4,37.526395,126.965274
2014,자전거,서울특별시 성동구1,서울특별시 성동구 성수동2가(뚝도시장 부근),10,10,37.538845,127.055186
2014,자전거,서울특별시 성동구2,서울특별시 성동구 송정동(화양사거리 부근),8,9,37.548099,127.068485
2014,자전거,서울특별시 성동구3,서울특별시 성동구 마장동(청계천대성스카이렉스 부근),6,6,37.570205,127.031942
2014,자전거,서울특별시 성동구4,서울특별시 성동구 성수동2가(성수역 부근),6,7,37.542782,127.058505
2014,자전거,서울특별시 성동구5,서울특별시 성동구 송정동(세신빌딩 부근),6,6,37.548040,127.061437
2014,자전거,서울특별시 성동구6,서울특별시 성동구 금호동4가(협동연립 부근),5,6,37.545969,127.028842
2014,자전거,서울특별시 성동구7,서울특별시 성동구 행당동(왕십리지하차도(북측) 부근),5,5,37.562090,127.035764
2014,자전거,서울특별시 성동구8,서울특별시 성동구 성수동1가(동아자동차서비스(주) 부근),4,4,37.544636,127.044674
2014,자전거,서울특별시 광진구1,서울특별시 광진구 중곡동(군자 대한생명 부근),12,13,37.558750,127.075464
2014,자전거,서울특별시 광진구2,서울특별시 광진구 자양동(신양초교앞 부근),10,11,37.535087,127.067530
2014,자전거,서울특별시 광진구3,서울특별시 광진구 자양동(자양삼거리 부근),9,10,37.538279,127.075839
2014,자전거,서울특별시 광진구4,서울특별시 광진구 자양동(자양삼거리 부근),9,10,37.538195,127.076031
2014,자전거,서울특별시 광진구5,서울특별시 광진구 자양동(삼풍빌딩 부근),9,9,37.537881,127.061455
2014,자전거,서울특별시 광진구6,서울특별시 광진구 자양동(동부간선도로-강변북로램프(6) 부근),9,11,37.530706,127.066402
2014,자전거,서울특별시 광진구7,서울특별시 광진구 자양동(건대입구역 부근),8,10,37.540603,127.070862
2014,자전거,서울특별시 광진구8,서울특별시 광진구 자양동(자양사거리 부근),7,7,37.536648,127.083673
2014,자전거,서울특별시 광진구9,서울특별시 광진구 자양동(강변북로-일반국도3호선램프(10) 부근),5,7,37.527229,127.086069
2014,자전거,서울특별시 광진구10,서울특별시 광진구 구의동(와이엔 오피스텔 부근),5,5,37.538901,127.091222
2014,자전거,서울특별시 광진구11,서울특별시 광진구 구의동(올림픽대교북단사거리_광나룻길_ 부근),5,5,37.541590,127.095198
2014,자전거,서울특별시 광진구12,서울특별시 광진구 구의동(테크노마트길-동서울길진입로 부근),4,4,37.535497,127.093801
2014,자전거,서울특별시 동대문구1,서울특별시 동대문구 답십리동(쌍마빌딩 부근),13,13,37.566459,127.055961
2014,자전거,서울특별시 동대문구2,서울특별시 동대문구 장안동(동부간선도로-천호대로램프(8) 부근),9,12,37.566917,127.073973
2014,자전거,서울특별시 동대문구3,서울특별시 동대문구 용두동(마장동사거리_고산자로_진출_1 부근),9,9,37.573137,127.037984
2014,자전거,서울특별시 동대문구4,서울특별시 동대문구 답십리동(신답육교 부근),9,10,37.570950,127.049043
2014,자전거,서울특별시 동대문구5,서울특별시 동대문구 장안동(삼부빌딩 부근),8,8,37.572759,127.071901
2014,자전거,서울특별시 동대문구6,서울특별시 동대문구 제기동(제기1교 부근),7,7,37.586485,127.037028
2014,자전거,서울특별시 동대문구7,서울특별시 동대문구 용두동(시립동부병원앞교차로_하정로_진 부근),7,7,37.573777,127.030403
2014,자전거,서울특별시 동대문구8,서울특별시 동대문구 청량리동(청량리역_홍릉길_진입_1 부근),6,6,37.581008,127.044865
2014,자전거,서울특별시 동대문구9,서울특별시 동대문구 이문동(우영목욕탕 부근),6,6,37.594446,127.058818
2014,자전거,서울특별시 동대문구10,서울특별시 동대문구 신설동(신설동역_하정로_진입_1 부근),6,6,37.574975,127.023838
2014,자전거,서울특별시 동대문구11,서울특별시 동대문구 장안동(장안4동사무소 부근),6,6,37.578725,127.070473
2014,자전거,서울특별시 동대문구12,서울특별시 동대문구 회기동(회기역앞_이문로_진입_1 부근),6,6,37.589499,127.055455
2014,자전거,서울특별시 동대문구13,서울특별시 동대문구 용두동(용두4교 부근),5,6,37.574065,127.034885
2014,자전거,서울특별시 동대문구14,서울특별시 동대문구 제기동(제기사거리 부근),5,6,37.582994,127.038715
2014,자전거,서울특별시 동대문구15,서울특별시 동대문구 전농동(전농동사거리_사가정길_진출_2 부근),5,5,37.576723,127.056793
2014,자전거,서울특별시 동대문구16,서울특별시 동대문구 제기동(경동시장_일반국도6호선_진입_1 부근),4,4,37.578419,127.039485
2014,자전거,서울특별시 동대문구17,서울특별시 동대문구 장안동(장한평역_천호대로_진입_2 부근),4,4,37.561736,127.063461
2014,자전거,서울특별시 동대문구18,서울특별시 동대문구 용두동(용두 치안센터 부근),4,4,37.578271,127.034134
2014,자전거,서울특별시 동대문구19,서울특별시 동대문구 전농동(전농굴다리 부근),4,5,37.577761,127.044172
2014,자전거,서울특별시 중랑구1,서울특별시 중랑구 면목동(장안교_사가정길_진출_1 부근),12,14,37.581432,127.080351
2014,자전거,서울특별시 중랑구2,서울특별시 중랑구 망우동(원동빌딩 부근),11,11,37.599289,127.098542
2014,자전거,서울특별시 중랑구3,서울특별시 중랑구 상봉동(한일써너스빌(101동) 부근),11,11,37.597979,127.091853
2014,자전거,서울특별시 중랑구4,서울특별시 중랑구 면목동(이화교(동단)_중랑천길_진출_1 부근),8,9,37.602475,127.073809
2014,자전거,서울특별시 중랑구5,서울특별시 중랑구 상봉동(상봉지하차도삼거리 부근),7,7,37.596892,127.086977
2014,자전거,서울특별시 중랑구6,서울특별시 중랑구 상봉동(제일은행 부근),7,7,37.594498,127.079842
2014,자전거,서울특별시 중랑구7,서울특별시 중랑구 중화동(중화역 부근),6,6,37.602264,127.079549
2014,자전거,서울특별시 중랑구8,서울특별시 중랑구 면목동(한사랑교회 부근),6,6,37.585919,127.074587
2014,자전거,서울특별시 성북구1,서울특별시 성북구 하월곡동(타타타노래방 부근),7,8,37.605075,127.031570
2014,자전거,서울특별시 성북구2,서울특별시 성북구 석관동(장위사거리 부근),6,6,37.612982,127.060604
2014,자전거,서울특별시 성북구3,서울특별시 성북구 안암동4가(제삼주유소 부근),4,4,37.579816,127.025088
2014,자전거,서울특별시 성북구4,서울특별시 성북구 삼선동1가(한성대입구역_삼선교길_진출_1 부근),4,4,37.588101,127.006538
2014,자전거,서울특별시 강북구1,서울특별시 강북구 번동(번동사거리_화계사길_진입_1 부근),10,10,37.635415,127.032700
2014,자전거,서울특별시 강북구2,서울특별시 강북구 수유동(한성빌딩 부근),7,7,37.639192,127.022880
2014,자전거,서울특별시 강북구3,서울특별시 강북구 미아동(미아4동지구대 부근),7,7,37.616706,127.029951
2014,자전거,서울특별시 강북구4,서울특별시 강북구 미아동(오치과의원 부근),6,6,37.621657,127.028085
2014,자전거,서울특별시 강북구5,서울특별시 강북구 미아동(미아사거리_도봉로_진입_1 부근),6,6,37.610575,127.030175
2014,자전거,서울특별시 강북구6,서울특별시 강북구 번동(청운맨션 부근),5,6,37.623158,127.047861
2014,자전거,서울특별시 강북구7,서울특별시 강북구 번동(원남빌딩 부근),5,5,37.644061,127.022970
2014,자전거,서울특별시 강북구8,서울특별시 강북구 미아동(방천시장입구 부근),4,4,37.611205,127.034893
2014,자전거,서울특별시 도봉구1,서울특별시 도봉구 방학동(쌍문동성원아파트 부근),7,8,37.663322,127.034759
2014,자전거,서울특별시 도봉구2,서울특별시 도봉구 창동(성우빌라트 6차 부근),6,6,37.641892,127.031959
2014,자전거,서울특별시 도봉구3,서울특별시 도봉구 창동(도봉보건소 부근),5,5,37.656737,127.039653
2014,자전거,서울특별시 도봉구4,서울특별시 도봉구 창동(서울문화고 부근),4,4,37.662109,127.046820
2014,자전거,서울특별시 도봉구5,서울특별시 도봉구 방학동(도봉소방서 부근),4,4,37.664509,127.043245
2014,자전거,서울특별시 노원구1,서울특별시 노원구 공릉동(중랑구-노원구경계(6) 부근),10,10,37.617067,127.075498
2014,자전거,서울특별시 노원구2,서울특별시 노원구 상계동(상계초등학교_노원길_진출_1 부근),7,7,37.658313,127.065470
2014,자전거,서울특별시 노원구3,서울특별시 노원구 하계동(하계극동아파트 부근),6,6,37.633612,127.065519
2014,자전거,서울특별시 노원구4,서울특별시 노원구 하계동(한신청구아파트1동 부근),5,5,37.636848,127.069422
2014,자전거,서울특별시 노원구5,서울특별시 노원구 중계동(유경사거리 부근),5,5,37.648079,127.076506
2014,자전거,서울특별시 노원구6,서울특별시 노원구 상계동(노일초교 부근),5,5,37.674255,127.055513
2014,자전거,서울특별시 노원구7,서울특별시 노원구 하계동(노원경찰서 부근),5,5,37.644075,127.071175
2014,자전거,서울특별시 노원구8,서울특별시 노원구 상계동(창동교 부근),5,5,37.653187,127.054721
2014,자전거,서울특별시 노원구9,서울특별시 노원구 중계동(노해근린공원 부근),4,4,37.648972,127.069492
2014,자전거,서울특별시 노원구10,서울특별시 노원구 중계동(중계근린공원 부근),4,4,37.641055,127.066081
2014,자전거,서울특별시 노원구11,서울특별시 노원구 상계동(노원역_노해길_진입_2 부근),4,4,37.654399,127.060153
2014,자전거,서울특별시 은평구1,서울특별시 은평구 불광동(연신내진원와이타운 부근),8,9,37.618705,126.920220
2014,자전거,서울특별시 은평구2,서울특별시 은평구 역촌동(윤엘리트학원 부근),8,8,37.603514,126.915787
2014,자전거,서울특별시 은평구3,서울특별시 은평구 응암동(신사오거리 부근),7,7,37.599313,126.915644
2014,자전거,서울특별시 은평구4,서울특별시 은평구 응암동(남전빌딩 부근),6,6,37.601719,126.922678
2014,자전거,서울특별시 은평구5,서울특별시 은평구 역촌동(역촌역 부근),5,6,37.606557,126.923090
2014,자전거,서울특별시 은평구6,서울특별시 은평구 불광동(연서로-연천초교길진출로 부근),5,5,37.621457,126.925922
2014,자전거,서울특별시 은평구7,서울특별시 은평구 갈현동(길마독사거리 부근),5,5,37.614883,126.916838
2014,자전거,서울특별시 은평구8,서울특별시 은평구 응암동(크리비아 부근),4,4,37.590995,126.915913
2014,자전거,서울특별시 서대문구1,서울특별시 서대문구 홍제동(충만한교회 부근),5,5,37.593998,126.947913
2014,자전거,서울특별시 서대문구2,서울특별시 서대문구 북가좌동(증산교(북단) 부근),4,6,37.577457,126.903210
2014,자전거,서울특별시 서대문구3,서울특별시 서대문구 남가좌동(마포구-서대문구경계(3) 부근),4,5,37.568749,126.917423
2014,자전거,서울특별시 마포구1,서울특별시 마포구 망원동(망원성원APT 부근),5,5,37.555839,126.900722
2014,자전거,서울특별시 마포구2,서울특별시 마포구 망원동(성산초등교앞) 부근),5,5,37.553680,126.911430
2014,자전거,서울특별시 마포구3,서울특별시 마포구 망원동(망원우체국 부근),4,4,37.557554,126.908419
2014,자전거,서울특별시 마포구4,서울특별시 마포구 노고산동(신촌로터리_일반국도6호선_진출_ 부근),4,4,37.555297,126.937182
2014,자전거,서울특별시 마포구5,서울특별시 마포구 상암동(강변북로-구룡로램프(9) 부근),4,4,37.574388,126.864493
2014,자전거,서울특별시 양천구1,서울특별시 양천구 목동(오목교(서단) 부근),13,13,37.523973,126.877362
2014,자전거,서울특별시 양천구2,서울특별시 양천구 목동(목동트라팰리스이스턴에비뉴 부근),9,9,37.524905,126.872316
2014,자전거,서울특별시 양천구3,서울특별시 양천구 신월동(신월지하차도(북측) 부근),7,7,37.517050,126.840688
2014,자전거,서울특별시 양천구4,서울특별시 양천구 신정동(목동10-12단지 부근),7,7,37.513915,126.857170
2014,자전거,서울특별시 양천구5,서울특별시 양천구 목동(SC제일은행등촌지점 부근),7,7,37.547112,126.862814
2014,자전거,서울특별시 양천구6,서울특별시 양천구 신정동(목4공원 부근),7,7,37.517660,126.868484
2014,자전거,서울특별시 양천구7,서울특별시 양천구 목동(일반국도1호선-일반국도6호선_진 부근),6,8,37.548688,126.887775
2014,자전거,서울특별시 양천구8,서울특별시 양천구 목동(KGIT 목동센타 부근),6,7,37.531711,126.874872
2014,자전거,서울특별시 양천구9,서울특별시 양천구 신월동(화곡로입구 부근),5,5,37.539892,126.825852
2014,자전거,서울특별시 양천구10,서울특별시 양천구 신정동(오금교사거리 부근),5,6,37.509937,126.872520
2014,자전거,서울특별시 양천구11,서울특별시 양천구 목동(목동사거리 부근),5,5,37.533020,126.863257
2014,자전거,서울특별시 양천구12,서울특별시 양천구 신정동(목동13-14단지(신정기지창사거리 부근),4,4,37.513881,126.869544
2014,자전거,서울특별시 양천구13,서울특별시 양천구 신정동(목동역 부근),4,5,37.526275,126.864517
2014,자전거,서울특별시 양천구14,서울특별시 양천구 신정동(정은스카이빌 부근),4,4,37.522321,126.848526
2014,자전거,서울특별시 강서구1,서울특별시 강서구 화곡동(화곡고가차도(북측) 부근),9,9,37.529132,126.848066
2014,자전거,서울특별시 강서구2,서울특별시 강서구 화곡동(화곡역_강서로_진출_2 부근),8,9,37.541783,126.840157
2014,자전거,서울특별시 강서구3,서울특별시 강서구 가양동(강서구청입구_일반국도6호선_진 부근),7,7,37.555731,126.854215
2014,자전거,서울특별시 강서구4,서울특별시 강서구 방화동(강서농협(방화지점) 부근),5,5,37.566924,126.812270
2014,자전거,서울특별시 강서구5,서울특별시 강서구 화곡동(삼오빌딩 부근),5,5,37.536686,126.833585
2014,자전거,서울특별시 강서구6,서울특별시 강서구 화곡동(외환은행강서지점 부근),4,4,37.547975,126.870514
2014,자전거,서울특별시 강서구7,서울특별시 강서구 화곡동(홍익병원앞_제물포길_진출_1 부근),4,4,37.530007,126.864666
2014,자전거,서울특별시 강서구8,서울특별시 강서구 공항동(공항초교앞_일반국도48호선_진출 부근),4,4,37.560670,126.816993
2014,자전거,서울특별시 구로구1,서울특별시 구로구 구로동(신구로주유소_다사랑길_진입 부근),9,11,37.498016,126.892943
2014,자전거,서울특별시 구로구2,서울특별시 구로구 구로동(구로이화우성아파트_구로큰길_진 부근),9,11,37.490923,126.892528
2014,자전거,서울특별시 구로구3,서울특별시 구로구 구로동(벽산디지털밸리Ⅲ 부근),7,7,37.483737,126.894367
2014,자전거,서울특별시 구로구4,서울특별시 구로구 개봉동(배남준치과의원앞 부근),7,7,37.487307,126.856385
2014,자전거,서울특별시 구로구5,서울특별시 구로구 구로동(지하차도(남측)1 부근),6,6,37.497643,126.871309
2014,자전거,서울특별시 구로구6,서울특별시 구로구 개봉동(개봉고가차도(남측) 부근),5,5,37.491652,126.855863
2014,자전거,서울특별시 구로구7,서울특별시 구로구 가리봉동(산업안전협회 부근),5,6,37.502205,126.889495
2014,자전거,서울특별시 구로구8,서울특별시 구로구 가리봉동(구로1교(남단) 부근),5,5,37.487248,126.897640
2014,자전거,서울특별시 구로구9,서울특별시 구로구 구로동(오금교 부근),4,5,37.507309,126.874476
2014,자전거,서울특별시 구로구10,서울특별시 구로구 개봉동(영동빌딩 부근),4,4,37.496504,126.861251
2014,자전거,서울특별시 구로구11,서울특별시 구로구 오류동(오류IC_일반국도46호선_진입_2 부근),4,4,37.496934,126.846088
2014,자전거,서울특별시 금천구1,서울특별시 금천구 독산동(시흥IC_남부순환로_진출_4 부근),7,7,37.479234,126.898193
2014,자전거,서울특별시 금천구2,서울특별시 금천구 가산동(일산기업 부근),5,7,37.477674,126.877134
2014,자전거,서울특별시 금천구3,서울특별시 금천구 독산동(서울불교대학원대학교 부근),5,5,37.467272,126.901849
2014,자전거,서울특별시 금천구4,서울특별시 금천구 독산동(진도아파트2차 부근),4,6,37.470580,126.891700
2014,자전거,서울특별시 금천구5,서울특별시 금천구 시흥동(교촌빌딩 부근),4,4,37.451693,126.901848
2014,자전거,서울특별시 영등포구1,서울특별시 영등포구 문래동5가(서부간선도로-도림천로램프(1) 부근),11,14,37.516294,126.882684
2014,자전거,서울특별시 영등포구2,서울특별시 영등포구 여의도동(여의나루역 부근),11,14,37.527622,126.932580
2014,자전거,서울특별시 영등포구3,서울특별시 영등포구 당산동1가(롯데자동차종합정비_일반국도6호 부근),10,12,37.542852,126.893997
2014,자전거,서울특별시 영등포구4,서울특별시 영등포구 대림동(관악구-영등포구경계 부근),7,7,37.485222,126.902396
2014,자전거,서울특별시 영등포구5,서울특별시 영등포구 대림동(대림우성아파트사거리_도림로_진 부근),7,7,37.494503,126.898865
2014,자전거,서울특별시 영등포구6,서울특별시 영등포구 대림동(대림사거리 부근),7,8,37.488970,126.906596
2014,자전거,서울특별시 영등포구7,서울특별시 영등포구 양평동2가(양평동새금성교회 부근),7,7,37.523577,126.882267
2014,자전거,서울특별시 영등포구8,서울특별시 영등포구 양평동5가(서부간선도로-제물포길램프(10) 부근),7,7,37.530270,126.888862
2014,자전거,서울특별시 영등포구9,서울특별시 영등포구 여의도동(서강대교남단_신촌로_진입 부근),6,9,37.533733,126.923185
2014,자전거,서울특별시 영등포구10,서울특별시 영등포구 영등포동3가(영등포로터리_버드나룻길_진출_1 부근),6,6,37.519195,126.912609
2014,자전거,서울특별시 영등포구11,서울특별시 영등포구 당산동3가(영등포구청 부근),6,6,37.528044,126.897132
2014,자전거,서울특별시 영등포구12,서울특별시 영등포구 여의도동(서울방송(SBS) 부근),6,6,37.530456,126.927783
2014,자전거,서울특별시 영등포구13,서울특별시 영등포구 양평동1가(양평1동제일은행 부근),5,6,37.522432,126.892964
2014,자전거,서울특별시 영등포구14,서울특별시 영등포구 여의도동(여의하류IC6 부근),5,5,37.533413,126.912479
2014,자전거,서울특별시 영등포구15,서울특별시 영등포구 양평동5가(삼원빌딩앞 부근),5,5,37.537231,126.890757
2014,자전거,서울특별시 영등포구16,서울특별시 영등포구 신길동(대신시장 부근),5,5,37.512005,126.916676
2014,자전거,서울특별시 영등포구17,서울특별시 영등포구 당산동6가(당산역_당산로_진출_2 부근),5,5,37.534480,126.902203
2014,자전거,서울특별시 영등포구18,서울특별시 영등포구 신길동(보라매역 부근),5,5,37.500045,126.919636
2014,자전거,서울특별시 영등포구19,서울특별시 영등포구 신길동(신풍역_신길로_진입 부근),5,5,37.501531,126.909733
2014,자전거,서울특별시 영등포구20,서울특별시 영등포구 신길동(대진목재 부근),5,5,37.504277,126.903284
2014,자전거,서울특별시 영등포구21,서울특별시 영등포구 양평동(서부간선도로-양평로램프(3) 부근),4,5,37.542727,126.887255
2014,자전거,서울특별시 영등포구22,서울특별시 영등포구 여의도동(원효대교사거리 부근),4,8,37.523409,126.937422
2014,자전거,서울특별시 동작구1,서울특별시 동작구 본동(노량진북고가차도(남측) 부근),9,9,37.514315,126.954866
2014,자전거,서울특별시 동작구2,서울특별시 동작구 대방동(신대방타워 부근),7,8,37.499780,126.926033
2014,자전거,서울특별시 동작구3,서울특별시 동작구 신대방동(보라매두산위브 부근),5,10,37.496427,126.914263
2014,자전거,서울특별시 동작구4,서울특별시 동작구 흑석동(명수대현대아파트 부근),5,8,37.508331,126.968350
2014,자전거,서울특별시 동작구5,서울특별시 동작구 노량진동(노들길램프(1) 부근),4,4,37.515974,126.949167
2014,자전거,서울특별시 동작구6,서울특별시 동작구 사당동(신한은행사당지점 부근),4,4,37.476588,126.977606
2014,자전거,서울특별시 동작구7,서울특별시 동작구 동작동(올림픽대로-현충로램프(5) 부근),4,5,37.505727,126.977313
2014,자전거,서울특별시 관악구1,서울특별시 관악구 봉천동(신림5지구대 부근),9,9,37.486825,126.934179
2014,자전거,서울특별시 관악구2,서울특별시 관악구 신림동(관악구-동작구경계(7) 부근),8,10,37.487813,126.913922
2014,자전거,서울특별시 관악구3,서울특별시 관악구 신림동(양지빌딩 부근),6,6,37.482319,126.913079
2014,자전거,서울특별시 관악구4,서울특별시 관악구 신림동(동방2교(북단) 부근),6,6,37.471065,126.935724
2014,자전거,서울특별시 관악구5,서울특별시 관악구 봉천동(롯데백화점앞(관악점) 부근),6,6,37.490200,126.923435
2014,자전거,서울특별시 서초구1,서울특별시 서초구 잠원동(신동초교 부근),6,6,37.517255,127.008921
2014,자전거,서울특별시 서초구2,서울특별시 서초구 방배동(이수역 부근),5,5,37.485556,126.982139
2014,자전거,서울특별시 서초구3,서울특별시 서초구 반포동(올림픽대로램프(1) 부근),5,5,37.508190,126.994381
2014,자전거,서울특별시 서초구4,서울특별시 서초구 잠원동(올림픽대로-반포로램프(3) 부근),4,4,37.511366,126.999394
2014,자전거,서울특별시 서초구5,서울특별시 서초구 방배동(방배4동지구대 부근),4,4,37.490744,126.987100
2014,자전거,서울특별시 강남구1,서울특별시 강남구 압구정동(서초구-강남구경계(5) 부근),6,7,37.524358,127.015378
2014,자전거,서울특별시 강남구2,서울특별시 강남구 일원동(대청공원앞 부근),6,6,37.492323,127.083538
2014,자전거,서울특별시 강남구3,서울특별시 강남구 역삼동(광진빌딩 부근),5,5,37.497138,127.045338
2014,자전거,서울특별시 강남구4,서울특별시 강남구 개포동(동진빌딩 부근),5,5,37.478874,127.049105
2014,자전거,서울특별시 강남구5,서울특별시 강남구 대치동(청실종합상가 부근),4,4,37.492384,127.058243
2014,자전거,서울특별시 강남구6,서울특별시 강남구 도곡동(롯데백화점앞 부근),4,4,37.496716,127.054352
2014,자전거,서울특별시 송파구1,서울특별시 송파구 잠실동(올림픽대로-백제고분로램프(3) 부근),16,18,37.518233,127.081505
2014,자전거,서울특별시 송파구2,서울특별시 송파구 석촌동(배명로터리 부근),10,10,37.502317,127.096595
2014,자전거,서울특별시 송파구3,서울특별시 송파구 가락동(제일오피스텔 부근),10,10,37.493047,127.117271
2014,자전거,서울특별시 송파구4,서울특별시 송파구 방이동(올림픽공원_남부순환로_진출_2 부근),10,10,37.513135,127.128650
2014,자전거,서울특별시 송파구5,서울특별시 송파구 삼전동(잠실3동파출소앞 부근),9,9,37.507464,127.090808
2014,자전거,서울특별시 송파구6,서울특별시 송파구 석촌동(석촌호수(서호) 부근),9,10,37.506512,127.097081
2014,자전거,서울특별시 송파구7,서울특별시 송파구 방이동(방이역 부근),8,8,37.508745,127.126188
2014,자전거,서울특별시 송파구8,서울특별시 송파구 방이동(올림픽공원삼거리_위례성길_진출 부근),8,8,37.516832,127.114175
2014,자전거,서울특별시 송파구9,서울특별시 송파구 방이동(잠사중앙길-올림픽로_진입 부근),8,8,37.515939,127.108374
2014,자전거,서울특별시 송파구10,서울특별시 송파구 거여동(마천사거리 부근),8,8,37.497152,127.146265
2014,자전거,서울특별시 송파구11,서울특별시 송파구 신천동(잠실역_일반국도3호선_진입_1 부근),7,8,37.514094,127.099354
2014,자전거,서울특별시 송파구12,서울특별시 송파구 삼전동(신양빌라 부근),7,7,37.501233,127.085015
2014,자전거,서울특별시 송파구13,서울특별시 송파구 가락동(문정시영아파트 부근),7,7,37.492374,127.136029
2014,자전거,서울특별시 송파구14,서울특별시 송파구 풍납동(천호사거리 부근),6,6,37.538616,127.123464
2014,자전거,서울특별시 송파구15,서울특별시 송파구 가락동(가락시장_남부순환로_진입_1 부근),6,6,37.497706,127.114946
2014,자전거,서울특별시 송파구16,서울특별시 송파구 방이동(성내유수지 부근),5,5,37.525956,127.122841
2014,자전거,서울특별시 송파구17,서울특별시 송파구 방이동(방이사거리 부근),5,7,37.510695,127.112979
2014,자전거,서울특별시 송파구18,서울특별시 송파구 잠실동(올림픽대로-백제고분로램프(5) 부근),5,6,37.519359,127.074457
2014,자전거,서울특별시 송파구19,서울특별시 송파구 방이동(올림픽공원북2문 부근),5,5,37.523809,127.127442
2014,자전거,서울특별시 송파구20,서울특별시 송파구 신천동(올림픽대로-일반국도3호선램프(6 부근),5,5,37.523299,127.100861
2014,자전거,서울특별시 송파구21,서울특별시 송파구 잠실동(잠실지구대 부근),5,5,37.511660,127.081970
2014,자전거,서울특별시 송파구22,서울특별시 송파구 석촌동(석촌호수남(석촌사거리) 부근),4,4,37.508690,127.104141
2014,자전거,서울특별시 강동구1,서울특별시 강동구 성내동(농협하나로마트앞 부근),8,9,37.525520,127.135458
2014,자전거,서울특별시 강동구2,서울특별시 강동구 천호동(산경빌딩 부근),7,7,37.536723,127.129291
2014,자전거,서울특별시 강동구3,서울특별시 강동구 성내동(둔촌사거리 부근),7,7,37.521185,127.133895
2014,자전거,서울특별시 강동구4,서울특별시 강동구 길동(길동사거리_일반국도43호선_진입 부근),6,6,37.533679,127.139006
2014,자전거,서울특별시 강동구5,서울특별시 강동구 암사동(선사사거리 부근),5,5,37.554650,127.129032
2014,자전거,서울특별시 강동구6,서울특별시 강동구 천호동(올림픽대로-구천면길램프(3) 부근),4,5,37.547622,127.121381
2014,자전거,서울특별시 강동구7,서울특별시 강동구 길동(굽은다리역 부근),4,4,37.546329,127.143066
2014,자전거,서울특별시 강동구8,서울특별시 강동구 암사동(올림픽대로-고덕동길램프(3) 부근),4,4,37.554606,127.123723
2014,자전거,경기도 수원시 장안구1,경기도 수원시 장안구 영화동(장안문로터리 부근),8,8,37.289347,127.014103
2014,자전거,경기도 수원시 장안구2,경기도 수원시 장안구 영화동(정자사거리 부근),8,9,37.290986,127.002687
2014,자전거,경기도 수원시 장안구3,경기도 수원시 장안구 영화동(서문로타리주유소 부근),6,6,37.286488,127.006462
2014,자전거,경기도 수원시 장안구4,경기도 수원시 장안구 송죽동(만석공원 부근),5,6,37.302761,126.999223
2014,자전거,경기도 수원시 장안구5,경기도 수원시 장안구 송죽동(수원종합운동장 부근),4,5,37.298918,127.007079
2014,자전거,경기도 수원시 장안구6,경기도 수원시 장안구 연무동(경기대입구B 부근),4,4,37.299856,127.029392
2014,자전거,경기도 수원시 권선구1,경기도 수원시 권선구 권선동(권선사거리 부근),5,5,37.259930,127.024058
2014,자전거,경기도 수원시 권선구2,경기도 수원시 권선구 권선동(큰사랑약국 부근),5,5,37.249855,127.022287
2014,자전거,경기도 수원시 권선구3,경기도 수원시 권선구 권선동(승원테크 부근),5,6,37.254647,127.010128
2014,자전거,경기도 수원시 팔달구1,경기도 수원시 팔달구 인계동(한신사거리 부근),8,8,37.273684,127.028595
2014,자전거,경기도 수원시 팔달구2,경기도 수원시 팔달구 북수동(화성행궁 부근),7,8,37.281866,127.016463
2014,자전거,경기도 수원시 팔달구3,경기도 수원시 팔달구 인계동(인계사거리 부근),5,6,37.268877,127.027667
2014,자전거,경기도 수원시 팔달구4,경기도 수원시 팔달구 우만동(못골사거리 부근),5,5,37.284063,127.026963
2014,자전거,경기도 수원시 팔달구5,경기도 수원시 팔달구 매산로1가(육교사거리 부근),5,5,37.269593,126.998634
2014,자전거,경기도 수원시 팔달구6,경기도 수원시 팔달구 인계동(그랜드코아 부근),5,5,37.259641,127.031000
2014,자전거,경기도 수원시 영통구1,경기도 수원시 영통구 매탄동(신매탄사거리 부근),7,7,37.265931,127.040366
2014,자전거,경기도 수원시 영통구2,경기도 수원시 영통구 매탄동(법원사거리 부근),4,4,37.273821,127.047150
2014,자전거,경기도 성남시 수정구1,경기도 성남시 수정구 태평동(평화가축 부근),5,6,37.440507,127.119332
2014,자전거,경기도 성남시 중원구1,경기도 성남시 중원구 중앙동(토암골옛날막창(중동점) 부근),5,5,37.441422,127.148612
2014,자전거,경기도 용인시 수지구1,경기도 용인시 수지구 풍덕천동(눈높이대교((주)( 수지상현교육센타) 부근),5,5,37.321061,127.095886
2014,보행노인,서울특별시 종로구1,서울특별시 종로구 묘동(낙원상가 부근),4,4,37.572648,126.989552
2014,보행노인,서울특별시 종로구2,서울특별시 종로구 종로3가(세운상가 부근),4,4,37.570417,126.995412
2014,보행노인,서울특별시 종로구3,서울특별시 종로구 숭인동(동묘앞역_일반국도6호선_진출 부근),3,3,37.573031,127.015233
2014,보행노인,서울특별시 종로구4,서울특별시 종로구 세종로(교보빌딩앞 부근),3,3,37.571592,126.977951
2014,보행노인,서울특별시 종로구5,서울특별시 종로구 관훈동(조계사앞 부근),3,3,37.572754,126.983163
2014,보행노인,서울특별시 중구1,서울특별시 중구 신당동(청구역 부근),10,10,37.561079,127.015071
2014,보행노인,서울특별시 중구2,서울특별시 중구 남창동(숭례문_남대문로_진입_1 부근),8,11,37.559577,126.977830
2014,보행노인,서울특별시 중구3,서울특별시 중구 을지로6가(종로6가 부근),6,6,37.570800,127.005895
2014,보행노인,서울특별시 중구4,서울특별시 중구 을지로2가(을지로1가_을지로_진입_1 부근),5,5,37.565925,126.983242
2014,보행노인,서울특별시 중구5,서울특별시 중구 신당동(신당중앙시장 부근),4,5,37.565360,127.019653
2014,보행노인,서울특별시 중구6,서울특별시 중구 봉래동2가(서부역_청파로_진입 부근),3,3,37.554948,126.968969
2014,보행노인,서울특별시 중구7,서울특별시 중구 남대문로5가(서울역사거리_태평로_진출 부근),3,3,37.557799,126.973473
2014,보행노인,서울특별시 용산구1,서울특별시 용산구 서계동(신한은행 부근),4,4,37.550125,126.963528
2014,보행노인,서울특별시 용산구2,서울특별시 용산구 한남동(순천향병원 부근),3,3,37.533244,127.006401
2014,보행노인,서울특별시 성동구1,서울특별시 성동구 행당동(무학여고앞 부근),5,5,37.558135,127.032201
2014,보행노인,서울특별시 성동구2,서울특별시 성동구 행당동(왕십리지하차도(북측) 부근),5,5,37.561992,127.035752
2014,보행노인,서울특별시 성동구3,서울특별시 성동구 홍익동(양지사거리 부근),3,3,37.566649,127.030832
2014,보행노인,서울특별시 성동구4,서울특별시 성동구 금호동3가(금호역 부근),3,3,37.548426,127.018125
2014,보행노인,서울특별시 광진구1,서울특별시 광진구 구의동(테크노마트 부근),5,6,37.535776,127.094660
2014,보행노인,서울특별시 광진구2,서울특별시 광진구 중곡동(하나은행중곡동지점 부근),5,5,37.557298,127.081392
2014,보행노인,서울특별시 광진구3,서울특별시 광진구 중곡동(신성시장 부근),4,5,37.557888,127.088569
2014,보행노인,서울특별시 광진구4,서울특별시 광진구 중곡동(중곡동사거리 부근),3,4,37.563030,127.080317
2014,보행노인,서울특별시 광진구5,서울특별시 광진구 자양동(청담대교(북단) 부근),3,3,37.531317,127.066604
2014,보행노인,서울특별시 동대문구1,서울특별시 동대문구 제기동(우리은행청량리중앙지점 부근),13,13,37.579079,127.041455
2014,보행노인,서울특별시 동대문구2,서울특별시 동대문구 청량리동(청량리역_홍릉길_진입_1 부근),13,13,37.580900,127.045492
2014,보행노인,서울특별시 동대문구3,서울특별시 동대문구 신설동(신설동역_보문로_진출_1 부근),8,8,37.576298,127.023184
2014,보행노인,서울특별시 동대문구4,서울특별시 동대문구 제기동(롯데불로장생센터 부근),7,8,37.578547,127.036742
2014,보행노인,서울특별시 동대문구5,서울특별시 동대문구 휘경동(위생병원앞 부근),6,6,37.589925,127.062051
2014,보행노인,서울특별시 동대문구6,서울특별시 동대문구 전농동(동화빌딩 부근),6,6,37.577404,127.068443
2014,보행노인,서울특별시 동대문구7,서울특별시 동대문구 제기동(식당재료유통할인 부근),5,5,37.583051,127.039930
2014,보행노인,서울특별시 동대문구8,서울특별시 동대문구 장안동(장한평역_장한로_진입_1 부근),4,5,37.562650,127.067018
2014,보행노인,서울특별시 동대문구9,서울특별시 동대문구 신설동(용두동사거리_일반국도6호선_진 부근),4,4,37.577072,127.028902
2014,보행노인,서울특별시 동대문구10,서울특별시 동대문구 전농동(전농굴다리 부근),4,4,37.576502,127.046075
2014,보행노인,서울특별시 동대문구11,서울특별시 동대문구 이문동(우영목욕탕 부근),3,3,37.594260,127.058044
2014,보행노인,서울특별시 동대문구12,서울특별시 동대문구 이문동(신이문역 및 이문기지창 부근),3,3,37.603320,127.067285
2014,보행노인,서울특별시 동대문구13,서울특별시 동대문구 답십리동(동탑초등학교 부근),3,3,37.569336,127.064119
2014,보행노인,서울특별시 동대문구14,서울특별시 동대문구 전농동(떡전교사거리_전농로_진입_1 부근),3,4,37.585266,127.051677
2014,보행노인,서울특별시 동대문구15,서울특별시 동대문구 청량리동(홍파초교_고산자로_진출_1 부근),3,3,37.587012,127.038588
2014,보행노인,서울특별시 동대문구16,서울특별시 동대문구 신설동(강원금속(주) 부근),3,3,37.570827,127.032804
2014,보행노인,서울특별시 동대문구17,서울특별시 동대문구 전농동(전농동사거리_사가정길_진출_1 부근),3,3,37.577741,127.059054
2014,보행노인,서울특별시 중랑구1,서울특별시 중랑구 망우동(망우사거리 부근),5,8,37.599734,127.100699
2014,보행노인,서울특별시 중랑구2,서울특별시 중랑구 망우동(상봉2지구대 부근),5,6,37.598661,127.095554
2014,보행노인,서울특별시 중랑구3,서울특별시 중랑구 상봉동(상봉역 부근),4,6,37.595816,127.085955
2014,보행노인,서울특별시 중랑구4,서울특별시 중랑구 면목동(장평교 부근),4,4,37.571508,127.081444
2014,보행노인,서울특별시 중랑구5,서울특별시 중랑구 상봉동(동1로지하차도(남측) 부근),4,4,37.594176,127.078868
2014,보행노인,서울특별시 중랑구6,서울특별시 중랑구 망우동(망우제2동우리은행 부근),4,4,37.594967,127.097596
2014,보행노인,서울특별시 중랑구7,서울특별시 중랑구 면목동(예삐유치원 부근),3,3,37.590044,127.076157
2014,보행노인,서울특별시 성북구1,서울특별시 성북구 동소문동5가(동암약국 부근),6,6,37.591434,127.013351
2014,보행노인,서울특별시 성북구2,서울특별시 성북구 길음동(미아삼거리역 부근),5,7,37.611635,127.029170
2014,보행노인,서울특별시 성북구3,서울특별시 성북구 길음동(길음역로터리 부근),5,6,37.604592,127.024995
2014,보행노인,서울특별시 성북구4,서울특별시 성북구 돈암동(보현사(조계종) 부근),5,5,37.595416,127.013992
2014,보행노인,서울특별시 성북구5,서울특별시 성북구 하월곡동(이삭교회_정릉길_진입_2 부근),5,5,37.602723,127.037407
2014,보행노인,서울특별시 성북구6,서울특별시 성북구 삼선동1가(한성대입구역_동소문로_진출_1 부근),4,4,37.588939,127.007867
2014,보행노인,서울특별시 성북구7,서울특별시 성북구 종암동(종암사거리_정릉길_진입_2 부근),4,4,37.603318,127.031219
2014,보행노인,서울특별시 성북구8,서울특별시 성북구 정릉동(대왕기업운수(주) 부근),4,4,37.611840,127.008744
2014,보행노인,서울특별시 성북구9,서울특별시 성북구 정릉동(국민은행정릉 부근),4,4,37.608005,127.008664
2014,보행노인,서울특별시 성북구10,서울특별시 성북구 길음동(영일당구장 부근),3,3,37.608350,127.023101
2014,보행노인,서울특별시 강북구1,서울특별시 강북구 미아동(삼양주유소앞 부근),6,9,37.625975,127.026029
2014,보행노인,서울특별시 강북구2,서울특별시 강북구 수유동(수유5동사무소 부근),5,5,37.635170,127.020221
2014,보행노인,서울특별시 강북구3,서울특별시 강북구 수유동(한성빌딩 부근),5,5,37.639170,127.022390
2014,보행노인,서울특별시 강북구4,서울특별시 강북구 수유동(효성네오인텔리안 부근),5,5,37.638731,127.027045
2014,보행노인,서울특별시 강북구5,서울특별시 강북구 수유동(광산사거리 부근),5,5,37.643413,127.022481
2014,보행노인,서울특별시 강북구6,서울특별시 강북구 번동(강북구-노원구경계(1) 부근),4,4,37.631383,127.040893
2014,보행노인,서울특별시 강북구7,서울특별시 강북구 미아동(방천시장입구 부근),4,4,37.612368,127.033786
2014,보행노인,서울특별시 도봉구1,서울특별시 도봉구 방학동(LG대경주유소 부근),9,9,37.665591,127.042669
2014,보행노인,서울특별시 도봉구2,서울특별시 도봉구 도봉동(온누리도봉약국 부근),6,8,37.677539,127.044547
2014,보행노인,서울특별시 도봉구3,서울특별시 도봉구 쌍문동(한일병원 부근),3,3,37.644519,127.028823
2014,보행노인,서울특별시 도봉구4,서울특별시 도봉구 도봉동(노원교 부근),3,3,37.679689,127.049620
2014,보행노인,서울특별시 도봉구5,서울특별시 도봉구 창동(창동시장입구 부근),3,3,37.646140,127.033034
2014,보행노인,서울특별시 노원구1,서울특별시 노원구 상계동(당고개역 부근),7,7,37.670106,127.079408
2014,보행노인,서울특별시 노원구2,서울특별시 노원구 중계동(상계역입구 부근),6,6,37.660008,127.073115
2014,보행노인,서울특별시 노원구3,서울특별시 노원구 월계동(석계역서 부근),5,5,37.614681,127.065340
2014,보행노인,서울특별시 노원구4,서울특별시 노원구 상계동(LG하이프라자 부근),3,3,37.677128,127.055366
2014,보행노인,서울특별시 노원구5,서울특별시 노원구 공릉동(태릉입구역 부근),2,2,37.617944,127.075884
2014,보행노인,서울특별시 은평구1,서울특별시 은평구 대조동(신한은행연신내지점 부근),5,6,37.619067,126.921441
2014,보행노인,서울특별시 은평구2,서울특별시 은평구 갈현동(갈현1동사무소 부근),5,7,37.623972,126.917423
2014,보행노인,서울특별시 은평구3,서울특별시 은평구 대조동(역촌역 부근),4,4,37.606932,126.922041
2014,보행노인,서울특별시 은평구4,서울특별시 은평구 증산동(비단길-수색로진입로 부근),4,5,37.578188,126.901721
2014,보행노인,서울특별시 은평구5,서울특별시 은평구 대조동(불광역 부근),4,4,37.610536,126.929245
2014,보행노인,서울특별시 은평구6,서울특별시 은평구 불광동(연천초교길-연서로진입로 부근),4,4,37.621394,126.926169
2014,보행노인,서울특별시 은평구7,서울특별시 은평구 증산동(서대문구-은평구경계(3) 부근),3,4,37.583732,126.909822
2014,보행노인,서울특별시 서대문구1,서울특별시 서대문구 연희동(마포구-서대문구경계(4) 부근),6,6,37.567928,126.916658
2014,보행노인,서울특별시 서대문구2,서울특별시 서대문구 홍은동(홍연2교 부근),5,5,37.576852,126.929416
2014,보행노인,서울특별시 서대문구3,서울특별시 서대문구 홍제동(무악재역A 부근),5,5,37.581555,126.950913
2014,보행노인,서울특별시 서대문구4,서울특별시 서대문구 북가좌동(숭실고입구 부근),4,4,37.589740,126.912894
2014,보행노인,서울특별시 서대문구5,서울특별시 서대문구 홍제동(인왕APT 부근),4,4,37.585133,126.948204
2014,보행노인,서울특별시 서대문구6,서울특별시 서대문구 홍제동(서부빌딩 부근),3,3,37.588561,126.945563
2014,보행노인,서울특별시 서대문구7,서울특별시 서대문구 남가좌동(남가좌동사거리 부근),3,3,37.577509,126.922443
2014,보행노인,서울특별시 마포구1,서울특별시 마포구 노고산동(신촌로터리_연세로_진출 부근),6,7,37.555597,126.936505
2014,보행노인,서울특별시 마포구2,서울특별시 마포구 동교동(서교빌딩 부근),5,5,37.556704,126.921881
2014,보행노인,서울특별시 마포구3,서울특별시 마포구 구수동(서강문화APT 부근),4,4,37.546597,126.931927
2014,보행노인,서울특별시 마포구4,서울특별시 마포구 동교동(창천삼거리 부근),3,3,37.556899,126.931332
2014,보행노인,서울특별시 양천구1,서울특별시 양천구 신월동(해태아파트 부근),5,5,37.521409,126.844423
2014,보행노인,서울특별시 양천구2,서울특별시 양천구 신정동(월드오피스텔 부근),5,5,37.522173,126.850335
2014,보행노인,서울특별시 양천구3,서울특별시 양천구 목동(외환은행강서지점 부근),4,4,37.546966,126.870691
2014,보행노인,서울특별시 양천구4,서울특별시 양천구 신월동(삼오빌딩 부근),3,3,37.536562,126.833959
2014,보행노인,서울특별시 강서구1,서울특별시 강서구 화곡동(화곡역_강서로_진출_2 부근),6,6,37.541828,126.840205
2014,보행노인,서울특별시 강서구2,서울특별시 강서구 염창동(태진빌딩 부근),5,6,37.546843,126.876274
2014,보행노인,서울특별시 강서구3,서울특별시 강서구 화곡동(화곡사거리 부근),5,5,37.530601,126.846701
2014,보행노인,서울특별시 강서구4,서울특별시 강서구 화곡동(우장산역 부근),3,3,37.548951,126.836396
2014,보행노인,서울특별시 강서구5,서울특별시 강서구 화곡동(우장공원입구 부근),3,3,37.553452,126.851118
2014,보행노인,서울특별시 강서구6,서울특별시 강서구 화곡동(청구빌라트 부근),3,3,37.544899,126.846802
2014,보행노인,서울특별시 구로구1,서울특별시 구로구 구로동(민영규치과의원 부근),5,5,37.491536,126.883532
2014,보행노인,서울특별시 구로구2,서울특별시 구로구 구로동(남구로역_도림로_진입 부근),5,5,37.486168,126.887674
2014,보행노인,서울특별시 구로구3,서울특별시 구로구 개봉동(조양빌딩 부근),5,5,37.493217,126.856723
2014,보행노인,서울특별시 구로구4,서울특별시 구로구 신도림동(신도림역 부근),4,5,37.509872,126.890964
2014,보행노인,서울특별시 구로구5,서울특별시 구로구 구로동(뉴홍현 솔레디움 부근),4,5,37.499324,126.883948
2014,보행노인,서울특별시 구로구6,서울특별시 구로구 구로동(구로구청앞_가마산길_진입_2 부근),4,4,37.494487,126.886446
2014,보행노인,서울특별시 구로구7,서울특별시 구로구 구로동(구로재활용센타 부근),3,3,37.505716,126.890408
2014,보행노인,서울특별시 금천구1,서울특별시 금천구 독산동(시흥4동사거리 부근),5,5,37.461112,126.904682
2014,보행노인,서울특별시 금천구2,서울특별시 금천구 독산동(독산사거리 부근),5,5,37.470656,126.898045
2014,보행노인,서울특별시 금천구3,서울특별시 금천구 가산동(주택 부근),5,5,37.472638,126.902040
2014,보행노인,서울특별시 금천구4,서울특별시 금천구 독산동(말미사거리 부근),4,5,37.466771,126.896588
2014,보행노인,서울특별시 금천구5,서울특별시 금천구 독산동(박재영과위원 부근),3,3,37.467743,126.902089
2014,보행노인,서울특별시 영등포구1,서울특별시 영등포구 당산동2가(교보생명 부근),5,5,37.520286,126.893450
2014,보행노인,서울특별시 영등포구2,서울특별시 영등포구 당산동1가(영등포청과시장_영등포역고가로_ 부근),5,5,37.520106,126.901157
2014,보행노인,서울특별시 영등포구3,서울특별시 영등포구 영등포동7가(남부교육청앞 부근),4,4,37.524925,126.908483
2014,보행노인,서울특별시 영등포구4,서울특별시 영등포구 당산동3가(영등포구청 부근),4,4,37.527022,126.897713
2014,보행노인,서울특별시 영등포구5,서울특별시 영등포구 대림동(대림사거리 부근),4,5,37.489480,126.906202
2014,보행노인,서울특별시 영등포구6,서울특별시 영등포구 신길동(썬프라자 부근),4,4,37.496789,126.908242
2014,보행노인,서울특별시 영등포구7,서울특별시 영등포구 문래동3가(에이스하이테크시티에이스건설타 부근),3,3,37.514811,126.901639
2014,보행노인,서울특별시 영등포구8,서울특별시 영등포구 신길동(대신시장 부근),3,3,37.512210,126.917377
2014,보행노인,서울특별시 영등포구9,서울특별시 영등포구 영등포동8가(영등포중앙감리교회 부근),3,3,37.531186,126.905764
2014,보행노인,서울특별시 영등포구10,서울특별시 영등포구 영등포동7가(영등포시장역 부근),3,3,37.522943,126.904257
2014,보행노인,서울특별시 동작구1,서울특별시 동작구 상도동(장승빌딩 부근),8,9,37.505494,126.938948
2014,보행노인,서울특별시 동작구2,서울특별시 동작구 상도동(성대시장 부근),8,9,37.500022,126.931483
2014,보행노인,서울특별시 동작구3,서울특별시 동작구 상도1동(대림쇼핑센타 부근),7,7,37.504565,126.946825
2014,보행노인,서울특별시 동작구4,서울특별시 동작구 상도동(가든주택 부근),4,4,37.495603,126.943389
2014,보행노인,서울특별시 동작구5,서울특별시 동작구 사당동(이수역 부근),3,3,37.485430,126.981832
2014,보행노인,서울특별시 관악구1,서울특별시 관악구 봉천동(신우빌딩 부근),7,8,37.483048,126.941065
2014,보행노인,서울특별시 관악구2,서울특별시 관악구 봉천동(은천삼거리 부근),7,10,37.485591,126.956649
2014,보행노인,서울특별시 관악구3,서울특별시 관악구 봉천동(낙성대입구 부근),5,5,37.478192,126.960561
2014,보행노인,서울특별시 관악구4,서울특별시 관악구 봉천동(당곡사거리 부근),5,5,37.489073,126.927225
2014,보행노인,서울특별시 관악구5,서울특별시 관악구 봉천동(서울대입구역_관악로_진출_2 부근),5,5,37.481874,126.952733
2014,보행노인,서울특별시 관악구6,서울특별시 관악구 봉천동(까치고개_인현길_진출 부근),5,5,37.474477,126.966401
2014,보행노인,서울특별시 관악구7,서울특별시 관악구 신림동(신림교(북단) 부근),5,5,37.482050,126.928876
2014,보행노인,서울특별시 관악구8,서울특별시 관악구 봉천동(조강빌딩 부근),5,5,37.479763,126.943950
2014,보행노인,서울특별시 관악구9,서울특별시 관악구 신림동(트윈타워1 부근),4,4,37.486782,126.922776
2014,보행노인,서울특별시 관악구10,서울특별시 관악구 신림동(우림시장 부근),4,4,37.470676,126.919893
2014,보행노인,서울특별시 관악구11,서울특별시 관악구 신림동(신본교(남단) 부근),4,4,37.477339,126.934990
2014,보행노인,서울특별시 관악구12,서울특별시 관악구 신림동(양지빌딩 부근),4,5,37.482206,126.914229
2014,보행노인,서울특별시 관악구13,서울특별시 관악구 봉천동(현대시장 부근),3,6,37.487057,126.946913
2014,보행노인,서울특별시 관악구14,서울특별시 관악구 봉천동(관악구청 부근),3,3,37.477683,126.952043
2014,보행노인,서울특별시 서초구1,서울특별시 서초구 서초동(강남역_서초로_진출 부근),3,3,37.497649,127.027011
2014,보행노인,서울특별시 서초구2,서울특별시 서초구 서초동(무지개아파트 부근),3,3,37.487266,127.024675
2014,보행노인,서울특별시 강남구1,서울특별시 강남구 삼성동(삼릉공원 부근),4,5,37.511011,127.043639
2014,보행노인,서울특별시 강남구2,서울특별시 강남구 역삼동(삼호아파트(서초구) 부근),4,4,37.501430,127.025556
2014,보행노인,서울특별시 강남구3,서울특별시 강남구 수서동(수서역_국가지원지방도32호선_진 부근),4,5,37.487705,127.101816
2014,보행노인,서울특별시 송파구1,서울특별시 송파구 오금동(방이역 부근),4,4,37.509097,127.126769
2014,보행노인,서울특별시 송파구2,서울특별시 송파구 가락동(GS마트입구 부근),4,4,37.492557,127.117197
2014,보행노인,서울특별시 송파구3,서울특별시 송파구 오금동(오금현대아파트 부근),4,4,37.503103,127.125946
2014,보행노인,서울특별시 송파구4,서울특별시 송파구 석촌동(석촌초교입구 부근),3,3,37.500893,127.106705
2014,보행노인,서울특별시 강동구1,서울특별시 강동구 천호동(광진교앞 부근),5,5,37.541275,127.124372
2014,보행노인,서울특별시 강동구2,서울특별시 강동구 길동(둔촌고교입구 부근),4,4,37.535292,127.144914
2014,보행노인,서울특별시 강동구3,서울특별시 강동구 길동(동우빌딩-국민은행 부근),4,5,37.535094,127.138897
2014,보행노인,서울특별시 강동구4,서울특별시 강동구 명일동(명일역 부근),4,4,37.551498,127.142775
2014,보행노인,서울특별시 강동구5,서울특별시 강동구 천호동(현대타워 부근),4,4,37.536358,127.131901
2014,보행노인,서울특별시 강동구6,서울특별시 강동구 성내동(삼성A상가 부근),4,4,37.531670,127.127290
2014,보행노인,서울특별시 강동구7,서울특별시 강동구 천호동(천호초교입구 부근),3,3,37.546467,127.134259
2014,보행노인,경기도 수원시 장안구1,경기도 수원시 장안구 영화동(심도커텐 부근),8,8,37.290212,127.001925
2014,보행노인,경기도 수원시 장안구2,경기도 수원시 장안구 연무동(연무경성아파트 부근),6,6,37.294045,127.025803
2014,보행노인,경기도 수원시 장안구3,경기도 수원시 장안구 정자동(진미콩비지해장국 부근),6,6,37.295617,127.004074
2014,보행노인,경기도 수원시 장안구4,경기도 수원시 장안구 영화동(장안문로터리 부근),5,6,37.288938,127.012919
2014,보행노인,경기도 수원시 장안구5,경기도 수원시 장안구 율전동(율전카경정비 부근),4,8,37.299242,126.970825
2014,보행노인,경기도 수원시 장안구6,경기도 수원시 장안구 연무동(대명관세사무소 부근),4,4,37.292194,127.031348
2014,보행노인,경기도 수원시 권선구1,경기도 수원시 권선구 권선동(권선사거리 부근),3,3,37.259795,127.023991
2014,보행노인,경기도 수원시 팔달구1,경기도 수원시 팔달구 매산로1가(수원역남단교차로 부근),8,8,37.265859,127.001227
2014,보행노인,경기도 수원시 팔달구2,경기도 수원시 팔달구 인계동(나혜석거리 부근),6,6,37.264635,127.032638
2014,보행노인,경기도 수원시 팔달구3,경기도 수원시 팔달구 팔달로2가(팔달문로터리 부근),5,5,37.278099,127.016815
2014,보행노인,경기도 수원시 팔달구4,경기도 수원시 팔달구 고등동(화서사거리 부근),5,5,37.277884,127.003036
2014,보행노인,경기도 수원시 팔달구5,경기도 수원시 팔달구 인계동(영동사거리 부근),4,4,37.275624,127.020485
2014,보행노인,경기도 수원시 팔달구6,경기도 수원시 팔달구 북수동(오성건업(삼화페인트) 부근),3,3,37.282251,127.006021
2014,보행노인,경기도 수원시 팔달구7,경기도 수원시 팔달구 인계동(시청사거리 부근),3,3,37.263350,127.026384
2014,보행노인,경기도 수원시 영통구1,경기도 수원시 영통구 매탄동(법원사거리 부근),3,3,37.273717,127.047885
2014,보행노인,경기도 수원시 영통구2,경기도 수원시 영통구 매탄동(제일좋은교회 부근),3,3,37.271302,127.043770
2014,보행노인,경기도 성남시 수정구1,경기도 성남시 수정구 수진동(태평역사거리 부근),6,7,37.439430,127.127583
2014,보행노인,경기도 성남시 수정구2,경기도 성남시 수정구 신흥동(수진역사거리 부근),5,5,37.438290,127.139109
2014,보행노인,경기도 성남시 수정구3,경기도 성남시 수정구 신흥동(예일병원사거리 부근),5,6,37.443167,127.143153
2014,보행노인,경기도 성남시 수정구4,경기도 성남시 수정구 태평동(한전 사거리 부근),4,4,37.445065,127.129722
2014,보행노인,경기도 성남시 수정구5,경기도 성남시 수정구 태평동(태평오거리 부근),4,4,37.445802,127.134701
2014,보행노인,경기도 성남시 수정구6,경기도 성남시 수정구 신흥동 신흥주공아파트 부근,3,3,37.452753,127.147412
2014,보행노인,경기도 성남시 중원구1,경기도 성남시 중원구 성남동(모란삼거리 부근),7,7,37.433004,127.129779
2014,보행노인,경기도 성남시 중원구2,경기도 성남시 중원구 성남동(현대공구 부근),5,5,37.429080,127.129784
2014,보행노인,경기도 성남시 중원구3,경기도 성남시 중원구 은행동(신성빌라 부근),5,5,37.462800,127.170143
2014,보행노인,경기도 성남시 중원구4,경기도 성남시 중원구 상대원동(상대원시장앞 부근),4,4,37.437470,127.158177
2014,보행노인,경기도 성남시 중원구5,경기도 성남시 중원구 중앙동(신흥사거리 부근),4,4,37.440293,127.146578
2014,보행노인,경기도 성남시 중원구6,경기도 성남시 중원구 금광동(상공회의소앞사거리 부근),3,3,37.444808,127.158460
2014,보행노인,경기도 용인시 기흥구1,경기도 용인시 기흥구 중동(강남마을계룡리슈빌7단지아파트 부근),3,3,37.269932,127.134562
2014,보행노인,경기도 용인시 수지구1,경기도 용인시 수지구 죽전동(죽전지하차도 부근),3,3,37.324911,127.107444
2014,보행어린이,서울특별시 광진구1,서울특별시 광진구 자양동(동부간선도로-강변북로램프(6) 부근),3,3,37.530510,127.067421
2014,보행어린이,서울특별시 동대문구1,서울특별시 동대문구 장안동(장안동사거리 부근),3,3,37.571974,127.071686
2014,보행어린이,서울특별시 동대문구2,서울특별시 동대문구 장안동(삼성레미안아파트 부근),3,3,37.575554,127.074228
2014,보행어린이,서울특별시 중랑구1,서울특별시 중랑구 망우동(우림시장앞 부근),4,4,37.595116,127.100058
2014,보행어린이,서울특별시 도봉구1,서울특별시 도봉구 창동(창동대우아파트 부근),4,4,37.642887,127.037970
2014,보행어린이,서울특별시 노원구1,서울특별시 노원구 중계동(은행사거리(서울) 부근),3,4,37.651141,127.077128
2014,보행어린이,서울특별시 은평구1,서울특별시 은평구 갈현동 갈현초등학교 부근,8,8,37.619428,126.916455
2014,보행어린이,서울특별시 은평구2,서울특별시 은평구 구산동(예일여고 부근),3,3,37.609898,126.915232
2014,보행어린이,서울특별시 양천구1,서울특별시 양천구 신정동(오목교(서단) 부근),3,4,37.523001,126.877142
2014,보행어린이,서울특별시 양천구2,서울특별시 양천구 신월동(선주빌라 부근),3,4,37.532851,126.830252
2014,보행어린이,서울특별시 강서구1,서울특별시 강서구 화곡동(화곡대림 부근),6,7,37.533689,126.837498
2014,보행어린이,서울특별시 강서구2,서울특별시 강서구 내발산동(우장산역 부근),3,3,37.547967,126.834729
2014,보행어린이,서울특별시 구로구1,서울특별시 구로구 구로동(구로종합사회복지관 부근),8,8,37.487129,126.889816
2014,보행어린이,서울특별시 금천구1,서울특별시 금천구 시흥동(평화교회 부근),3,3,37.450115,126.912375
2014,보행어린이,서울특별시 영등포구1,서울특별시 영등포구 당산동5가(당서초교후문 부근),4,4,37.531960,126.900302
2014,보행어린이,서울특별시 동작구1,서울특별시 동작구 상도동(건영약수맨션아파트 부근),5,7,37.498670,126.944025
2014,보행어린이,서울특별시 동작구2,서울특별시 동작구 대방동(남부교회 부근),3,3,37.508761,126.931705
2014,보행어린이,서울특별시 강남구1,서울특별시 강남구 역삼동(한솔필리아 부근),3,3,37.500002,127.049113
2014,보행어린이,서울특별시 강남구2,서울특별시 강남구 대치동(대치역 부근),3,4,37.494001,127.061790
2014,보행어린이,서울특별시 송파구1,서울특별시 송파구 가락동(송파중교 부근),4,4,37.496135,127.131321
2014,보행어린이,서울특별시 송파구2,서울특별시 송파구 잠실동(신천역 부근),3,3,37.511609,127.085390
2014,보행어린이,서울특별시 송파구3,서울특별시 송파구 잠실동(잠전초교입구 부근),3,3,37.507041,127.083388
2014,보행어린이,서울특별시 강동구1,서울특별시 강동구 명일동 대명초등학교 부근,3,3,37.548090,127.153518
2014,보행어린이,서울특별시 강동구2,서울특별시 강동구 성내동(강동농협둔촌지소 부근),3,3,37.530350,127.130707
2014,보행어린이,경기도 수원시 장안구1,경기도 수원시 장안구 정자동(동신아파트 부근),5,6,37.300653,126.994244
2014,보행어린이,경기도 수원시 권선구1,경기도 수원시 권선구 탑동(참산부인과 부근),5,5,37.273244,126.973582
2014,보행어린이,경기도 수원시 권선구2,경기도 수원시 권선구 권선동(태장면고개사거리 부근),3,3,37.265001,127.020936
2014,보행어린이,경기도 수원시 영통구1,경기도 수원시 영통구 매탄동(원천한국2차아파트 부근),3,3,37.267961,127.051719
2014,보행어린이,경기도 성남시 수정구1,경기도 성남시 수정구 태평동(태평오거리 부근),3,3,37.447127,127.133423
2014,보행어린이,경기도 성남시 중원구1,경기도 성남시 중원구 상대원동(상대원시장앞 부근),4,9,37.436856,127.158493
2014,보행어린이,경기도 용인시 기흥구1,경기도 용인시 기흥구 보정동(죽현마을아이파크죽전 부근),3,3,37.319407,127.113010
2014,보행어린이,경기도 용인시 수지구1,경기도 용인시 수지구 동천동(우미이노스빌 부근),3,3,37.335254,127.093793
2015,스쿨존어린이,서울특별시 중랑구1,서울특별시 중랑구 묵동(묵현초교 부근),3,3,37.608344,127.075014
2015,스쿨존어린이,서울특별시 성북구1,서울특별시 성북구 장위동(장위초교 부근),3,3,37.611186,127.048284
2015,스쿨존어린이,서울특별시 도봉구1,서울특별시 도봉구 창동(창원초교 부근),3,3,37.653416,127.041023
2015,스쿨존어린이,서울특별시 금천구1,서울특별시 금천구 시흥동(문백초교 부근),1,1,37.449438,126.900058
2015,보행어린이,서울특별시 용산구1,"서울특별시 용산구 이촌동(이촌1동 주민선터, 용산청소년수 부근)",3,4,37.521424,126.973010
2015,보행어린이,서울특별시 동대문구1,서울특별시 동대문구 장안동(승용빌딩 부근),3,3,37.566494,127.068121
2015,보행어린이,서울특별시 중랑구1,서울특별시 중랑구 상봉동(중화초교 부근),3,3,37.602417,127.094933
2015,보행어린이,서울특별시 중랑구2,서울특별시 중랑구 묵동(묵2동사무소 부근),3,3,37.609448,127.074558
2015,보행어린이,서울특별시 성북구1,서울특별시 성북구 하월곡동(하월곡생명중앙교회 부근),3,4,37.607851,127.036376
2015,보행어린이,서울특별시 도봉구1,서울특별시 도봉구 방학동(신동아아파트(방학동)11동 부근),4,4,37.661161,127.027605
2015,보행어린이,서울특별시 은평구1,서울특별시 은평구 응암동(파리바게뜨 부근),3,3,37.588024,126.917561
2015,보행어린이,서울특별시 은평구2,서울특별시 은평구 증산동(증산시장 부근),3,3,37.581862,126.904992
2015,보행어린이,서울특별시 서대문구1,서울특별시 서대문구 홍은동(우방빌라 부근),3,5,37.580977,126.925958
2015,보행어린이,서울특별시 강서구1,서울특별시 강서구 내발산동(수명파크3단지 부근),3,3,37.553616,126.826098
2015,보행어린이,서울특별시 강서구2,서울특별시 강서구 내발산동(수명중.고교입구 부근),3,3,37.549906,126.823516
2015,보행어린이,서울특별시 금천구1,서울특별시 금천구 시흥동(은행나무오거리 부근),3,3,37.451470,126.908561
2015,보행어린이,서울특별시 영등포구1,서울특별시 영등포구 양평동1가(양평역사거리 부근),3,3,37.525584,126.887316
2015,보행어린이,서울특별시 영등포구2,서울특별시 영등포구 신길동(청운빌딩 부근),3,3,37.501128,126.902630
2015,보행어린이,서울특별시 동작구1,서울특별시 동작구 상도동(국민은행 부근),3,3,37.499139,126.928144
2015,보행어린이,서울특별시 관악구1,서울특별시 관악구 신림동(뿌리약국 부근),3,3,37.474248,126.918576
2015,보행어린이,서울특별시 서초구1,서울특별시 서초구 양재동(금호빌딩 부근),3,3,37.471446,127.044094
2015,보행어린이,서울특별시 강남구1,서울특별시 강남구 도곡동(경남아파트 부근),4,4,37.487872,127.039838
2015,보행어린이,서울특별시 강동구1,서울특별시 강동구 명일동(명일동사무소 부근),3,4,37.550071,127.146671
2015,보행어린이,서울특별시 강동구2,서울특별시 강동구 성내동(강동 삼성아파트 부근),3,4,37.531790,127.125863
2015,보행어린이,경기도 수원시 장안구1,경기도 수원시 장안구 조원동(천연화장품 부근),4,4,37.301462,127.016406
2015,보행어린이,경기도 수원시 장안구2,경기도 수원시 장안구 천천동((주)웅진씽크빅 서수원지국 부근),3,4,37.297764,126.982473
2015,보행어린이,경기도 수원시 권선구1,경기도 수원시 권선구 권선동(진성건업(주) 부근),3,4,37.254996,127.027247
2015,보행어린이,경기도 수원시 팔달구1,경기도 수원시 팔달구 화서동(화서오거리 부근),3,3,37.278794,126.999360
2015,보행어린이,경기도 성남시 중원구1,경기도 성남시 중원구 금광동(금광카센타 부근),3,3,37.448111,127.163714
2015,보행어린이,경기도 용인시 기흥구1,경기도 용인시 기흥구 구갈동(삼성테스코(주)홈플러스 익스프레스 새천년 부근),3,4,37.288489,127.111133
2015,보행어린이,경기도 용인시 기흥구2,경기도 용인시 기흥구 동백동(삼성내과 부근),3,4,37.282624,127.159740
2015,보행노인,서울특별시 종로구1,서울특별시 종로구 관수동(종로3가 부근),10,11,37.570193,126.991031
2015,보행노인,서울특별시 종로구2,서울특별시 종로구 숭인동(황학교(북단)_난계로_진출_1 부근),7,7,37.573444,127.023269
2015,보행노인,서울특별시 종로구3,서울특별시 종로구 숭인동(영도교(남단) 부근),5,5,37.571106,127.018814
2015,보행노인,서울특별시 종로구4,서울특별시 종로구 낙원동(낙원상가 부근),5,5,37.572663,126.988593
2015,보행노인,서울특별시 종로구5,서울특별시 종로구 효제동(율곡로-충효길진출로 부근),4,4,37.574692,127.005728
2015,보행노인,서울특별시 종로구6,서울특별시 종로구 경운동(안국동사거리_율곡로_진출_1 부근),3,5,37.575782,126.983871
2015,보행노인,서울특별시 종로구7,서울특별시 종로구 창신동(박민규이빈후과 부근),3,3,37.576916,127.015423
2015,보행노인,서울특별시 중구1,서울특별시 중구 봉래동2가(동자로터리_한강로_진입 부근),7,7,37.555164,126.972553
2015,보행노인,서울특별시 중구2,서울특별시 중구 신당동(약수역_동호로_진입_1 부근),7,7,37.553781,127.011645
2015,보행노인,서울특별시 중구3,서울특별시 중구 남창동(신세계백화점(정문) 부근),6,6,37.559511,126.977979
2015,보행노인,서울특별시 중구4,서울특별시 중구 신당동(기업은행성동지점 부근),6,7,37.565424,127.020916
2015,보행노인,서울특별시 중구5,서울특별시 중구 산림동(남강빌딩 부근),4,4,37.567992,126.997831
2015,보행노인,서울특별시 중구6,서울특별시 중구 충무로3가(호운빌딩 부근),4,5,37.562644,126.993084
2015,보행노인,서울특별시 중구7,서울특별시 중구 의주로2가(염천교 부근),3,3,37.559600,126.971140
2015,보행노인,서울특별시 용산구1,서울특별시 용산구 후암동(후암시장 부근),5,5,37.549796,126.977545
2015,보행노인,서울특별시 용산구2,서울특별시 용산구 용산동3가(삼각지역 부근),5,5,37.535249,126.974205
2015,보행노인,서울특별시 용산구3,서울특별시 용산구 보광동(81번종점 부근),4,5,37.526995,126.999939
2015,보행노인,서울특별시 용산구4,서울특별시 용산구 갈월동(항강로-청파1로진출로 부근),3,3,37.549418,126.971687
2015,보행노인,서울특별시 용산구5,서울특별시 용산구 남영동(숙대입구역 부근),3,3,37.545101,126.972065
2015,보행노인,서울특별시 성동구1,서울특별시 성동구 마장동(마장현대아파트 부근),6,6,37.570478,127.041962
2015,보행노인,서울특별시 성동구2,서울특별시 성동구 도선동(홍익동123빌딩 부근),5,5,37.566173,127.035760
2015,보행노인,서울특별시 성동구3,서울특별시 성동구 행당동(왕십리역_왕십리길_진입_1 부근),5,5,37.561450,127.034923
2015,보행노인,서울특별시 성동구4,서울특별시 성동구 금호동3가(금남시장 부근),5,5,37.548222,127.021916
2015,보행노인,서울특별시 성동구5,서울특별시 성동구 금호동1가(논골사거리 부근),3,3,37.556701,127.024905
2015,보행노인,서울특별시 성동구6,서울특별시 성동구 상왕십리동(상왕십리역 부근),3,3,37.564152,127.030134
2015,보행노인,서울특별시 성동구7,서울특별시 성동구 성수동2가(성수사거리 부근),3,3,37.542248,127.063697
2015,보행노인,서울특별시 성동구8,서울특별시 성동구 금호동1가(응봉현대아파트 부근),3,3,37.549525,127.029921
2015,보행노인,서울특별시 성동구9,서울특별시 성동구 옥수동(옥수동노인정 부근),3,3,37.541392,127.017249
2015,보행노인,서울특별시 광진구1,서울특별시 광진구 중곡동(광제사약국 부근),5,5,37.564693,127.081821
2015,보행노인,서울특별시 광진구2,서울특별시 광진구 구의동(영화사입구삼거리 부근),4,4,37.555032,127.093204
2015,보행노인,서울특별시 동대문구1,서울특별시 동대문구 제기동(우리은행청량리중앙지점 부근),13,13,37.579064,127.041389
2015,보행노인,서울특별시 동대문구2,서울특별시 동대문구 청량리동(청량리역_홍릉길_진입_1 부근),8,8,37.581368,127.044997
2015,보행노인,서울특별시 동대문구3,서울특별시 동대문구 제기동(용두교앞 부근),6,6,37.578200,127.034619
2015,보행노인,서울특별시 동대문구4,서울특별시 동대문구 이문동(사슴약국 부근),5,5,37.600822,127.062043
2015,보행노인,서울특별시 동대문구5,서울특별시 동대문구 전농동(전농동사거리_전농로_진입_2 부근),5,5,37.577124,127.057601
2015,보행노인,서울특별시 동대문구6,서울특별시 동대문구 제기동(양지장여관 부근),4,4,37.588216,127.037244
2015,보행노인,서울특별시 동대문구7,서울특별시 동대문구 휘경동(외대앞역지하차도(동측) 부근),4,4,37.594819,127.064216
2015,보행노인,서울특별시 동대문구8,서울특별시 동대문구 답십리동(답십리사거리 부근),4,4,37.572774,127.058052
2015,보행노인,서울특별시 동대문구9,서울특별시 동대문구 이문동(이문동우편취급소 부근),4,4,37.604902,127.062034
2015,보행노인,서울특별시 동대문구10,서울특별시 동대문구 이문동(우영목욕탕 부근),3,3,37.593555,127.058461
2015,보행노인,서울특별시 동대문구11,서울특별시 동대문구 장안동(동양빌딩 부근),3,3,37.567623,127.068667
2015,보행노인,서울특별시 동대문구12,서울특별시 동대문구 전농동(전농1동사무소 부근),3,3,37.579223,127.050332
2015,보행노인,서울특별시 중랑구1,서울특별시 중랑구 상봉동(부국병원 부근),7,7,37.594562,127.085857
2015,보행노인,서울특별시 중랑구2,서울특별시 중랑구 묵동(묵동성심의원 부근),5,5,37.616983,127.079445
2015,보행노인,서울특별시 중랑구3,서울특별시 중랑구 중화동(한미은행 부근),5,5,37.594366,127.077901
2015,보행노인,서울특별시 중랑구4,서울특별시 중랑구 면목동(용마한신아파트 부근),3,3,37.582006,127.093402
2015,보행노인,서울특별시 중랑구5,서울특별시 중랑구 신내동(중랑구청사거리 부근),3,3,37.607048,127.095603
2015,보행노인,서울특별시 중랑구6,서울특별시 중랑구 중화동(중흥초교 부근),3,3,37.601873,127.083675
2015,보행노인,서울특별시 중랑구7,서울특별시 중랑구 면목동(면목2동사거리_일반국도3호선_진 부근),3,3,37.587579,127.079985
2015,보행노인,서울특별시 성북구1,서울특별시 성북구 길음동(길음뉴타운 상가동 부근),7,7,37.603792,127.022809
2015,보행노인,서울특별시 성북구2,서울특별시 성북구 장위동(중고재활용센타 부근),6,6,37.616749,127.049360
2015,보행노인,서울특별시 성북구3,서울특별시 성북구 돈암동(서경대입구 부근),6,6,37.603545,127.014306
2015,보행노인,서울특별시 성북구4,서울특별시 성북구 동선동4가(엔젤오피스텔 부근),4,4,37.594653,127.019419
2015,보행노인,서울특별시 성북구5,서울특별시 성북구 종암동(종암동 근린생활시설 부근),4,4,37.599262,127.034288
2015,보행노인,서울특별시 성북구6,서울특별시 성북구 삼선동1가(한성대입구역_동소문로_진입_1 부근),4,6,37.588440,127.006375
2015,보행노인,서울특별시 성북구7,서울특별시 성북구 하월곡동(원조산천칡냉면 부근),3,3,37.601274,127.040838
2015,보행노인,서울특별시 성북구8,서울특별시 성북구 장위동(신한은행(장위지점) 부근),3,3,37.609886,127.051635
2015,보행노인,서울특별시 강북구1,서울특별시 강북구 미아동(삼성생명 부근),9,10,37.625390,127.026477
2015,보행노인,서울특별시 강북구2,서울특별시 강북구 미아동(솔샘빌딩 부근),8,8,37.618947,127.029087
2015,보행노인,서울특별시 강북구3,서울특별시 강북구 수유동(북부안식일교회 부근),5,5,37.628682,127.017999
2015,보행노인,서울특별시 강북구4,서울특별시 강북구 수유동(우이초등교앞 부근),5,7,37.641051,127.016970
2015,보행노인,서울특별시 강북구5,서울특별시 강북구 미아동(목화빌라 부근),4,5,37.629575,127.024975
2015,보행노인,서울특별시 강북구6,서울특별시 강북구 번동(강북보건소 부근),4,4,37.632851,127.039057
2015,보행노인,서울특별시 강북구7,서울특별시 강북구 번동(강북유니온빌딩앞 부근),4,4,37.628291,127.042767
2015,보행노인,서울특별시 강북구8,서울특별시 강북구 미아동(유봉빌딩 부근),4,4,37.614087,127.030920
2015,보행노인,서울특별시 강북구9,서울특별시 강북구 미아동(금강빌딩 부근),4,4,37.619324,127.015457
2015,보행노인,서울특별시 강북구10,서울특별시 강북구 번동(용빌딩 부근),3,3,37.626249,127.034279
2015,보행노인,서울특별시 강북구11,서울특별시 강북구 수유동(4.19탑 부근),3,5,37.647630,127.011626
2015,보행노인,서울특별시 강북구12,서울특별시 강북구 미아동(삼양시장 부근),3,3,37.624876,127.019652
2015,보행노인,서울특별시 도봉구1,서울특별시 도봉구 도봉동(신도봉사거리 부근),5,7,37.671344,127.044031
2015,보행노인,서울특별시 도봉구2,서울특별시 도봉구 창동(남대문약국 부근),4,5,37.637587,127.037936
2015,보행노인,서울특별시 도봉구3,서울특별시 도봉구 쌍문동(도봉전화국 부근),4,4,37.647977,127.035466
2015,보행노인,서울특별시 도봉구4,서울특별시 도봉구 도봉동(극동쌍용아파트 부근),3,3,37.653255,127.027337
2015,보행노인,서울특별시 노원구1,서울특별시 노원구 하계동(노원소방서 부근),4,4,37.637976,127.072538
2015,보행노인,서울특별시 노원구2,서울특별시 노원구 공릉동(안성민치과의원 부근),4,4,37.623477,127.076132
2015,보행노인,서울특별시 노원구3,서울특별시 노원구 상계동(마들역 부근),3,3,37.664429,127.057248
2015,보행노인,서울특별시 노원구4,서울특별시 노원구 상계동(상계9동사무소 부근),3,3,37.664690,127.064219
2015,보행노인,서울특별시 은평구1,서울특별시 은평구 응암동(증산손칼국수 부근),5,5,37.587733,126.912769
2015,보행노인,서울특별시 은평구2,서울특별시 은평구 응암동(은현교회 부근),4,4,37.585964,126.915765
2015,보행노인,서울특별시 은평구3,서울특별시 은평구 응암동(은평구청입구 부근),4,4,37.600454,126.926196
2015,보행노인,서울특별시 은평구4,서울특별시 은평구 불광동(연서로-연천초교길진출로 부근),4,4,37.620372,126.924168
2015,보행노인,서울특별시 은평구5,서울특별시 은평구 응암동(연흥초등학교 부근),3,3,37.589996,126.918788
2015,보행노인,서울특별시 은평구6,서울특별시 은평구 갈현동(하나은행연신내지점 부근),3,3,37.616070,126.918258
2015,보행노인,서울특별시 은평구7,서울특별시 은평구 불광동(연신초교삼거리 부근),3,3,37.624978,126.928941
2015,보행노인,서울특별시 은평구8,서울특별시 은평구 증산동(증산역 부근),3,6,37.584205,126.909873
2015,보행노인,서울특별시 은평구9,서울특별시 은평구 신사동(신사동고개_은평로_진입 부근),3,3,37.598165,126.911176
2015,보행노인,서울특별시 은평구10,서울특별시 은평구 대조동(우성정육점 부근),3,3,37.614535,126.922437
2015,보행노인,서울특별시 은평구11,서울특별시 은평구 녹번동(역촌역 부근),3,3,37.606441,126.922624
2015,보행노인,서울특별시 은평구12,서울특별시 은평구 갈현동(예원피아노 부근),3,3,37.615479,126.913266
2015,보행노인,서울특별시 서대문구1,서울특별시 서대문구 홍제동(서부빌딩 부근),8,9,37.588093,126.944643
2015,보행노인,서울특별시 서대문구2,서울특별시 서대문구 홍은동(홍은사거리_홍은중앙길_진입 부근),6,6,37.591585,126.941886
2015,보행노인,서울특별시 서대문구3,서울특별시 서대문구 홍제동(충만한교회 부근),6,6,37.593607,126.947815
2015,보행노인,서울특별시 서대문구4,서울특별시 서대문구 북아현동(SC제일은행 부근),4,4,37.561992,126.955814
2015,보행노인,서울특별시 서대문구5,서울특별시 서대문구 북가좌동(고려가정의학과의원 부근),3,3,37.581994,126.913817
2015,보행노인,서울특별시 서대문구6,서울특별시 서대문구 현저동(독립문_의주로_진출_2 부근),3,3,37.572484,126.959826
2015,보행노인,서울특별시 마포구1,서울특별시 마포구 서교동(홍대입구역 부근),7,8,37.555043,126.921492
2015,보행노인,서울특별시 마포구2,서울특별시 마포구 망원동(상암교 부근),3,4,37.566074,126.899836
2015,보행노인,서울특별시 마포구3,서울특별시 마포구 연남동(로얄빌딩 부근),3,3,37.564355,126.920186
2015,보행노인,서울특별시 마포구4,서울특별시 마포구 노고산동(신촌로터리_신촌로_진출 부근),3,4,37.554425,126.935661
2015,보행노인,서울특별시 양천구1,서울특별시 양천구 신정동(신정네거리역 부근),7,7,37.520344,126.852680
2015,보행노인,서울특별시 양천구2,서울특별시 양천구 신월동(샛별유치원 부근),6,7,37.518636,126.837133
2015,보행노인,서울특별시 양천구3,서울특별시 양천구 신정동(목동9-10단지 부근),5,5,37.516524,126.861511
2015,보행노인,서울특별시 양천구4,서울특별시 양천구 신정동(김약국 부근),4,4,37.516634,126.851147
2015,보행노인,서울특별시 양천구5,서울특별시 양천구 목동(목동초등학교 부근),3,3,37.523042,126.871157
2015,보행노인,서울특별시 양천구6,서울특별시 양천구 신월동(선주빌라 부근),3,3,37.532788,126.830281
2015,보행노인,서울특별시 강서구1,서울특별시 강서구 화곡동(화곡사거리 부근),7,7,37.530628,126.846965
2015,보행노인,서울특별시 강서구2,서울특별시 강서구 등촌동(KBS88체육관 부근),5,8,37.557334,126.848571
2015,보행노인,서울특별시 강서구3,서울특별시 강서구 등촌동(가양5단지 부근),4,4,37.562915,126.851629
2015,보행노인,서울특별시 강서구4,서울특별시 강서구 화곡동(목동사거리 부근),4,4,37.532182,126.861864
2015,보행노인,서울특별시 구로구1,서울특별시 구로구 개봉동(배남준치과의원앞 부근),5,5,37.488216,126.856197
2015,보행노인,서울특별시 구로구2,서울특별시 구로구 구로동(구로초등교 부근),5,8,37.495132,126.882839
2015,보행노인,서울특별시 구로구3,서울특별시 구로구 개봉동(개봉역 부근),5,5,37.493536,126.857404
2015,보행노인,서울특별시 구로구4,서울특별시 구로구 가리봉동(햇살무리예능선교원 부근),5,5,37.482363,126.887032
2015,보행노인,서울특별시 구로구5,서울특별시 구로구 구로동(기업은행구로북지점 부근),4,4,37.496436,126.891102
2015,보행노인,서울특별시 구로구6,서울특별시 구로구 구로동(영서중 부근),4,4,37.489533,126.891353
2015,보행노인,서울특별시 구로구7,서울특별시 구로구 구로동(구로4동우체국 부근),4,4,37.490108,126.884194
2015,보행노인,서울특별시 구로구8,서울특별시 구로구 궁동(수궁동사무소입구삼거리 부근),4,5,37.493318,126.832615
2015,보행노인,서울특별시 구로구9,서울특별시 구로구 오류동(시티월드앞 부근),3,4,37.494296,126.840116
2015,보행노인,서울특별시 구로구10,서울특별시 구로구 오류동((주)유천인바이트 부근),3,3,37.493757,126.844795
2015,보행노인,서울특별시 금천구1,서울특별시 금천구 독산동(박재영과위원 부근),6,6,37.468282,126.902095
2015,보행노인,서울특별시 금천구2,서울특별시 금천구 시흥동(장혁빌딩 부근),4,4,37.457484,126.905386
2015,보행노인,서울특별시 영등포구1,서울특별시 영등포구 영등포동(영등포역고가차도(남측) 부근),6,6,37.513957,126.908021
2015,보행노인,서울특별시 영등포구2,서울특별시 영등포구 영등포동6가(영등포시장앞 부근),5,5,37.521006,126.905031
2015,보행노인,서울특별시 영등포구3,서울특별시 영등포구 도림동(도림초등학교 부근),4,4,37.509407,126.907124
2015,보행노인,서울특별시 영등포구4,서울특별시 영등포구 양평동2가(정진한의원 부근),3,3,37.522162,126.885496
2015,보행노인,서울특별시 영등포구5,서울특별시 영등포구 신길동(엔-씨티오피스텔_노량진로_진입 부근),3,3,37.514620,126.918286
2015,보행노인,서울특별시 영등포구6,서울특별시 영등포구 대림동(영등포구청 부근),2,2,37.527040,126.899283
2015,보행노인,서울특별시 동작구1,서울특별시 동작구 대방동(상도3동주민센터 부근),7,10,37.500057,126.930686
2015,보행노인,서울특별시 동작구2,서울특별시 동작구 상도동(상도지구대 부근),6,6,37.504266,126.939538
2015,보행노인,서울특별시 동작구3,서울특별시 동작구 상도동(명수대상가 부근),5,5,37.507597,126.962206
2015,보행노인,서울특별시 동작구4,서울특별시 동작구 노량진동(성애병원입구 부근),4,4,37.510945,126.924775
2015,보행노인,서울특별시 관악구1,서울특별시 관악구 봉천동(현대시장입구 부근),5,5,37.482564,126.947616
2015,보행노인,서울특별시 관악구2,서울특별시 관악구 봉천동(관악프라자 부근),5,5,37.483712,126.954516
2015,보행노인,서울특별시 관악구3,서울특별시 관악구 신림동(뿌리약국 부근),4,4,37.473965,126.918879
2015,보행노인,서울특별시 관악구4,서울특별시 관악구 신림동(봉림교(남단) 부근),4,6,37.483492,126.924763
2015,보행노인,서울특별시 관악구5,서울특별시 관악구 봉천동(신우빌딩 부근),4,4,37.482976,126.940918
2015,보행노인,서울특별시 관악구6,서울특별시 관악구 신림동(관악구-동작구경계(7) 부근),4,4,37.487369,126.912925
2015,보행노인,서울특별시 관악구7,서울특별시 관악구 신림동(유완약국 부근),4,4,37.466850,126.930179
2015,보행노인,서울특별시 관악구8,서울특별시 관악구 봉천동(봉천고개 부근),3,3,37.490639,126.956751
2015,보행노인,서울특별시 관악구9,서울특별시 관악구 신림동(신림우방아파트 부근),3,3,37.489405,126.917527
2015,보행노인,서울특별시 관악구10,서울특별시 관악구 봉천동(보라매공원 부근),3,3,37.492315,126.926773
2015,보행노인,서울특별시 관악구11,서울특별시 관악구 봉천동(조강빌딩 부근),3,3,37.479439,126.944774
2015,보행노인,서울특별시 관악구12,서울특별시 관악구 봉천동(한독빌딩 부근),3,3,37.486789,126.947642
2015,보행노인,서울특별시 서초구1,서울특별시 서초구 서초동(양재지하차도(서측) 부근),4,4,37.484918,127.031796
2015,보행노인,서울특별시 서초구2,서울특별시 서초구 잠원동(반포쇼핑센타 부근),3,4,37.506527,127.004054
2015,보행노인,서울특별시 강남구1,서울특별시 강남구 논현동(청하빌딩 부근),5,5,37.507700,127.023858
2015,보행노인,서울특별시 강남구2,서울특별시 강남구 개포동(수서경찰서 부근),3,3,37.492495,127.076399
2015,보행노인,서울특별시 송파구1,서울특별시 송파구 잠실동(송파구청 부근),4,6,37.515291,127.106515
2015,보행노인,서울특별시 송파구2,서울특별시 송파구 가락동(금호아파트 부근),4,4,37.495203,127.116349
2015,보행노인,서울특별시 송파구3,서울특별시 송파구 가락동(GS마트입구 부근),3,3,37.491571,127.116306
2015,보행노인,서울특별시 강동구1,서울특별시 강동구 성내동(산경빌딩 부근),7,7,37.537201,127.127708
2015,보행노인,서울특별시 강동구2,서울특별시 강동구 길동(마루빌딩 부근),3,3,37.537491,127.139970
2015,보행노인,경기도 수원시 장안구1,경기도 수원시 장안구 파장동(보건환경연구원앞 부근),5,5,37.308695,126.995601
2015,보행노인,경기도 수원시 장안구2,경기도 수원시 장안구 송죽동(경남아너스빌 부근),4,4,37.301097,126.996955
2015,보행노인,경기도 수원시 장안구3,경기도 수원시 장안구 영화동(운동장사거리 부근),3,3,37.295366,127.009032
2015,보행노인,경기도 수원시 권선구1,경기도 수원시 권선구 세류동(유천사거리 부근),3,3,37.259236,127.012532
2015,보행노인,경기도 수원시 팔달구1,경기도 수원시 팔달구 매산로2가(배도형한의원 부근),4,4,37.268820,127.007005
2015,보행노인,경기도 수원시 팔달구2,경기도 수원시 팔달구 우만동(못골사거리 부근),4,4,37.285450,127.027622
2015,보행노인,경기도 수원시 팔달구3,경기도 수원시 팔달구 인계동(시청지하차도 부근),3,3,37.265079,127.024623
2015,보행노인,경기도 수원시 팔달구4,경기도 수원시 팔달구 인계동(민화통신(주) 부근),3,3,37.277958,127.033151
2015,보행노인,경기도 수원시 영통구1,경기도 수원시 영통구 매탄동(태백장&숯불갈비 부근),3,3,37.264013,127.045341
2015,보행노인,경기도 성남시 수정구1,경기도 성남시 수정구 수진동(탄리사거리 부근),11,11,37.441903,127.134938
2015,보행노인,경기도 성남시 수정구2,경기도 성남시 수정구 수진동(태평역사거리 부근),8,8,37.439984,127.127571
2015,보행노인,경기도 성남시 수정구3,경기도 성남시 수정구 수진동(수진제2주차장 부근),6,6,37.435517,127.134478
2015,보행노인,경기도 성남시 수정구4,경기도 성남시 수정구 수진동(수진역사거리 부근),5,5,37.437716,127.140835
2015,보행노인,경기도 성남시 수정구5,경기도 성남시 수정구 태평동(예일병원사거리 부근),3,3,37.445052,127.140325
2015,보행노인,경기도 성남시 중원구1,경기도 성남시 중원구 성남동(모란삼거리 부근),9,9,37.431696,127.129079
2015,보행노인,경기도 성남시 중원구2,경기도 성남시 중원구 상대원동(슬리민속학원 부근),3,3,37.439060,127.165608
2015,보행노인,경기도 성남시 중원구3,경기도 성남시 중원구 중앙동(까미다방 부근),3,3,37.444319,127.156553
2015,보행노인,경기도 성남시 분당구1,경기도 성남시 분당구 야탑동(홈케어굿모닝약국 부근),5,5,37.409830,127.126117
2015,보행노인,경기도 성남시 분당구2,경기도 성남시 분당구 정자동(불정사거리 부근),4,5,37.357982,127.119202
2015,보행노인,경기도 성남시 분당구3,경기도 성남시 분당구 서현동((주)건축사무소도시건축 부근),4,4,37.387859,127.122558
2015,보행노인,경기도 성남시 분당구4,경기도 성남시 분당구 구미동(놀부보쌈(분당구미점) 부근),3,3,37.336623,127.116617
2015,보행노인,경기도 성남시 분당구5,경기도 성남시 분당구 수내동(정상제이엘에스 (영재관) 부근),3,3,37.376749,127.115487
2015,보행노인,경기도 성남시 분당구6,경기도 성남시 분당구 구미동(청솔마을 부근),3,3,37.352147,127.109052
2015,보행노인,경기도 용인시 처인구1,경기도 용인시 처인구 김량장동(우리가정의원 부근),3,3,37.235336,127.205697
2015,보행노인,경기도 용인시 기흥구1,경기도 용인시 기흥구 언남동(삼성화재 기흥영업소 부근),5,5,37.293092,127.121385
2015,보행노인,경기도 용인시 기흥구2,경기도 용인시 기흥구 마북동(구성SM셀프세차장 부근),3,3,37.294628,127.110098
2015,보행노인,경기도 용인시 기흥구3,경기도 용인시 기흥구 마북동(OK마트 구성점 부근),3,3,37.298735,127.107715
2015,보행노인,경기도 용인시 수지구1,경기도 용인시 수지구 풍덕천동(공문교육연구원(주)수지점 부근),6,6,37.323205,127.095821
2015,보행노인,경기도 용인시 수지구2,경기도 용인시 수지구 죽전동(굴량들A 부근),5,5,37.325379,127.107351
2015,자전거,서울특별시 종로구1,서울특별시 종로구 청운동(자하문사거리 부근),5,5,37.592486,126.966082
2015,자전거,서울특별시 종로구2,서울특별시 종로구 종로3가(종로3가 부근),4,4,37.570246,126.992126
2015,자전거,서울특별시 중구1,서울특별시 중구 을지로6가(오간수교(북단) 부근),7,7,37.569896,127.009500
2015,자전거,서울특별시 성동구1,서울특별시 성동구 마장동(마장현대아파트 부근),9,12,37.570917,127.043316
2015,자전거,서울특별시 성동구2,서울특별시 성동구 성수동2가(태화약국 부근),8,9,37.544943,127.054330
2015,자전거,서울특별시 성동구3,서울특별시 성동구 성수동1가(성수여중 부근),7,8,37.540182,127.050013
2015,자전거,서울특별시 성동구4,서울특별시 성동구 도선동(청계벽산 상가 부근),7,7,37.569188,127.030282
2015,자전거,서울특별시 성동구5,서울특별시 성동구 성수동2가(뚝도시장 부근),7,8,37.539540,127.055067
2015,자전거,서울특별시 성동구6,서울특별시 성동구 성수동1가(한국방송통신대학교(서울지역학 부근),7,7,37.547043,127.047584
2015,자전거,서울특별시 성동구7,서울특별시 성동구 송정동(치과의사회관앞 부근),5,6,37.549010,127.057482
2015,자전거,서울특별시 성동구8,서울특별시 성동구 성수동1가(한신아파트 부근),4,5,37.535485,127.052002
2015,자전거,서울특별시 광진구1,서울특별시 광진구 중곡동(중곡주유소 부근),7,7,37.558499,127.076139
2015,자전거,서울특별시 광진구2,서울특별시 광진구 자양동(국민은행자양동지점 부근),7,8,37.531669,127.080585
2015,자전거,서울특별시 광진구3,서울특별시 광진구 화양동(건대입구역 부근),7,7,37.540297,127.069464
2015,자전거,서울특별시 광진구4,서울특별시 광진구 자양동(성수사거리 부근),6,7,37.541959,127.063872
2015,자전거,서울특별시 광진구5,서울특별시 광진구 자양동(올림픽대로-일반국도3호선램프(1 부근),6,6,37.519443,127.093504
2015,자전거,서울특별시 광진구6,서울특별시 광진구 자양동(씨케이하우컨(주) 부근),6,6,37.540563,127.083627
2015,자전거,서울특별시 광진구7,서울특별시 광진구 중곡동(중곡동사거리 부근),5,6,37.563102,127.079899
2015,자전거,서울특별시 광진구8,서울특별시 광진구 군자동(만나정 부근),5,6,37.552118,127.076800
2015,자전거,서울특별시 광진구9,서울특별시 광진구 자양동(신양초교앞 부근),4,4,37.535371,127.068324
2015,자전거,서울특별시 광진구10,서울특별시 광진구 자양동(동부간선도로-강변북로램프(4) 부근),4,4,37.529759,127.064597
2015,자전거,서울특별시 광진구11,서울특별시 광진구 광장동(광장사거리 부근),4,4,37.545383,127.103341
2015,자전거,서울특별시 광진구12,서울특별시 광진구 구의동(어린이대공원후문 부근),4,4,37.551393,127.090115
2015,자전거,서울특별시 광진구13,서울특별시 광진구 자양동(신자초교입구 부근),4,4,37.534282,127.076086
2015,자전거,서울특별시 광진구14,서울특별시 광진구 구의동(구의사거리 부근),4,4,37.545094,127.083716
2015,자전거,서울특별시 광진구15,서울특별시 광진구 구의동(강변북로-광나룻길램프(4) 부근),4,4,37.539388,127.098297
2015,자전거,서울특별시 동대문구1,서울특별시 동대문구 용두동(마장동사거리 부근),17,18,37.572568,127.037952
2015,자전거,서울특별시 동대문구2,서울특별시 동대문구 제기동(고대앞사거리_제기로_진출_1 부근),10,11,37.586457,127.034502
2015,자전거,서울특별시 동대문구3,서울특별시 동대문구 답십리동(황물길-천호대로진입로 부근),10,10,37.564403,127.056316
2015,자전거,서울특별시 동대문구4,서울특별시 동대문구 장안동(장평교앞 부근),8,8,37.572024,127.076357
2015,자전거,서울특별시 동대문구5,서울특별시 동대문구 장안동(장평중교 부근),8,8,37.565390,127.071155
2015,자전거,서울특별시 동대문구6,서울특별시 동대문구 휘경동(동부간선도로-일반국도6호선램프 부근),7,8,37.591778,127.069565
2015,자전거,서울특별시 동대문구7,서울특별시 동대문구 장안동(장안동사무소 부근),7,8,37.572498,127.067828
2015,자전거,서울특별시 동대문구8,서울특별시 동대문구 제기동(홍파초교 부근),7,7,37.586949,127.039225
2015,자전거,서울특별시 동대문구9,서울특별시 동대문구 장안동(장안동우리은행 부근),7,7,37.566558,127.066186
2015,자전거,서울특별시 동대문구10,서울특별시 동대문구 제기동(경동시장 부근),7,7,37.579262,127.038500
2015,자전거,서울특별시 동대문구11,서울특별시 동대문구 답십리동(신답육교 부근),6,6,37.571267,127.049979
2015,자전거,서울특별시 동대문구12,서울특별시 동대문구 용두동(용두 치안센터 부근),6,6,37.578109,127.033996
2015,자전거,서울특별시 동대문구13,서울특별시 동대문구 휘경동(위생병원앞 부근),6,6,37.590493,127.063429
2015,자전거,서울특별시 동대문구14,서울특별시 동대문구 전농동(전농동사거리_사가정길_진출_2 부근),5,5,37.576910,127.056714
2015,자전거,서울특별시 동대문구15,서울특별시 동대문구 장안동(장안2파출소앞 부근),5,5,37.574256,127.071865
2015,자전거,서울특별시 동대문구16,서울특별시 동대문구 용두동(시립동부병원앞교차로_하정로_진 부근),5,5,37.573867,127.029952
2015,자전거,서울특별시 동대문구17,서울특별시 동대문구 전농동(미주아파트앞 부근),4,4,37.582561,127.047880
2015,자전거,서울특별시 중랑구1,서울특별시 중랑구 면목동(상봉시장앞 부근),11,11,37.592751,127.086881
2015,자전거,서울특별시 중랑구2,서울특별시 중랑구 면목동(한사랑교회 부근),6,7,37.585727,127.075354
2015,자전거,서울특별시 중랑구3,서울특별시 중랑구 면목동(기아큐서비스 부근),6,6,37.592848,127.080398
2015,자전거,서울특별시 중랑구4,서울특별시 중랑구 중화동(중화역 부근),6,6,37.601825,127.079780
2015,자전거,서울특별시 중랑구5,서울특별시 중랑구 면목동(장안교 부근),6,7,37.581353,127.079527
2015,자전거,서울특별시 중랑구6,서울특별시 중랑구 상봉동(상봉역 부근),6,6,37.596107,127.084469
2015,자전거,서울특별시 중랑구7,서울특별시 중랑구 중화동(이화교(동단)_중랑천길_진출_1 부근),5,5,37.603173,127.073925
2015,자전거,서울특별시 중랑구8,서울특별시 중랑구 상봉동(한일써너스빌리젠시 부근),5,5,37.597170,127.093083
2015,자전거,서울특별시 중랑구9,서울특별시 중랑구 면목동(면목교 부근),5,5,37.587435,127.083960
2015,자전거,서울특별시 중랑구10,서울특별시 중랑구 상봉동(삼원빌딩 부근),5,5,37.593563,127.091543
2015,자전거,서울특별시 중랑구11,서울특별시 중랑구 신내동(신내차량기지입구 부근),4,4,37.613364,127.101304
2015,자전거,서울특별시 중랑구12,서울특별시 중랑구 신내동(동성아파트 부근),4,4,37.609522,127.095900
2015,자전거,서울특별시 중랑구13,서울특별시 중랑구 중화동(알프스안경 부근),4,4,37.596793,127.075580
2015,자전거,서울특별시 중랑구14,서울특별시 중랑구 묵동(북부간선도로-동부간선도로램프( 부근),4,4,37.608829,127.072574
2015,자전거,서울특별시 성북구1,서울특별시 성북구 석관동(돌곶이역 부근),8,8,37.610468,127.057430
2015,자전거,서울특별시 성북구2,서울특별시 성북구 종암동(고려대역_종암로_진입_1 부근),7,7,37.591639,127.036314
2015,자전거,서울특별시 성북구3,서울특별시 성북구 종암동(타타타노래방 부근),5,5,37.605102,127.031651
2015,자전거,서울특별시 성북구4,서울특별시 성북구 종암동(내부순환로-월송길램프(2) 부근),5,5,37.600603,127.040567
2015,자전거,서울특별시 성북구5,서울특별시 성북구 상월곡동(월곡중학교앞 부근),5,5,37.606506,127.048894
2015,자전거,서울특별시 성북구6,서울특별시 성북구 종암동(영희피아노학원 부근),4,5,37.599452,127.033798
2015,자전거,서울특별시 성북구7,서울특별시 성북구 동소문동6가(기분좋은날 부근),4,4,37.592196,127.014739
2015,자전거,서울특별시 성북구8,서울특별시 성북구 하월곡동(월곡동복지회관 부근),4,4,37.602851,127.036315
2015,자전거,서울특별시 강북구1,서울특별시 강북구 수유동(우이교사거리 부근),8,8,37.642725,127.023134
2015,자전거,서울특별시 강북구2,서울특별시 강북구 번동(번동사거리_한천로_진출_2 부근),7,8,37.636053,127.032966
2015,자전거,서울특별시 강북구3,서울특별시 강북구 번동(금보빌딩 부근),7,7,37.634786,127.026378
2015,자전거,서울특별시 강북구4,서울특별시 강북구 미아동(미아4동지구대 부근),6,6,37.616455,127.030035
2015,자전거,서울특별시 강북구5,서울특별시 강북구 수유동(우이초등교앞 부근),6,7,37.640922,127.018034
2015,자전거,서울특별시 강북구6,서울특별시 강북구 번동(김홍석치과 부근),5,5,37.640871,127.028587
2015,자전거,서울특별시 강북구7,서울특별시 강북구 수유동(원일빌딩 부근),4,4,37.634360,127.019204
2015,자전거,서울특별시 강북구8,서울특별시 강북구 미아동(삼양주유소앞 부근),4,5,37.626280,127.026116
2015,자전거,서울특별시 강북구9,서울특별시 강북구 미아동(미아삼거리역 부근),4,4,37.612770,127.030092
2015,자전거,서울특별시 도봉구1,서울특별시 도봉구 창동(노원구-도봉구경계(4) 부근),9,10,37.653124,127.054251
2015,자전거,서울특별시 도봉구2,서울특별시 도봉구 쌍문동(방학프라자 부근),6,7,37.665973,127.037457
2015,자전거,서울특별시 도봉구3,서울특별시 도봉구 방학동(도봉소방서 부근),6,6,37.664516,127.042625
2015,자전거,서울특별시 도봉구4,서울특별시 도봉구 창동(남대문약국 부근),6,6,37.638001,127.037302
2015,자전거,서울특별시 도봉구5,서울특별시 도봉구 쌍문동(소피아관광호텔 부근),5,5,37.650978,127.036137
2015,자전거,서울특별시 도봉구6,서울특별시 도봉구 방학동(쌍문동성원아파트 부근),4,5,37.662398,127.033032
2015,자전거,서울특별시 도봉구7,서울특별시 도봉구 방학동(창동중교 부근),4,4,37.662090,127.048702
2015,자전거,서울특별시 도봉구8,서울특별시 도봉구 도봉동(도봉산교회 부근),4,4,37.680366,127.050338
2015,자전거,서울특별시 도봉구9,서울특별시 도봉구 도봉동(메인프라자 부근),4,4,37.669491,127.044291
2015,자전거,서울특별시 노원구1,서울특별시 노원구 중계동(당현3교 부근),9,10,37.645169,127.062230
2015,자전거,서울특별시 노원구2,서울특별시 노원구 상계동(상계7~9단지_노원길_진입_1 부근),9,10,37.661086,127.059910
2015,자전거,서울특별시 노원구3,서울특별시 노원구 상계동(상계역입구 부근),7,8,37.659566,127.072337
2015,자전거,서울특별시 노원구4,서울특별시 노원구 하계동(동부간선도로-월계로램프(3) 부근),7,7,37.633098,127.063383
2015,자전거,서울특별시 노원구5,서울특별시 노원구 월계동(석계역환승주차장 부근),6,6,37.614903,127.064295
2015,자전거,서울특별시 노원구6,서울특별시 노원구 월계동(월계2교(남단) 부근),6,6,37.624222,127.049761
2015,자전거,서울특별시 노원구7,서울특별시 노원구 상계동(상계7동사무소 부근),6,6,37.656272,127.066978
2015,자전거,서울특별시 노원구8,서울특별시 노원구 월계동(진아교통 부근),4,5,37.628185,127.064127
2015,자전거,서울특별시 노원구9,서울특별시 노원구 상계동(도봉월드상가 부근),4,4,37.667599,127.049170
2015,자전거,서울특별시 노원구10,서울특별시 노원구 중계동(서울제일교회앞 부근),4,4,37.648193,127.076840
2015,자전거,서울특별시 노원구11,서울특별시 노원구 공릉동(공릉동부아파트 부근),4,4,37.628756,127.077372
2015,자전거,서울특별시 노원구12,서울특별시 노원구 중계동(고운유치원 부근),4,4,37.643909,127.066198
2015,자전거,서울특별시 은평구1,서울특별시 은평구 대조동(갈현동먹자골목 부근),9,10,37.618275,126.920932
2015,자전거,서울특별시 은평구2,서울특별시 은평구 역촌동(역촌역 부근),9,13,37.605959,126.922729
2015,자전거,서울특별시 은평구3,서울특별시 은평구 증산동(밀양빌딩 부근),6,7,37.583286,126.909032
2015,자전거,서울특별시 은평구4,서울특별시 은평구 신사동(송지빌딩 부근),6,6,37.592234,126.914779
2015,자전거,서울특별시 은평구5,서울특별시 은평구 역촌동(역말사거리 부근),6,8,37.605857,126.915570
2015,자전거,서울특별시 은평구6,서울특별시 은평구 대조동(구산역 부근),6,6,37.610692,126.917003
2015,자전거,서울특별시 은평구7,서울특별시 은평구 신사동(신사오거리 부근),5,6,37.598448,126.915696
2015,자전거,서울특별시 은평구8,서울특별시 은평구 갈현동(흥진빌딩 부근),5,6,37.620832,126.916473
2015,자전거,서울특별시 은평구9,서울특별시 은평구 역촌동(윤엘리트학원 부근),4,4,37.602168,126.915861
2015,자전거,서울특별시 서대문구1,서울특별시 서대문구 북가좌동(명지대체육관 부근),5,5,37.580822,126.925772
2015,자전거,서울특별시 마포구1,서울특별시 마포구 망원동(망원우체국 부근),9,10,37.559004,126.907128
2015,자전거,서울특별시 마포구2,서울특별시 마포구 동교동(홍대입구역 부근),8,8,37.555085,126.921266
2015,자전거,서울특별시 마포구3,서울특별시 마포구 합정동(당인리발전소 부근),6,6,37.547989,126.918384
2015,자전거,서울특별시 마포구4,서울특별시 마포구 동교동(대성카센터 부근),6,6,37.557964,126.925389
2015,자전거,서울특별시 마포구5,서울특별시 마포구 성산동(마포농수산물시장_난지도길_진입 부근),5,5,37.565943,126.899274
2015,자전거,서울특별시 마포구6,서울특별시 마포구 서교동(홍익대 부근),4,4,37.551935,126.923603
2015,자전거,서울특별시 마포구7,서울특별시 마포구 도화동(일진빌딩 부근),4,4,37.540398,126.946678
2015,자전거,서울특별시 양천구1,서울특별시 양천구 목동(오목교역 부근),10,10,37.524329,126.876796
2015,자전거,서울특별시 양천구2,서울특별시 양천구 신정동(신정교(서단) 부근),8,8,37.518207,126.874783
2015,자전거,서울특별시 양천구3,서울특별시 양천구 신월동(왕실아파트 부근),8,8,37.529808,126.833942
2015,자전거,서울특별시 양천구4,서울특별시 양천구 신정동(제일시장앞 부근),5,5,37.521356,126.854569
2015,자전거,서울특별시 양천구5,서울특별시 양천구 목동(JS빌딩 부근),4,5,37.536102,126.863370
2015,자전거,서울특별시 강서구1,서울특별시 강서구 화곡동((주)슈퍼텍 부근),8,10,37.540250,126.835416
2015,자전거,서울특별시 강서구2,서울특별시 강서구 방화동(신방화사거리_방화로_진입 부근),8,8,37.574282,126.816784
2015,자전거,서울특별시 강서구3,서울특별시 강서구 등촌동(조흥은행등촌동지점 부근),7,7,37.555258,126.854360
2015,자전거,서울특별시 강서구4,서울특별시 강서구 방화동(세민정보고교앞 부근),6,7,37.568267,126.816649
2015,자전거,서울특별시 강서구5,서울특별시 강서구 화곡동(우장공원입구 부근),6,6,37.552985,126.850608
2015,자전거,서울특별시 강서구6,서울특별시 강서구 내발산동(수명파크3단지 부근),5,5,37.553931,126.826224
2015,자전거,서울특별시 강서구7,서울특별시 강서구 화곡동(신정여상 부근),5,6,37.531739,126.858163
2015,자전거,서울특별시 강서구8,서울특별시 강서구 외발산동(강서면허시험장삼거리_남부순환 부근),5,5,37.547937,126.820434
2015,자전거,서울특별시 강서구9,서울특별시 강서구 내발산동(우리은행내발산 부근),5,6,37.551591,126.836214
2015,자전거,서울특별시 강서구10,서울특별시 강서구 화곡동(동진빌딩 부근),4,4,37.537390,126.838733
2015,자전거,서울특별시 강서구11,서울특별시 강서구 화곡동(동면빌딩 부근),4,4,37.530899,126.851394
2015,자전거,서울특별시 강서구12,서울특별시 강서구 내발산동(로얄파크빌 부근),4,4,37.550835,126.831380
2015,자전거,서울특별시 강서구13,서울특별시 강서구 공항동(올림픽대로-정곡길램프(3) 부근),4,5,37.586762,126.815787
2015,자전거,서울특별시 구로구1,서울특별시 구로구 구로동(시흥IC_시흥대로_진입_1 부근),8,8,37.481267,126.900101
2015,자전거,서울특별시 구로구2,서울특별시 구로구 개봉동(개봉사거리 부근),6,6,37.497307,126.856525
2015,자전거,서울특별시 구로구3,서울특별시 구로구 구로동(두산아파트 부근),6,9,37.488855,126.890099
2015,자전거,서울특별시 구로구4,서울특별시 구로구 구로동(거리공원_거리공원길_진출_2 부근),5,5,37.501156,126.890080
2015,자전거,서울특별시 구로구5,서울특별시 구로구 구로동(구로구청앞 부근),5,6,37.495324,126.888672
2015,자전거,서울특별시 구로구6,서울특별시 구로구 구로동(구로보건소입구삼거리 부근),5,6,37.498948,126.886454
2015,자전거,서울특별시 구로구7,서울특별시 구로구 신도림동(서부간선도로-도림천로램프(4) 부근),4,4,37.515450,126.881810
2015,자전거,서울특별시 구로구8,서울특별시 구로구 신도림동(신도림7차 이편한세상 부근),4,4,37.508649,126.881034
2015,자전거,서울특별시 금천구1,서울특별시 금천구 독산동(혜전빌딩 부근),5,5,37.477095,126.898637
2015,자전거,서울특별시 영등포구1,서울특별시 영등포구 여의도동(서울방송(SBS) 부근),13,15,37.530756,126.926723
2015,자전거,서울특별시 영등포구2,서울특별시 영등포구 당산동(당산지하차도(북측) 부근),13,16,37.537432,126.903903
2015,자전거,서울특별시 영등포구3,서울특별시 영등포구 대림동(한양식품 부근),12,12,37.498300,126.894506
2015,자전거,서울특별시 영등포구4,서울특별시 영등포구 여의도동(여의나루역 부근),11,13,37.526572,126.933366
2015,자전거,서울특별시 영등포구5,서울특별시 영등포구 대림동(대림우성아파트사거리 부근),10,10,37.494766,126.899987
2015,자전거,서울특별시 영등포구6,서울특별시 영등포구 양화동(올림픽대로-일반국도1호선램프(6 부근),9,12,37.546089,126.890724
2015,자전거,서울특별시 영등포구7,서울특별시 영등포구 문래동6가(문래대원아파트 부근),8,12,37.519275,126.881651
2015,자전거,서울특별시 영등포구8,서울특별시 영등포구 대림동(우성대림2차아파트 부근),8,10,37.493443,126.894890
2015,자전거,서울특별시 영등포구9,서울특별시 영등포구 문래동3가(영등포청과시장 부근),6,6,37.520576,126.900951
2015,자전거,서울특별시 영등포구10,서울특별시 영등포구 양평동3가(서부간선도로-제물포길램프(9) 부근),6,9,37.531074,126.889127
2015,자전거,서울특별시 영등포구11,서울특별시 영등포구 신길동(신풍역 부근),6,6,37.500107,126.907624
2015,자전거,서울특별시 영등포구12,서울특별시 영등포구 당산동1가(영등포유통상가 부근),6,6,37.521540,126.895814
2015,자전거,서울특별시 영등포구13,서울특별시 영등포구 영등포동(롯데백화점(영등포점) 부근),6,6,37.514338,126.906685
2015,자전거,서울특별시 영등포구14,서울특별시 영등포구 당산동3가(서림빌딩 부근),6,6,37.526833,126.896975
2015,자전거,서울특별시 영등포구15,서울특별시 영등포구 양평동4가(양평동사거리 부근),6,6,37.536111,126.897609
2015,자전거,서울특별시 영등포구16,서울특별시 영등포구 신길동(신길삼거리_노량진로_진입 부근),6,6,37.514114,126.919198
2015,자전거,서울특별시 영등포구17,서울특별시 영등포구 영등포동3가(영등포시장앞 부근),5,5,37.519553,126.906487
2015,자전거,서울특별시 영등포구18,서울특별시 영등포구 양평동1가(유원문래APT 부근),4,4,37.521411,126.887452
2015,자전거,서울특별시 영등포구19,서울특별시 영등포구 여의도동(마포대교남단_일반국도46호선_진 부근),4,5,37.530385,126.931801
2015,자전거,서울특별시 영등포구20,서울특별시 영등포구 여의도동(서울교_일반국도46호선_진출_2 부근),4,6,37.521204,126.917417
2015,자전거,서울특별시 영등포구21,서울특별시 영등포구 대림동(구로1교(남단) 부근),4,4,37.487113,126.897527
2015,자전거,서울특별시 영등포구22,서울특별시 영등포구 신길동(사러가시장앞 부근),4,4,37.506990,126.911093
2015,자전거,서울특별시 영등포구23,서울특별시 영등포구 신길동(신길역 부근),3,3,37.517357,126.916756
2015,자전거,서울특별시 동작구1,서울특별시 동작구 본동(한강대교남단사거리 부근),9,9,37.513960,126.955247
2015,자전거,서울특별시 동작구2,서울특별시 동작구 상도동(중앙대입구교차로 부근),8,10,37.509651,126.965433
2015,자전거,서울특별시 동작구3,서울특별시 동작구 사당동(삼원빌딩 부근),7,8,37.489687,126.982513
2015,자전거,서울특별시 동작구4,서울특별시 동작구 신대방동(보라매공원입구_대방로_진입 부근),6,6,37.497065,126.915804
2015,자전거,서울특별시 동작구5,서울특별시 동작구 신대방동(성실교회 부근),5,6,37.487382,126.910232
2015,자전거,서울특별시 동작구6,서울특별시 동작구 동작동(올림픽대로-동작대로램프(7) 부근),5,6,37.504149,126.977848
2015,자전거,서울특별시 동작구7,서울특별시 동작구 신대방동(우성차밍빌 부근),5,6,37.491700,126.924606
2015,자전거,서울특별시 동작구8,서울특별시 동작구 사당동(이수역_사당로_진출_2 부근),4,4,37.484792,126.980450
2015,자전거,서울특별시 동작구9,서울특별시 동작구 신대방동(대림사거리 부근),4,4,37.489382,126.906665
2015,자전거,서울특별시 관악구1,서울특별시 관악구 신림동(관악구-영등포구경계 부근),11,11,37.485000,126.903477
2015,자전거,서울특별시 관악구2,서울특별시 관악구 신림동(난곡우체국앞 부근),6,6,37.477170,126.915584
2015,자전거,서울특별시 관악구3,서울특별시 관악구 봉천동(현대시장입구 부근),5,5,37.483279,126.946751
2015,자전거,서울특별시 관악구4,서울특별시 관악구 봉천동(당곡사거리 부근),5,5,37.489122,126.928733
2015,자전거,서울특별시 관악구5,서울특별시 관악구 신림동(신대방역 부근),4,4,37.488075,126.914552
2015,자전거,서울특별시 관악구6,서울특별시 관악구 신림동(신성1교(북단) 부근),4,4,37.471172,126.935960
2015,자전거,서울특별시 서초구1,서울특별시 서초구 반포동(이수교차로_동작대로_진입_1 부근),7,7,37.498642,126.984332
2015,자전거,서울특별시 서초구2,서울특별시 서초구 잠원동(올림픽대로-반포로램프(1) 부근),7,8,37.510213,126.998787
2015,자전거,서울특별시 강남구1,서울특별시 강남구 수서동(수서역_국가지원지방도23호선_진 부근),6,6,37.487469,127.101337
2015,자전거,서울특별시 강남구2,서울특별시 강남구 역삼동(역삼중 부근),6,6,37.494754,127.048091
2015,자전거,서울특별시 강남구3,서울특별시 강남구 대치동(삼미빌딩 부근),5,5,37.498021,127.052111
2015,자전거,서울특별시 강남구4,서울특별시 강남구 압구정동(한남IC8 부근),5,5,37.525059,127.015019
2015,자전거,서울특별시 강남구5,서울특별시 강남구 일원동(세곡동사거리 부근),4,4,37.464817,127.108364
2015,자전거,서울특별시 송파구1,서울특별시 송파구 방이동(KT앞삼거리 부근),12,14,37.514386,127.107152
2015,자전거,서울특별시 송파구2,서울특별시 송파구 잠실동(올림픽대로-일반국도3호선램프(1 부근),10,13,37.518687,127.086005
2015,자전거,서울특별시 송파구3,서울특별시 송파구 풍납동(세제빌딩 부근),10,11,37.525829,127.117532
2015,자전거,서울특별시 송파구4,서울특별시 송파구 신천동(잠실역 부근),10,12,37.513396,127.100037
2015,자전거,서울특별시 송파구5,서울특별시 송파구 잠실동(삼전사거리 부근),9,11,37.504384,127.087802
2015,자전거,서울특별시 송파구6,서울특별시 송파구 가락동(신가초교앞 부근),8,8,37.499845,127.118052
2015,자전거,서울특별시 송파구7,서울특별시 송파구 석촌동(석촌지하차도(서측) 부근),7,7,37.502735,127.099028
2015,자전거,서울특별시 송파구8,서울특별시 송파구 잠실동(신천동길-일반국도3호선_진입 부근),7,7,37.516657,127.097852
2015,자전거,서울특별시 송파구9,서울특별시 송파구 잠실동(잠실소방파출소 부근),7,7,37.507299,127.092744
2015,자전거,서울특별시 송파구10,서울특별시 송파구 거여동(거여사거리_오금로_진입 부근),7,7,37.493513,127.142913
2015,자전거,서울특별시 송파구11,서울특별시 송파구 잠실동(잠실사거리 부근),6,6,37.511891,127.092526
2015,자전거,서울특별시 송파구12,서울특별시 송파구 잠실동(잠전초교입구 부근),6,6,37.506290,127.081234
2015,자전거,서울특별시 송파구13,서울특별시 송파구 거여동(서울개롱초등학교 부근),6,6,37.498031,127.141310
2015,자전거,서울특별시 송파구14,서울특별시 송파구 잠실동(청담IC4 부근),6,8,37.518480,127.068753
2015,자전거,서울특별시 송파구15,서울특별시 송파구 잠실동(잠사길-잠실철교로_진입 부근),6,8,37.524265,127.101456
2015,자전거,서울특별시 송파구16,서울특별시 송파구 송파동(송파여성문화회관 부근),6,6,37.505969,127.109401
2015,자전거,서울특별시 송파구17,서울특별시 송파구 잠실동(석촌호수(서호) 부근),5,5,37.506603,127.097330
2015,자전거,서울특별시 송파구18,서울특별시 송파구 신천동(올림픽공원삼거리 부근),5,5,37.517716,127.112761
2015,자전거,서울특별시 송파구19,서울특별시 송파구 가락동(가락시장 부근),5,6,37.497992,127.113592
2015,자전거,서울특별시 송파구20,서울특별시 송파구 잠실동(송파구민회관 부근),5,6,37.503098,127.092427
2015,자전거,서울특별시 송파구21,서울특별시 송파구 잠실동(트리지움 상가 부근),5,5,37.509288,127.086611
2015,자전거,서울특별시 송파구22,서울특별시 송파구 문정동(미성빌딩 부근),5,5,37.486106,127.124824
2015,자전거,서울특별시 송파구23,서울특별시 송파구 오금동(개롱역 부근),5,5,37.498142,127.134750
2015,자전거,서울특별시 송파구24,서울특별시 송파구 방이동(올림픽공원남4문 부근),5,5,37.515869,127.117357
2015,자전거,서울특별시 송파구25,서울특별시 송파구 오금동(인애가한방병원 부근),5,5,37.505198,127.133266
2015,자전거,서울특별시 송파구26,서울특별시 송파구 가락동(가락지하차도(서측) 부근),4,4,37.495559,127.107811
2015,자전거,서울특별시 송파구27,서울특별시 송파구 잠실동(올림픽대로-백제고분로램프(3) 부근),4,6,37.518429,127.081551
2015,자전거,서울특별시 송파구28,서울특별시 송파구 오금동(오주중교 부근),4,5,37.500667,127.138328
2015,자전거,서울특별시 송파구29,서울특별시 송파구 방이동(오금로-남부순환로_진출_2 부근),4,4,37.505253,127.122692
2015,자전거,서울특별시 송파구30,서울특별시 송파구 풍납동(풍납제1경노당 부근),4,7,37.533901,127.118713
2015,자전거,서울특별시 강동구1,서울특별시 강동구 성내동(둔촌사거리 부근),8,8,37.521518,127.133886
2015,자전거,서울특별시 강동구2,서울특별시 강동구 성내동(산경빌딩 부근),8,8,37.536828,127.128838
2015,자전거,서울특별시 강동구3,서울특별시 강동구 천호동(현대타워 부근),7,8,37.535514,127.133090
2015,자전거,서울특별시 강동구4,서울특별시 강동구 천호동(굽은다리역 부근),7,7,37.546919,127.143124
2015,자전거,서울특별시 강동구5,서울특별시 강동구 천호동(광진교앞 부근),7,7,37.541287,127.124416
2015,자전거,서울특별시 강동구6,서울특별시 강동구 성내동(올림픽공원북2문 부근),6,8,37.524300,127.127450
2015,자전거,서울특별시 강동구7,서울특별시 강동구 천호동(올림픽대로-구천면길램프(4) 부근),6,6,37.544302,127.119267
2015,자전거,서울특별시 강동구8,서울특별시 강동구 길동(길동사거리_일반국도43호선_진출 부근),6,6,37.534429,127.139893
2015,자전거,서울특별시 강동구9,서울특별시 강동구 고덕동(삼익그린2차아파트 부근),5,5,37.554741,127.145814
2015,자전거,서울특별시 강동구10,서울특별시 강동구 암사동(올림픽대로-일반국도43호선램프( 부근),5,7,37.541602,127.116102
2015,자전거,서울특별시 강동구11,서울특별시 강동구 성내동(천호사거리_풍남로_진출 부근),5,5,37.536678,127.123521
2015,자전거,서울특별시 강동구12,서울특별시 강동구 성내동(둔촌동역 부근),4,4,37.528747,127.136847
2015,자전거,서울특별시 강동구13,서울특별시 강동구 명일동(대명초교입구 부근),4,4,37.547674,127.155886
2015,자전거,서울특별시 강동구14,서울특별시 강동구 강일동(강일3.6단지_강일동길_진출_3 부근),4,4,37.563823,127.173804
2015,자전거,경기도 수원시 장안구1,경기도 수원시 장안구 영화동(광연빌딩 부근),6,6,37.288269,127.005094
2015,자전거,경기도 수원시 장안구2,경기도 수원시 장안구 영화동(장안문로터리 부근),6,7,37.289488,127.014350
2015,자전거,경기도 수원시 장안구3,경기도 수원시 장안구 정자동(주택관리공단(주) 부근),6,6,37.299059,126.990979
2015,자전거,경기도 수원시 장안구4,경기도 수원시 장안구 조원동(수성중사거리 부근),6,6,37.293196,127.010942
2015,자전거,경기도 수원시 장안구5,경기도 수원시 장안구 정자동(만석사거리 부근),5,5,37.297361,126.996980
2015,자전거,경기도 수원시 장안구6,경기도 수원시 장안구 송죽동(동수원세무소 부근),4,4,37.300158,127.008191
2015,자전거,경기도 수원시 장안구7,경기도 수원시 장안구 천천동(수원샘내교회 부근),4,4,37.300899,126.982351
2015,자전거,경기도 수원시 권선구1,경기도 수원시 권선구 권선동(새온수골온천 부근),7,7,37.250566,127.034056
2015,자전거,경기도 수원시 권선구2,경기도 수원시 권선구 고색동(고색주유소 부근),5,5,37.251325,126.982806
2015,자전거,경기도 수원시 권선구3,경기도 수원시 권선구 권선동(한성카인테리어 부근),5,5,37.256841,127.034870
2015,자전거,경기도 수원시 팔달구1,경기도 수원시 팔달구 장안동(화서문로삼거리 부근),8,8,37.285548,127.008541
2015,자전거,경기도 수원시 팔달구2,경기도 수원시 팔달구 중동(매교삼거리 부근),7,7,37.271528,127.017326
2015,자전거,경기도 수원시 팔달구3,경기도 수원시 팔달구 화서동(손한의원 부근),5,5,37.285603,126.980159
2015,자전거,경기도 수원시 팔달구4,경기도 수원시 팔달구 중동(영동사거리 부근),5,5,37.275234,127.018695
2015,자전거,경기도 수원시 영통구1,경기도 수원시 영통구 매탄동(법원사거리 부근),7,7,37.273756,127.047184
2015,자전거,경기도 성남시 중원구1,경기도 성남시 중원구 성남동(모란사거리 부근),13,13,37.433430,127.128915
2015,자전거,경기도 성남시 중원구2,경기도 성남시 중원구 중앙동(신흥동마을금고B 부근),7,7,37.443335,127.153534
2015,자전거,경기도 성남시 중원구3,경기도 성남시 중원구 성남동(카스앤락(성남점) 부근),5,5,37.435273,127.139103
2015,자전거,경기도 성남시 분당구1,경기도 성남시 분당구 삼평동(삼평중삼거리 부근),5,5,37.399756,127.116680
2015,자전거,경기도 성남시 분당구2,경기도 성남시 분당구 삼평동(안말사거리 부근),5,5,37.396314,127.125320
2015,자전거,경기도 성남시 분당구3,경기도 성남시 분당구 수내동(문옥관전통학원 부근),4,4,37.365754,127.125521
2015,자전거,경기도 용인시 기흥구1,경기도 용인시 기흥구 상하동(강남마을주공8단지아파트 부근),5,5,37.269662,127.134980
2015,자전거,경기도 용인시 수지구1,경기도 용인시 수지구 상현동(독바위슈퍼 부근),4,4,37.298671,127.069608
2016,스쿨존어린이,서울특별시 종로구1,서울특별시 종로구 숭인동(창신초교 부근),2,2,37.576610,127.015572
2016,스쿨존어린이,서울특별시 성북구1,서울특별시 성북구 길음동(미아초교 부근),2,2,37.610749,127.022449
2016,스쿨존어린이,서울특별시 성북구2,서울특별시 성북구 장위동(장위초교 부근),2,2,37.613425,127.050832
2016,스쿨존어린이,서울특별시 강북구1,서울특별시 강북구 미아동(수유초교 부근),3,3,37.630477,127.020341
2016,스쿨존어린이,서울특별시 은평구1,서울특별시 은평구 응암동(유진유치원 부근),2,2,37.587254,126.919442
2016,스쿨존어린이,서울특별시 구로구1,서울특별시 구로구 구로동(신구로초교 부근),2,2,37.499241,126.890138
2016,스쿨존어린이,서울특별시 동작구1,서울특별시 동작구 흑석동(중대부속초교 부근),3,3,37.506883,126.961665
2016,스쿨존어린이,서울특별시 관악구1,서울특별시 관악구 신림동(애동유치원 부근),1,1,37.473949,126.920470
2016,스쿨존어린이,서울특별시 관악구2,서울특별시 관악구 봉천동(원당초교 부근),1,1,37.480418,126.957232
2016,스쿨존어린이,서울특별시 강동구1,서울특별시 강동구 길동(길동초교 부근),2,2,37.538538,127.144506
2016,스쿨존어린이,경기도 수원시 영통구1,경기도 수원시 영통구 망포동(태장초교 부근),2,3,37.241308,127.054256
2016,보행어린이,서울특별시 성북구1,서울특별시 성북구 길음동(미아초교앞 부근),3,3,37.610357,127.022529
2016,보행어린이,서울특별시 강북구1,서울특별시 강북구 번동(서울북부고용노동지청 부근),3,4,37.635244,127.034625
2016,보행어린이,서울특별시 강북구2,서울특별시 강북구 미아동(수유초교 부근),3,3,37.630291,127.021287
2016,보행어린이,서울특별시 노원구1,서울특별시 노원구 중계동(중계주공5단지아파트 부근),4,4,37.651448,127.076123
2016,보행어린이,서울특별시 노원구2,서울특별시 노원구 하계동(중계그린아파트 부근),3,3,37.639286,127.064284
2016,보행어린이,서울특별시 강서구1,서울특별시 강서구 내발산동(우장산공원입구 부근),3,3,37.554772,126.837613
2016,보행어린이,서울특별시 영등포구1,서울특별시 영등포구 문래동6가(문래한신아파트 부근),5,5,37.519308,126.884785
2016,보행어린이,서울특별시 동작구1,서울특별시 동작구 흑석동(중앙대학교병원 부근),5,6,37.506950,126.961943
2016,보행어린이,서울특별시 동작구2,서울특별시 동작구 대방동(성남고 부근),3,4,37.504934,126.925079
2016,보행어린이,서울특별시 동작구3,서울특별시 동작구 상도동(신대방삼거리역 부근),3,3,37.499672,126.928997
2016,보행어린이,서울특별시 강동구1,서울특별시 강동구 길동(길동초교 부근),4,4,37.538110,127.143679
2016,보행어린이,경기도 수원시 장안구1,경기도 수원시 장안구 정자동(효천초교사거리 부근),3,3,37.293781,126.985171
2016,보행어린이,경기도 수원시 권선구1,경기도 수원시 권선구 권선동(곡선초교 부근),4,4,37.250101,127.025208
2016,보행어린이,경기도 성남시 수정구1,경기도 성남시 수정구 태평동(한전 사거리 부근),4,4,37.444726,127.130103
2016,보행어린이,경기도 성남시 수정구2,경기도 성남시 수정구 태평동(성남초교 부근),3,3,37.446781,127.145433
2016,보행어린이,경기도 성남시 수정구3,경기도 성남시 수정구 태평동(금빛초교 부근),2,2,37.448199,127.140969
2016,보행어린이,경기도 성남시 중원구1,경기도 성남시 중원구 상대원동(상대원2동 주민센터 부근),5,5,37.438257,127.158329
2016,보행어린이,경기도 용인시 수지구1,경기도 용인시 수지구 죽전동(극동스타클래스 부근),3,4,37.322663,127.120356
2016,보행어린이,경기도 용인시 수지구2,경기도 용인시 수지구 상현동(상현마을쌍용스윗닷홈 부근),3,3,37.301833,127.077831
2016,보행노인,서울특별시 종로구1,서울특별시 종로구 종로2가(종로3가 부근),9,12,37.570517,126.991310
2016,보행노인,서울특별시 종로구2,서울특별시 종로구 낙원동(하나로빌딩 부근),7,7,37.571998,126.986978
2016,보행노인,서울특별시 종로구3,서울특별시 종로구 숭인동(영도교(남단) 부근),6,7,37.572424,127.018634
2016,보행노인,서울특별시 종로구4,서울특별시 종로구 창신동(동대문로터리 부근),5,5,37.571782,127.011111
2016,보행노인,서울특별시 종로구5,서울특별시 종로구 종로5가(종로6가 부근),5,5,37.571123,127.004838
2016,보행노인,서울특별시 종로구6,서울특별시 종로구 창신동(준남빌딩 부근),4,4,37.575499,127.015538
2016,보행노인,서울특별시 중구1,서울특별시 중구 남대문로5가(동자로터리_한강로_진입 부근),6,7,37.554939,126.972275
2016,보행노인,서울특별시 중구2,서울특별시 중구 신당동(약수역_다산로_진출_1 부근),5,12,37.553124,127.009549
2016,보행노인,서울특별시 중구3,서울특별시 중구 서소문동(제일화재해상보험(주)_서소문로_ 부근),2,2,37.563621,126.975259
2016,보행노인,서울특별시 용산구1,서울특별시 용산구 효창동(효창공원앞역 부근),4,4,37.540042,126.961721
2016,보행노인,서울특별시 성동구1,서울특별시 성동구 성수동2가(성수쇼핑센타 부근),4,4,37.547131,127.054940
2016,보행노인,서울특별시 성동구2,서울특별시 성동구 용답동(답십리역 부근),4,4,37.564191,127.053401
2016,보행노인,서울특별시 성동구3,서울특별시 성동구 응봉동(응봉삼거리 부근),3,3,37.554640,127.034264
2016,보행노인,서울특별시 성동구4,서울특별시 성동구 금호동3가(주택은행금호동지점 부근),3,3,37.548343,127.019660
2016,보행노인,서울특별시 성동구5,서울특별시 성동구 성수동1가(뚝섬역 부근),3,3,37.547008,127.044532
2016,보행노인,서울특별시 성동구6,서울특별시 성동구 성수동1가(응봉교_광나룻길_진출_1 부근),3,3,37.546511,127.036105
2016,보행노인,서울특별시 성동구7,서울특별시 성동구 행당동(무학여고앞 부근),3,3,37.558247,127.033832
2016,보행노인,서울특별시 성동구8,서울특별시 성동구 금호동3가(왕십리역_왕십리역길_진출_1 부근),3,3,37.561082,127.036274
2016,보행노인,서울특별시 성동구9,서울특별시 성동구 마장동(도선사거리_마장로_진입_1 부근),2,2,37.565882,127.037455
2016,보행노인,서울특별시 광진구1,서울특별시 광진구 중곡동(용마사거리 부근),3,3,37.561867,127.082950
2016,보행노인,서울특별시 동대문구1,서울특별시 동대문구 제기동(성바오로병원앞 부근),15,16,37.579994,127.041983
2016,보행노인,서울특별시 동대문구2,서울특별시 동대문구 용두동(경동시장 부근),12,14,37.578243,127.038330
2016,보행노인,서울특별시 동대문구3,서울특별시 동대문구 청량리동(옥치과의원 부근),8,8,37.580430,127.045673
2016,보행노인,서울특별시 동대문구4,서울특별시 동대문구 전농동(전농동사거리_사가정길_진입_2 부근),8,10,37.577513,127.057262
2016,보행노인,서울특별시 동대문구5,서울특별시 동대문구 제기동(양지장여관 부근),7,8,37.587898,127.037446
2016,보행노인,서울특별시 동대문구6,서울특별시 동대문구 휘경동(백합빌딩 부근),6,6,37.590078,127.057820
2016,보행노인,서울특별시 동대문구7,서울특별시 동대문구 신설동(황학교(북단)_난계로_진출_1 부근),5,5,37.572894,127.024582
2016,보행노인,서울특별시 동대문구8,서울특별시 동대문구 이문동(사슴약국 부근),4,4,37.599271,127.061599
2016,보행노인,서울특별시 동대문구9,서울특별시 동대문구 장안동(장안동우리은행 부근),4,4,37.565306,127.068370
2016,보행노인,서울특별시 동대문구10,서울특별시 동대문구 이문동(휘경성모의원 부근),4,4,37.595582,127.062349
2016,보행노인,서울특별시 동대문구11,서울특별시 동대문구 용두동(홍명약국 부근),4,5,37.575568,127.041320
2016,보행노인,서울특별시 동대문구12,서울특별시 동대문구 전농동(전농굴다리 부근),4,4,37.576986,127.045260
2016,보행노인,서울특별시 동대문구13,서울특별시 동대문구 휘경동(중랑교(중랑로터리) 부근),3,3,37.591945,127.066692
2016,보행노인,서울특별시 중랑구1,서울특별시 중랑구 신내동(상봉리빙프라자 부근),6,8,37.599243,127.097330
2016,보행노인,서울특별시 중랑구2,서울특별시 중랑구 망우동(청광아파트 부근),4,5,37.600672,127.104268
2016,보행노인,서울특별시 중랑구3,서울특별시 중랑구 망우동(능산지하차도(남측) 부근),4,5,37.601779,127.100425
2016,보행노인,서울특별시 중랑구4,서울특별시 중랑구 망우동(E-마트 부근),4,5,37.596209,127.092996
2016,보행노인,서울특별시 중랑구5,서울특별시 중랑구 망우동(동원사거리 부근),3,3,37.589703,127.093462
2016,보행노인,서울특별시 중랑구6,서울특별시 중랑구 중화동(성은교회앞 부근),3,4,37.603320,127.077425
2016,보행노인,서울특별시 성북구1,서울특별시 성북구 동선동2가(돈암동천주교회 부근),9,9,37.590762,127.016846
2016,보행노인,서울특별시 성북구2,서울특별시 성북구 정릉동(정릉지구대 부근),6,6,37.606050,127.010992
2016,보행노인,서울특별시 성북구3,서울특별시 성북구 길음동(길음역로터리 부근),5,5,37.603882,127.024320
2016,보행노인,서울특별시 성북구4,서울특별시 성북구 종암동(종암동 근린생활시설 부근),5,5,37.598613,127.034576
2016,보행노인,서울특별시 성북구5,서울특별시 성북구 장위동(그린빌아파트 부근),4,6,37.617617,127.042481
2016,보행노인,서울특별시 성북구6,서울특별시 성북구 석관동(석관1동로터리_석계길_진입_1 부근),4,5,37.611594,127.063781
2016,보행노인,서울특별시 성북구7,서울특별시 성북구 장위동(장위동우체국 부근),4,4,37.612460,127.055279
2016,보행노인,서울특별시 성북구8,서울특별시 성북구 동소문동6가(기분좋은날 부근),4,4,37.592477,127.013816
2016,보행노인,서울특별시 성북구9,서울특별시 성북구 장위동(장위초교 부근),4,4,37.613467,127.050137
2016,보행노인,서울특별시 성북구10,서울특별시 성북구 상월곡동(부동산 부근),4,4,37.607896,127.047341
2016,보행노인,서울특별시 성북구11,서울특별시 성북구 안암동5가(안암오거리_무학로_진입_1 부근),3,5,37.581617,127.029655
2016,보행노인,서울특별시 성북구12,서울특별시 성북구 동소문동4가(성북녹십자약국 부근),3,4,37.590044,127.011015
2016,보행노인,서울특별시 성북구13,서울특별시 성북구 동선동5가(흥천사입구 부근),3,3,37.596456,127.015092
2016,보행노인,서울특별시 성북구14,서울특별시 성북구 돈암동(고명정보산업고 부근),3,3,37.598656,127.021952
2016,보행노인,서울특별시 성북구15,서울특별시 성북구 하월곡동(이삭교회 부근),3,3,37.602489,127.038266
2016,보행노인,서울특별시 성북구16,서울특별시 성북구 정릉동(대왕기업운수(주) 부근),3,3,37.611239,127.008696
2016,보행노인,서울특별시 성북구17,서울특별시 성북구 안암동5가(고대앞사거리_안암로_진입_2 부근),2,2,37.585513,127.031950
2016,보행노인,서울특별시 강북구1,서울특별시 강북구 수유동(수유역 부근),9,10,37.638744,127.026198
2016,보행노인,서울특별시 강북구2,서울특별시 강북구 미아동(삼양사거리 부근),5,7,37.619248,127.021097
2016,보행노인,서울특별시 강북구3,서울특별시 강북구 미아동(두산힐스빌 부근),5,5,37.626046,127.026945
2016,보행노인,서울특별시 강북구4,서울특별시 강북구 미아동(삼양시장 부근),4,4,37.625145,127.018427
2016,보행노인,서울특별시 강북구5,서울특별시 강북구 수유동(화계사입구 부근),4,7,37.634441,127.017435
2016,보행노인,서울특별시 강북구6,서울특별시 강북구 미아동(미아동소방소앞 부근),4,4,37.620113,127.016491
2016,보행노인,서울특별시 강북구7,서울특별시 강북구 수유동(광산타워 부근),4,4,37.641075,127.022453
2016,보행노인,서울특별시 강북구8,서울특별시 강북구 미아동(백산모텔 부근),4,4,37.634865,127.024534
2016,보행노인,서울특별시 강북구9,서울특별시 강북구 번동(강북유니온빌딩앞 부근),3,3,37.628313,127.043066
2016,보행노인,서울특별시 강북구10,서울특별시 강북구 미아동(송중초등교 부근),3,3,37.616478,127.031449
2016,보행노인,서울특별시 강북구11,서울특별시 강북구 수유동(우이시장 부근),3,3,37.645604,127.019012
2016,보행노인,서울특별시 강북구12,서울특별시 강북구 미아동(방천시장입구 부근),2,2,37.613111,127.034302
2016,보행노인,서울특별시 도봉구1,서울특별시 도봉구 방학동(방학프라자 부근),4,6,37.665165,127.035884
2016,보행노인,서울특별시 도봉구2,서울특별시 도봉구 창동(창동견인보관소앞 부근),4,4,37.654862,127.047759
2016,보행노인,서울특별시 도봉구3,서울특별시 도봉구 도봉동(오일뱅크 부근),3,3,37.673313,127.043999
2016,보행노인,서울특별시 도봉구4,서울특별시 도봉구 방학동(LG대경주유소 부근),3,3,37.666108,127.043198
2016,보행노인,서울특별시 도봉구5,서울특별시 도봉구 방학동(방학신동아APT 부근),3,3,37.661942,127.031662
2016,보행노인,서울특별시 도봉구6,서울특별시 도봉구 쌍문동(쌍문3파출소 부근),3,3,37.647923,127.026433
2016,보행노인,서울특별시 노원구1,서울특별시 노원구 상계동(LG하이프라자 부근),4,4,37.677195,127.055249
2016,보행노인,서울특별시 노원구2,서울특별시 노원구 중계동(상명여자중고등학교 부근),3,4,37.647295,127.067564
2016,보행노인,서울특별시 노원구3,서울특별시 노원구 공릉동(하계지하차도(남측) 부근),3,3,37.630300,127.070552
2016,보행노인,서울특별시 노원구4,서울특별시 노원구 상계동(상계초교입구 부근),3,3,37.656837,127.066154
2016,보행노인,서울특별시 은평구1,서울특별시 은평구 불광동(신한은행연신내지점 부근),8,9,37.618975,126.921183
2016,보행노인,서울특별시 은평구2,서울특별시 은평구 대조동(대조.불광시장 부근),6,6,37.608765,126.926065
2016,보행노인,서울특별시 은평구3,서울특별시 은평구 역촌동(서부경찰서 부근),5,5,37.603211,126.918566
2016,보행노인,서울특별시 은평구4,서울특별시 은평구 응암동(연흥초등학교 부근),5,5,37.589531,126.918166
2016,보행노인,서울특별시 은평구5,서울특별시 은평구 신사동(새절역 부근),4,4,37.592166,126.914096
2016,보행노인,서울특별시 은평구6,서울특별시 은평구 갈현동(구산사거리 부근),4,5,37.613341,126.912501
2016,보행노인,서울특별시 은평구7,서울특별시 은평구 응암동(응암시장 부근),3,3,37.594003,126.918209
2016,보행노인,서울특별시 은평구8,서울특별시 은평구 역촌동(신사연세치과 부근),3,3,37.600476,126.910277
2016,보행노인,서울특별시 은평구9,서울특별시 은평구 불광동(광서교회 부근),3,3,37.619243,126.925358
2016,보행노인,서울특별시 서대문구1,서울특별시 서대문구 영천동(교남동사무소 부근),6,7,37.570721,126.961435
2016,보행노인,서울특별시 서대문구2,서울특별시 서대문구 남가좌동(남가좌동사거리 부근),5,5,37.577492,126.923085
2016,보행노인,서울특별시 서대문구3,서울특별시 서대문구 북가좌동(북가좌사거리 부근),4,4,37.582527,126.913216
2016,보행노인,서울특별시 서대문구4,서울특별시 서대문구 연희동(연희IC_연희로_진출_2 부근),4,4,37.565818,126.930173
2016,보행노인,서울특별시 서대문구5,서울특별시 서대문구 북가좌동(서대문구-은평구경계(1) 부근),4,4,37.577130,126.903098
2016,보행노인,서울특별시 서대문구6,서울특별시 서대문구 홍제동(서부빌딩 부근),3,3,37.588633,126.945642
2016,보행노인,서울특별시 서대문구7,서울특별시 서대문구 홍제동(인왕APT 부근),3,3,37.584379,126.948683
2016,보행노인,서울특별시 마포구1,서울특별시 마포구 동교동(동교동삼거리_연희로_진출 부근),5,5,37.559182,126.926943
2016,보행노인,서울특별시 마포구2,서울특별시 마포구 도화동(진도빌딩 부근),3,3,37.540394,126.948090
2016,보행노인,서울특별시 마포구3,서울특별시 마포구 아현동(굴레방다리_굴레방길_진출 부근),3,3,37.557017,126.955952
2016,보행노인,서울특별시 마포구4,서울특별시 마포구 염리동(서울여고 부근),2,2,37.545320,126.947353
2016,보행노인,서울특별시 양천구1,서울특별시 양천구 신월동(신월사거리 부근),7,8,37.535664,126.827093
2016,보행노인,서울특별시 양천구2,서울특별시 양천구 목동(SC제일은행등촌지점 부근),4,4,37.548532,126.863377
2016,보행노인,서울특별시 양천구3,서울특별시 양천구 신정동(동보빌딩 부근),3,4,37.527831,126.863301
2016,보행노인,서울특별시 양천구4,서울특별시 양천구 신월동(신월고가차도(남측) 부근),3,3,37.524730,126.841421
2016,보행노인,서울특별시 강서구1,서울특별시 강서구 방화동(방화5단지3R 부근),5,5,37.576328,126.811810
2016,보행노인,서울특별시 강서구2,서울특별시 강서구 방화동(동화나라어린이집 부근),4,4,37.567608,126.814427
2016,보행노인,서울특별시 강서구3,서울특별시 강서구 화곡동(화곡초등학교 부근),4,4,37.543368,126.845046
2016,보행노인,서울특별시 강서구4,서울특별시 강서구 화곡동(신정여상 부근),4,5,37.531521,126.856527
2016,보행노인,서울특별시 강서구5,서울특별시 강서구 염창동(태진아파트앞 부근),2,2,37.549702,126.874692
2016,보행노인,서울특별시 구로구1,서울특별시 구로구 개봉동(중원오피스텔 부근),6,6,37.498698,126.852057
2016,보행노인,서울특별시 구로구2,서울특별시 구로구 가리봉동(햇살무리예능선교원 부근),4,4,37.482473,126.887374
2016,보행노인,서울특별시 구로구3,서울특별시 구로구 구로동(풍국상회 부근),4,4,37.491311,126.888410
2016,보행노인,서울특별시 구로구4,서울특별시 구로구 고척동(삼영아파트 부근),3,3,37.499446,126.857105
2016,보행노인,서울특별시 구로구5,서울특별시 구로구 고척동(의성빌딩 부근),3,3,37.500363,126.866569
2016,보행노인,서울특별시 구로구6,서울특별시 구로구 구로동(고대구로병원_구로동길_진입 부근),2,2,37.492033,126.883656
2016,보행노인,서울특별시 구로구7,서울특별시 구로구 오류동(새마을금고오류2동지점 부근),2,2,37.491240,126.839837
2016,보행노인,서울특별시 금천구1,서울특별시 금천구 가산동(모텔케슬 부근),3,3,37.478955,126.889295
2016,보행노인,서울특별시 금천구2,서울특별시 금천구 독산동(시흥IC_남부순환로_진입_4 부근),3,3,37.478255,126.897431
2016,보행노인,서울특별시 금천구3,서울특별시 금천구 독산동(한진어패럴 부근),3,5,37.474098,126.903396
2016,보행노인,서울특별시 금천구4,서울특별시 금천구 시흥동(시흥사거리 부근),3,4,37.454524,126.902018
2016,보행노인,서울특별시 금천구5,서울특별시 금천구 독산동(가산중(가남물산앞) 부근),3,3,37.466459,126.894367
2016,보행노인,서울특별시 금천구6,서울특별시 금천구 독산동(신평대일타운 부근),2,2,37.474879,126.893746
2016,보행노인,서울특별시 영등포구1,서울특별시 영등포구 영등포동4가(경방필백화점 부근),8,8,37.518757,126.906896
2016,보행노인,서울특별시 영등포구2,서울특별시 영등포구 영등포동6가(영등포농협공판장 부근),6,6,37.522095,126.901712
2016,보행노인,서울특별시 영등포구3,서울특별시 영등포구 신길동(대신시장 부근),5,5,37.512363,126.917181
2016,보행노인,서울특별시 영등포구4,서울특별시 영등포구 당산동3가(영등포경찰서_제물포길_진입 부근),3,3,37.526819,126.901325
2016,보행노인,서울특별시 영등포구5,서울특별시 영등포구 대림동(대림사거리 부근),3,3,37.490033,126.904803
2016,보행노인,서울특별시 영등포구6,서울특별시 영등포구 대림동(대림우성아파트사거리_대림로_진 부근),3,3,37.495781,126.898691
2016,보행노인,서울특별시 영등포구7,서울특별시 영등포구 신길동(도림사거리 부근),3,3,37.506478,126.900837
2016,보행노인,서울특별시 영등포구8,서울특별시 영등포구 신길동(우신초등교앞 부근),3,3,37.509812,126.910606
2016,보행노인,서울특별시 동작구1,서울특별시 동작구 상도동(덕신빌딩 부근),8,10,37.504767,126.937346
2016,보행노인,서울특별시 동작구2,서울특별시 동작구 상도동(성대약국 부근),6,6,37.500030,126.932181
2016,보행노인,서울특별시 동작구3,서울특별시 동작구 사당동(사당시장 부근),5,5,37.482779,126.973322
2016,보행노인,서울특별시 동작구4,서울특별시 동작구 흑석동(명수대상가 부근),3,3,37.507446,126.961665
2016,보행노인,서울특별시 관악구1,서울특별시 관악구 남현동(사당고가차도(서측) 부근),7,7,37.477478,126.979241
2016,보행노인,서울특별시 관악구2,서울특별시 관악구 신림동(난곡우체국앞 부근),5,6,37.476699,126.915935
2016,보행노인,서울특별시 관악구3,서울특별시 관악구 봉천동(임마누엘교회 부근),5,5,37.483122,126.943465
2016,보행노인,서울특별시 관악구4,서울특별시 관악구 봉천동(봉천광성교회 부근),4,4,37.478919,126.956870
2016,보행노인,서울특별시 관악구5,서울특별시 관악구 신림동(신림교(북단) 부근),4,4,37.481769,126.929097
2016,보행노인,서울특별시 관악구6,서울특별시 관악구 신림동(뿌리약국 부근),4,4,37.473985,126.918972
2016,보행노인,서울특별시 관악구7,서울특별시 관악구 봉천동(봉천11동사무소 부근),3,3,37.474753,126.965819
2016,보행노인,서울특별시 관악구8,서울특별시 관악구 봉천동(보라매공원_신림로_진입 부근),3,3,37.492205,126.926934
2016,보행노인,서울특별시 관악구9,서울특별시 관악구 봉천동(청림경로당 부근),3,3,37.486342,126.958094
2016,보행노인,서울특별시 관악구10,서울특별시 관악구 봉천동(진아빌리지 부근),2,2,37.486335,126.937338
2016,보행노인,서울특별시 서초구1,서울특별시 서초구 방배동(대성문구인쇄 부근),10,11,37.484750,126.980267
2016,보행노인,서울특별시 서초구2,서울특별시 서초구 서초동(국제전자센타 부근),3,3,37.485221,127.017542
2016,보행노인,서울특별시 서초구3,서울특별시 서초구 방배동(서울고교 부근),3,3,37.482544,127.004428
2016,보행노인,서울특별시 서초구4,서울특별시 서초구 서초동(서초초교 부근),3,3,37.498004,127.023721
2016,보행노인,서울특별시 서초구5,서울특별시 서초구 방배동(방림종합시장입구 부근),3,3,37.482314,126.996300
2016,보행노인,서울특별시 서초구6,서울특별시 서초구 서초동(탑스벤쳐타운입구 부근),2,2,37.483621,127.009079
2016,보행노인,서울특별시 강남구1,서울특별시 강남구 도곡동(삼성엔지니어링 사옥 부근),6,6,37.488210,127.052367
2016,보행노인,서울특별시 강남구2,서울특별시 강남구 도곡동(양재역_강남대로_진입_2 부근),4,4,37.485496,127.034398
2016,보행노인,서울특별시 강남구3,서울특별시 강남구 대치동(은마아파트입구 부근),3,3,37.498764,127.061039
2016,보행노인,서울특별시 강남구4,서울특별시 강남구 수서동(수서역_국가지원지방도23호선_진 부근),3,3,37.487062,127.102184
2016,보행노인,서울특별시 송파구1,서울특별시 송파구 잠실동(잠전초교입구 부근),3,3,37.505148,127.080861
2016,보행노인,서울특별시 송파구2,서울특별시 송파구 마천동(구본빌딩 부근),3,4,37.496009,127.154486
2016,보행노인,서울특별시 송파구3,서울특별시 송파구 풍납동(풍납제1경노당 부근),3,4,37.534011,127.118427
2016,보행노인,서울특별시 강동구1,서울특별시 강동구 성내동(동신빌딩 부근),4,5,37.532676,127.132175
2016,보행노인,서울특별시 강동구2,서울특별시 강동구 성내동(천호사거리_풍납로_진입 부근),4,4,37.536755,127.122567
2016,보행노인,서울특별시 강동구3,서울특별시 강동구 암사동(공간미술학원 부근),3,4,37.552560,127.135315
2016,보행노인,서울특별시 강동구4,서울특별시 강동구 명일동(명일역 부근),3,3,37.550749,127.144290
2016,보행노인,서울특별시 강동구5,서울특별시 강동구 성내동(삼성A상가 부근),3,3,37.531451,127.126963
2016,보행노인,서울특별시 강동구6,서울특별시 강동구 길동(천호시장 부근),3,3,37.540462,127.127102
2016,보행노인,경기도 수원시 장안구1,경기도 수원시 장안구 영화동(수성중사거리 부근),7,12,37.292253,127.012050
2016,보행노인,경기도 수원시 장안구2,경기도 수원시 장안구 파장동(미래관광(주) 부근),5,7,37.309380,126.994238
2016,보행노인,경기도 수원시 장안구3,경기도 수원시 장안구 영화동(정자사거리 부근),4,4,37.290507,127.002509
2016,보행노인,경기도 수원시 장안구4,경기도 수원시 장안구 연무동(도매유통 부근),4,5,37.293138,127.024097
2016,보행노인,경기도 수원시 권선구1,경기도 수원시 권선구 서둔동(웃거리삼거리 부근),3,3,37.276229,126.979591
2016,보행노인,경기도 수원시 팔달구1,경기도 수원시 팔달구 북수동(신안동사무소삼거리 부근),7,8,37.283108,127.016324
2016,보행노인,경기도 수원시 팔달구2,경기도 수원시 팔달구 화서동(화서오거리 부근),5,5,37.279390,126.998816
2016,보행노인,경기도 수원시 팔달구3,경기도 수원시 팔달구 지동(박사칡냉면 부근),4,4,37.282313,127.025654
2016,보행노인,경기도 수원시 팔달구4,경기도 수원시 팔달구 고등동(매산시장B 부근),4,4,37.267284,127.003094
2016,보행노인,경기도 수원시 팔달구5,경기도 수원시 팔달구 팔달로2가(팔달문로터리 부근),4,4,37.278031,127.016653
2016,보행노인,경기도 수원시 팔달구6,경기도 수원시 팔달구 인계동(성우수퍼 부근),4,4,37.268226,127.022550
2016,보행노인,경기도 수원시 팔달구7,경기도 수원시 팔달구 매산로3가(도청사거리 부근),3,3,37.269224,127.008807
2016,보행노인,경기도 수원시 팔달구8,경기도 수원시 팔달구 매산로1가(미용재료 부근),3,3,37.264426,127.001584
2016,보행노인,경기도 성남시 수정구1,경기도 성남시 수정구 태평동(시청삼거리 부근),5,5,37.443213,127.139274
2016,보행노인,경기도 성남시 수정구2,경기도 성남시 수정구 태평동(중앙시장사거리 부근),5,5,37.441101,127.132932
2016,보행노인,경기도 성남시 수정구3,경기도 성남시 수정구 수진동(수진동현대아파트B 부근),4,5,37.437810,127.133227
2016,보행노인,경기도 성남시 수정구4,경기도 성남시 수정구 산성동(산성역사거리 부근),4,4,37.454301,127.149699
2016,보행노인,경기도 성남시 중원구1,경기도 성남시 중원구 중앙동(귀보장 부근),8,8,37.442709,127.154474
2016,보행노인,경기도 성남시 중원구2,경기도 성남시 중원구 성남동(성일중고앞사거리 부근),5,5,37.435660,127.140246
2016,보행노인,경기도 성남시 중원구3,경기도 성남시 중원구 성남동(중원구청사거리 부근),5,5,37.430244,127.136959
2016,보행노인,경기도 성남시 분당구1,경기도 성남시 분당구 야탑동(바른세상병원 부근),4,4,37.410399,127.126876
2016,보행노인,경기도 용인시 처인구1,경기도 용인시 처인구 김량장동(용인사거리 부근),5,5,37.236343,127.208733
2016,보행노인,경기도 용인시 처인구2,경기도 용인시 처인구 김량장동(용인주방 부근),3,3,37.236289,127.203722
2016,보행노인,경기도 용인시 수지구1,경기도 용인시 수지구 풍덕천동(동보1차아파트 부근),3,3,37.325771,127.096909
2016,자전거,서울특별시 종로구1,서울특별시 종로구 종로5가(종로5가 부근),4,4,37.570890,127.003364
2016,자전거,서울특별시 용산구1,서울특별시 용산구 이촌동(거북선 나루터 부근),9,10,37.517276,126.970001
2016,자전거,서울특별시 용산구2,서울특별시 용산구 이촌동(강변북로-동작대로램프(6) 부근),4,4,37.515202,126.981886
2016,자전거,서울특별시 성동구1,서울특별시 성동구 마장동(마장동사거리 부근),9,9,37.572962,127.037840
2016,자전거,서울특별시 성동구2,서울특별시 성동구 성수동2가(윤진약국 부근),7,7,37.537571,127.054094
2016,자전거,서울특별시 성동구3,서울특별시 성동구 성수동2가(경동초교입구사거리 부근),7,8,37.546385,127.050296
2016,자전거,서울특별시 성동구4,서울특별시 성동구 용답동(용답동 부근),7,7,37.567559,127.051948
2016,자전거,서울특별시 성동구5,서울특별시 성동구 홍익동(청계벽산 상가 부근),5,5,37.569751,127.030388
2016,자전거,서울특별시 성동구6,서울특별시 성동구 성수동1가(성수여중 부근),5,5,37.540335,127.049524
2016,자전거,서울특별시 성동구7,서울특별시 성동구 용답동(답십리역 부근),5,5,37.564720,127.055320
2016,자전거,서울특별시 성동구8,서울특별시 성동구 행당동(왕십리역_왕십리역길_진출_1 부근),5,5,37.560410,127.036077
2016,자전거,서울특별시 광진구1,서울특별시 광진구 군자동(화양사거리 부근),5,5,37.548733,127.067655
2016,자전거,서울특별시 광진구2,서울특별시 광진구 중곡동(진현빌딩 부근),5,6,37.555111,127.084632
2016,자전거,서울특별시 광진구3,서울특별시 광진구 군자동(삼원빌딩 부근),5,5,37.557482,127.078345
2016,자전거,서울특별시 광진구4,서울특별시 광진구 구의동(올림픽대교북단사거리 부근),5,5,37.541415,127.095675
2016,자전거,서울특별시 광진구5,서울특별시 광진구 군자동(일반국도3호선-일반국도3호선진 부근),4,4,37.559277,127.073971
2016,자전거,서울특별시 광진구6,서울특별시 광진구 구의동(자양사거리_일반국도3호선_진입_ 부근),4,4,37.536895,127.083590
2016,자전거,서울특별시 광진구7,서울특별시 광진구 자양동(한강현대아파트 부근),4,4,37.532429,127.067412
2016,자전거,서울특별시 동대문구1,서울특별시 동대문구 제기동(성바오로병원앞 부근),10,11,37.579211,127.042058
2016,자전거,서울특별시 동대문구2,서울특별시 동대문구 장안동(승용빌딩 부근),7,8,37.566909,127.068323
2016,자전거,서울특별시 동대문구3,서울특별시 동대문구 제기동(용두동사거리_국도6호선_진입_2 부근),7,7,37.577547,127.029366
2016,자전거,서울특별시 동대문구4,서울특별시 동대문구 장안동(대일카공업사 부근),7,7,37.572243,127.073307
2016,자전거,서울특별시 동대문구5,서울특별시 동대문구 장안동(천호대로-장안둑길진출로 부근),6,6,37.561084,127.067378
2016,자전거,서울특별시 동대문구6,서울특별시 동대문구 용두동(경동시장_고산자로_진입_1 부근),6,6,37.576194,127.038171
2016,자전거,서울특별시 동대문구7,서울특별시 동대문구 전농동(전농동사거리_사가정길_진출_1 부근),6,6,37.577847,127.059860
2016,자전거,서울특별시 동대문구8,서울특별시 동대문구 제기동(홍파초교 부근),5,5,37.586352,127.038229
2016,자전거,서울특별시 동대문구9,서울특별시 동대문구 용두동(시립동부병원앞교차로_하정로_진 부근),5,5,37.573987,127.032550
2016,자전거,서울특별시 동대문구10,서울특별시 동대문구 장안동(장안유도관 부근),5,6,37.565920,127.063333
2016,자전거,서울특별시 동대문구11,서울특별시 동대문구 제기동(식당재료유통할인 부근),5,5,37.582997,127.041693
2016,자전거,서울특별시 동대문구12,서울특별시 동대문구 용두동(안암오거리_무학로_진입_1 부근),4,4,37.581580,127.029651
2016,자전거,서울특별시 동대문구13,서울특별시 동대문구 휘경동(휘경여중고 부근),4,4,37.583211,127.068328
2016,자전거,서울특별시 동대문구14,서울특별시 동대문구 장안동(촬영소사거리 부근),4,4,37.572707,127.066342
2016,자전거,서울특별시 동대문구15,서울특별시 동대문구 청량리동(미주아파트앞 부근),4,4,37.582610,127.047663
2016,자전거,서울특별시 동대문구16,서울특별시 동대문구 답십리동(답십리사거리 부근),4,4,37.572952,127.057315
2016,자전거,서울특별시 동대문구17,서울특별시 동대문구 답십리동(동대문여중 부근),4,4,37.574189,127.050580
2016,자전거,서울특별시 중랑구1,서울특별시 중랑구 면목동(장안교 부근),10,11,37.581263,127.079721
2016,자전거,서울특별시 중랑구2,서울특별시 중랑구 면목동(광진구-중랑구경계(1) 부근),7,8,37.571828,127.079241
2016,자전거,서울특별시 중랑구3,서울특별시 중랑구 중화동(한미은행 부근),7,7,37.593901,127.077026
2016,자전거,서울특별시 중랑구4,서울특별시 중랑구 중화동(대원메디컬빌딩 부근),7,8,37.600691,127.077917
2016,자전거,서울특별시 중랑구5,서울특별시 중랑구 상봉동(제일은행 부근),7,7,37.595162,127.080457
2016,자전거,서울특별시 중랑구6,서울특별시 중랑구 중화동(이화교(동단) 부근),6,6,37.600193,127.073649
2016,자전거,서울특별시 중랑구7,서울특별시 중랑구 중화동(중화장미아파트 부근),6,7,37.604465,127.078867
2016,자전거,서울특별시 중랑구8,서울특별시 중랑구 상봉동(상봉역 부근),6,6,37.596419,127.085722
2016,자전거,서울특별시 중랑구9,서울특별시 중랑구 면목동(면목교 부근),5,6,37.587703,127.084441
2016,자전거,서울특별시 중랑구10,서울특별시 중랑구 상봉동(상봉시장앞_면목천길_진출_2 부근),5,5,37.592358,127.084713
2016,자전거,서울특별시 중랑구11,서울특별시 중랑구 면목동(태영빌딩 부근),5,5,37.588844,127.089819
2016,자전거,서울특별시 중랑구12,서울특별시 중랑구 중화동(자동차정비 부근),4,7,37.604334,127.073397
2016,자전거,서울특별시 중랑구13,서울특별시 중랑구 신내동(신내변전소 부근),4,5,37.610580,127.095105
2016,자전거,서울특별시 중랑구14,서울특별시 중랑구 상봉동(중랑전화국 부근),4,4,37.591243,127.080121
2016,자전거,서울특별시 중랑구15,서울특별시 중랑구 면목동(한사랑교회 부근),4,5,37.585704,127.075513
2016,자전거,서울특별시 성북구1,서울특별시 성북구 하월곡동(월곡시장 부근),6,6,37.603516,127.042870
2016,자전거,서울특별시 성북구2,서울특별시 성북구 돈암동(종로컴퓨터학원 부근),6,6,37.602037,127.022215
2016,자전거,서울특별시 성북구3,서울특별시 성북구 하월곡동(미아사거리_도봉로_진입_1 부근),5,5,37.610380,127.030150
2016,자전거,서울특별시 성북구4,서울특별시 성북구 종암동(북부간선도로-내부순환로램프(1) 부근),4,4,37.602532,127.034103
2016,자전거,서울특별시 강북구1,서울특별시 강북구 번동(번동사거리_화계사길_진입_1 부근),6,6,37.635330,127.032969
2016,자전거,서울특별시 강북구2,서울특별시 강북구 수유동(제세의원 부근),6,7,37.634479,127.020659
2016,자전거,서울특별시 강북구3,서울특별시 강북구 수유동(성일빌딩 부근),6,6,37.643847,127.021290
2016,자전거,서울특별시 강북구4,서울특별시 강북구 수유동(효성인텔리안 부근),6,6,37.636822,127.023073
2016,자전거,서울특별시 강북구5,서울특별시 강북구 미아동(썬실업 부근),5,6,37.623470,127.025344
2016,자전거,서울특별시 강북구6,서울특별시 강북구 번동(월계교2교(남단)_월계로_진출_1 부근),5,5,37.623606,127.048959
2016,자전거,서울특별시 강북구7,서울특별시 강북구 미아동(수유치과의원 부근),4,7,37.632031,127.024711
2016,자전거,서울특별시 강북구8,서울특별시 강북구 번동(강북웨딩홀 부근),4,4,37.639016,127.028133
2016,자전거,서울특별시 도봉구1,서울특별시 도봉구 방학동(도봉소방서 부근),15,16,37.665198,127.042760
2016,자전거,서울특별시 도봉구2,서울특별시 도봉구 도봉동(노원교 부근),7,7,37.678823,127.050099
2016,자전거,서울특별시 도봉구3,서울특별시 도봉구 창동(남대문약국 부근),6,6,37.637548,127.037090
2016,자전거,서울특별시 도봉구4,서울특별시 도봉구 창동(창동주공1단지입구 부근),6,6,37.652781,127.041236
2016,자전거,서울특별시 도봉구5,서울특별시 도봉구 도봉동(오일뱅크 부근),6,6,37.674644,127.043736
2016,자전거,서울특별시 도봉구6,서울특별시 도봉구 창동((주)에스엠 부근),5,5,37.644277,127.031919
2016,자전거,서울특별시 도봉구7,서울특별시 도봉구 도봉동(오봉초등학교 부근),5,5,37.671181,127.040959
2016,자전거,서울특별시 도봉구8,서울특별시 도봉구 창동(창동하이마트 부근),4,4,37.652794,127.052538
2016,자전거,서울특별시 노원구1,서울특별시 노원구 상계동(노원역_일반국도3호선_진출_1 부근),7,7,37.654545,127.060358
2016,자전거,서울특별시 노원구2,서울특별시 노원구 상계동(상계소방파출소앞 부근),6,6,37.655769,127.070535
2016,자전거,서울특별시 노원구3,서울특별시 노원구 하계동(하계주유소 부근),6,7,37.642689,127.070558
2016,자전거,서울특별시 노원구4,서울특별시 노원구 상계동(상계교(동단) 부근),5,5,37.661669,127.053505
2016,자전거,서울특별시 노원구5,서울특별시 노원구 중계동(노해근린공원 부근),5,5,37.649532,127.070013
2016,자전거,서울특별시 노원구6,서울특별시 노원구 공릉동(태릉입구역 부근),4,4,37.617624,127.075715
2016,자전거,서울특별시 노원구7,서울특별시 노원구 상계동(한신철물 부근),4,4,37.664850,127.070999
2016,자전거,서울특별시 노원구8,서울특별시 노원구 상계동(상계7~9단지_일반국도3호선_진출 부근),4,4,37.660294,127.058889
2016,자전거,서울특별시 노원구9,서울특별시 노원구 월계동(성북역 부근),4,4,37.624078,127.060117
2016,자전거,서울특별시 은평구1,서울특별시 은평구 갈현동(구산사거리 부근),6,6,37.613717,126.912048
2016,자전거,서울특별시 은평구2,서울특별시 은평구 역촌동(신사오거리 부근),5,7,37.598831,126.915656
2016,자전거,서울특별시 은평구3,서울특별시 은평구 증산동(증산주유소 부근),5,5,37.581335,126.907120
2016,자전거,서울특별시 은평구4,서울특별시 은평구 역촌동(은평구청입구 부근),4,4,37.601731,126.927393
2016,자전거,서울특별시 은평구5,서울특별시 은평구 구산동(예일여고 부근),3,3,37.609594,126.916458
2016,자전거,서울특별시 서대문구1,서울특별시 서대문구 북가좌동(한빛은행앞사거리 부근),6,6,37.577320,126.910382
2016,자전거,서울특별시 서대문구2,서울특별시 서대문구 창천동(동교동삼거리 부근),4,5,37.558470,126.927301
2016,자전거,서울특별시 마포구1,서울특별시 마포구 망원동(동교초교 부근),8,9,37.557633,126.906277
2016,자전거,서울특별시 마포구2,서울특별시 마포구 망원동(털보카센타 부근),7,7,37.561799,126.904477
2016,자전거,서울특별시 마포구3,서울특별시 마포구 중동(가좌삼거리 부근),4,4,37.570403,126.913105
2016,자전거,서울특별시 마포구4,서울특별시 마포구 서교동(성산초등교앞) 부근),4,4,37.555877,126.910096
2016,자전거,서울특별시 양천구1,서울특별시 양천구 목동(오목교역 부근),10,10,37.524522,126.875170
2016,자전거,서울특별시 양천구2,서울특별시 양천구 신월동(신정네거리역_강서로_진출 부근),8,9,37.522101,126.852146
2016,자전거,서울특별시 양천구3,서울특별시 양천구 목동(목동7단지 부근),7,7,37.526655,126.869890
2016,자전거,서울특별시 양천구4,서울특별시 양천구 신정동(리더스빌딩 부근),5,5,37.519686,126.872279
2016,자전거,서울특별시 양천구5,서울특별시 양천구 신정동(신정3평화은행 부근),5,5,37.517448,126.854011
2016,자전거,서울특별시 양천구6,서울특별시 양천구 목동(목동초등학교 부근),5,5,37.523091,126.871344
2016,자전거,서울특별시 양천구7,서울특별시 양천구 신월동(장위동우체국 부근),5,5,37.612143,127.055760
2016,자전거,서울특별시 양천구8,서울특별시 양천구 목동(KGIT 목동센타 부근),4,5,37.531333,126.874921
2016,자전거,서울특별시 양천구9,서울특별시 양천구 신정동(목동9-10단지 부근),4,4,37.517953,126.860831
2016,자전거,서울특별시 강서구1,서울특별시 강서구 화곡동(우장공원입구 부근),6,6,37.552039,126.849755
2016,자전거,서울특별시 강서구2,서울특별시 강서구 화곡동(신정초교앞사거리 부근),6,6,37.531123,126.853186
2016,자전거,서울특별시 강서구3,서울특별시 강서구 화곡동(양지빌딩 부근),6,6,37.540833,126.837723
2016,자전거,서울특별시 강서구4,서울특별시 강서구 가양동(가양아파트 부근),5,5,37.564057,126.855856
2016,자전거,서울특별시 강서구5,서울특별시 강서구 등촌동(박진호내과의원 부근),5,5,37.545452,126.862226
2016,자전거,서울특별시 강서구6,서울특별시 강서구 화곡동(화곡초등학교 부근),4,4,37.544131,126.846036
2016,자전거,서울특별시 강서구7,서울특별시 강서구 방화동(강서공고앞 부근),4,4,37.576000,126.816647
2016,자전거,서울특별시 강서구8,서울특별시 강서구 가양동(올림픽대로-안양천길램프(3) 부근),4,4,37.554490,126.875639
2016,자전거,서울특별시 강서구9,서울특별시 강서구 등촌동(강서요양병원 부근),4,4,37.560554,126.854692
2016,자전거,서울특별시 구로구1,서울특별시 구로구 구로동(구로구청앞_가마산길_진입_2 부근),8,8,37.494761,126.887503
2016,자전거,서울특별시 구로구2,서울특별시 구로구 구로동(디지털단지입구 부근),7,7,37.483113,126.900275
2016,자전거,서울특별시 구로구3,서울특별시 구로구 구로동(영서중 부근),7,8,37.489552,126.891503
2016,자전거,서울특별시 구로구4,서울특별시 구로구 구로동(고척교사거리 부근),6,6,37.498760,126.872002
2016,자전거,서울특별시 구로구5,서울특별시 구로구 구로동(동구로초등교 부근),5,6,37.492120,126.889637
2016,자전거,서울특별시 구로구6,서울특별시 구로구 신도림동(신성은하수아파트 부근),5,5,37.507705,126.886330
2016,자전거,서울특별시 구로구7,서울특별시 구로구 가리봉동(구로고가차도(남측) 부근),5,5,37.479153,126.892072
2016,자전거,서울특별시 구로구8,서울특별시 구로구 고척동(고척2파출소앞 부근),5,6,37.505893,126.857907
2016,자전거,서울특별시 구로구9,서울특별시 구로구 구로동(남구로역_도림로_진입 부근),4,5,37.486159,126.887400
2016,자전거,서울특별시 구로구10,서울특별시 구로구 구로동(미래초교 부근),4,4,37.504251,126.887739
2016,자전거,서울특별시 구로구11,서울특별시 구로구 구로동(민영규치과의원 부근),4,7,37.490739,126.883940
2016,자전거,서울특별시 구로구12,서울특별시 구로구 개봉동(개봉사거리 부근),4,4,37.497387,126.857940
2016,자전거,서울특별시 금천구1,서울특별시 금천구 시흥동(시흥사거리 부근),6,6,37.454698,126.900682
2016,자전거,서울특별시 금천구2,서울특별시 금천구 독산동(시흥IC_남부순환로_진출_1 부근),5,5,37.479798,126.902379
2016,자전거,서울특별시 금천구3,서울특별시 금천구 시흥동(독산역 부근),5,5,37.466385,126.889382
2016,자전거,서울특별시 영등포구1,서울특별시 영등포구 여의도동(여의나루역 부근),11,13,37.528014,126.933830
2016,자전거,서울특별시 영등포구2,서울특별시 영등포구 당산동1가(영등포청과시장_영등포로_진입_1 부근),10,10,37.520246,126.902851
2016,자전거,서울특별시 영등포구3,서울특별시 영등포구 당산동4가(보라빌딩 부근),9,9,37.528632,126.897988
2016,자전거,서울특별시 영등포구4,서울특별시 영등포구 여의도동(서울방송(SBS) 부근),9,11,37.530723,126.927591
2016,자전거,서울특별시 영등포구5,서울특별시 영등포구 대림동(대림우성아파트사거리_도림로_진 부근),8,8,37.495869,126.901373
2016,자전거,서울특별시 영등포구6,서울특별시 영등포구 당산동6가(당산지하차도(북측) 부근),8,10,37.537485,126.903803
2016,자전거,서울특별시 영등포구7,서울특별시 영등포구 영등포동(도림초등학교 부근),7,7,37.509049,126.905214
2016,자전거,서울특별시 영등포구8,서울특별시 영등포구 문래동5가(서부간선도로-한천길램프(1) 부근),7,8,37.514975,126.882039
2016,자전거,서울특별시 영등포구9,서울특별시 영등포구 신길동(신길광장공원앞_도림로_진출 부근),6,7,37.498809,126.904754
2016,자전거,서울특별시 영등포구10,서울특별시 영등포구 대림동(성원아파트앞_도신로_진입 부근),6,6,37.504445,126.896697
2016,자전거,서울특별시 영등포구11,서울특별시 영등포구 대림동(대림공원사거리 부근),5,5,37.491159,126.901888
2016,자전거,서울특별시 영등포구12,서울특별시 영등포구 영등포동3가(영등포로터리_버드나룻길_진출_2 부근),5,5,37.518779,126.912244
2016,자전거,서울특별시 영등포구13,서울특별시 영등포구 신길동(대진목재 부근),5,5,37.504139,126.902901
2016,자전거,서울특별시 영등포구14,서울특별시 영등포구 문래동3가(문래동사거리_일반국도46호선_진 부근),4,4,37.513359,126.897237
2016,자전거,서울특별시 영등포구15,서울특별시 영등포구 대림동(대림3동사거리_가마산길_진출_2 부근),4,5,37.498813,126.895799
2016,자전거,서울특별시 영등포구16,서울특별시 영등포구 문래동3가(국화아파트 부근),4,4,37.515977,126.894351
2016,자전거,서울특별시 영등포구17,서울특별시 영등포구 문래동1가(청과시장입구 부근),4,4,37.515153,126.902756
2016,자전거,서울특별시 동작구1,서울특별시 동작구 신대방동(대림사거리 부근),7,7,37.488915,126.906200
2016,자전거,서울특별시 동작구2,서울특별시 동작구 본동(한강대교남단사거리 부근),6,7,37.513572,126.955955
2016,자전거,서울특별시 동작구3,서울특별시 동작구 사당동(대우 디오슈페리움2 부근),6,6,37.487738,126.982211
2016,자전거,서울특별시 동작구4,서울특별시 동작구 노량진동(대방역_대방로_진입 부근),5,5,37.512398,126.925151
2016,자전거,서울특별시 동작구5,서울특별시 동작구 노량진동(여의상류IC5 부근),5,6,37.517804,126.943394
2016,자전거,서울특별시 동작구6,서울특별시 동작구 본동(노들길램프(1) 부근),4,6,37.515490,126.952032
2016,자전거,서울특별시 동작구7,서울특별시 동작구 노량진동(솔표빌딩 부근),4,6,37.513964,126.930146
2016,자전거,서울특별시 관악구1,서울특별시 관악구 신림동(동방1교(북단) 부근),4,4,37.471575,126.934551
2016,자전거,서울특별시 관악구2,서울특별시 관악구 신림동(신대방역 부근),4,4,37.486635,126.913577
2016,자전거,서울특별시 서초구1,서울특별시 서초구 잠원동(올림픽대로-반포로램프(1) 부근),5,6,37.510221,126.998283
2016,자전거,서울특별시 강남구1,서울특별시 강남구 개포동(개포고교 부근),4,4,37.484439,127.057812
2016,자전거,서울특별시 송파구1,서울특별시 송파구 가락동(중앙전파관리소 부근),11,12,37.493000,127.119910
2016,자전거,서울특별시 송파구2,서울특별시 송파구 방이동(둔촌사거리 부근),10,10,37.521635,127.133788
2016,자전거,서울특별시 송파구3,서울특별시 송파구 잠실동(올림픽대로-일반국도3호선램프(1 부근),8,12,37.520519,127.094426
2016,자전거,서울특별시 송파구4,서울특별시 송파구 잠실동(갤러리아팰리스 부근),8,8,37.510139,127.096155
2016,자전거,서울특별시 송파구5,서울특별시 송파구 잠실동(올림픽대로-백제고분로램프(3) 부근),6,8,37.518429,127.081978
2016,자전거,서울특별시 송파구6,서울특별시 송파구 가락동(가락시장 부근),6,6,37.497698,127.113928
2016,자전거,서울특별시 송파구7,서울특별시 송파구 잠실동(트리지움 상가 부근),6,7,37.509247,127.086452
2016,자전거,서울특별시 송파구8,서울특별시 송파구 풍납동(세제빌딩 부근),6,7,37.525873,127.117735
2016,자전거,서울특별시 송파구9,서울특별시 송파구 석촌동(송파사거리 부근),6,6,37.503072,127.108969
2016,자전거,서울특별시 송파구10,서울특별시 송파구 잠실동(우남빌딩 부근),6,6,37.506884,127.079666
2016,자전거,서울특별시 송파구11,서울특별시 송파구 오금동(올림픽선수촌아파트_위례성길_진 부근),6,6,37.509895,127.132774
2016,자전거,서울특별시 송파구12,서울특별시 송파구 오금동(방이역 부근),6,7,37.508737,127.125870
2016,자전거,서울특별시 송파구13,서울특별시 송파구 마천동(마천사거리 부근),6,8,37.499003,127.147082
2016,자전거,서울특별시 송파구14,서울특별시 송파구 삼전동(잠실3동파출소앞_삼전로_진입_2 부근),5,6,37.506913,127.090216
2016,자전거,서울특별시 송파구15,서울특별시 송파구 잠실동(잠실사거리 부근),5,5,37.512149,127.092602
2016,자전거,서울특별시 송파구16,서울특별시 송파구 문정동(탄천길사거리 부근),5,5,37.479203,127.116761
2016,자전거,서울특별시 송파구17,서울특별시 송파구 가락동(경찰병원 부근),5,5,37.493660,127.124018
2016,자전거,서울특별시 송파구18,서울특별시 송파구 가락동(가락대림아파트 부근),5,5,37.499544,127.117295
2016,자전거,서울특별시 송파구19,서울특별시 송파구 삼전동(석촌호수(서호) 부근),5,5,37.506697,127.095936
2016,자전거,서울특별시 송파구20,서울특별시 송파구 오금동(오금근린공원 부근),5,5,37.499507,127.135550
2016,자전거,서울특별시 송파구21,서울특별시 송파구 가락동(송파우체국 부근),4,4,37.501435,127.127643
2016,자전거,서울특별시 송파구22,서울특별시 송파구 문정동(장지교회 부근),4,5,37.479845,127.126914
2016,자전거,서울특별시 송파구23,서울특별시 송파구 방이동(올림픽공원 부근),4,4,37.511942,127.128520
2016,자전거,서울특별시 송파구24,서울특별시 송파구 방이동(잠사중앙길-올림픽로_진입 부근),4,5,37.516017,127.108243
2016,자전거,서울특별시 송파구25,서울특별시 송파구 가락동(가락동한신아파트 부근),4,5,37.488844,127.121180
2016,자전거,서울특별시 강동구1,서울특별시 강동구 성내동(산경빌딩 부근),10,11,37.537011,127.128319
2016,자전거,서울특별시 강동구2,서울특별시 강동구 길동(길동탑스위트앞 부근),8,8,37.537726,127.136665
2016,자전거,서울특별시 강동구3,서울특별시 강동구 천호동(천호시장 부근),8,8,37.540710,127.126648
2016,자전거,서울특별시 강동구4,서울특별시 강동구 천호동(현대타워 부근),7,7,37.535331,127.133073
2016,자전거,서울특별시 강동구5,서울특별시 강동구 성내동(큰별어린이집 부근),6,6,37.528027,127.130766
2016,자전거,서울특별시 강동구6,서울특별시 강동구 성내동(국민은행 부근),5,5,37.530405,127.121745
2016,자전거,서울특별시 강동구7,서울특별시 강동구 둔촌동(이종원내과 부근),5,5,37.528613,127.141860
2016,자전거,서울특별시 강동구8,서울특별시 강동구 성내동(삼성A상가 부근),5,7,37.531038,127.128353
2016,자전거,서울특별시 강동구9,서울특별시 강동구 성내동(청구아파트 부근),4,5,37.529239,127.135173
2016,자전거,서울특별시 강동구10,서울특별시 강동구 고덕동(신동아아파트(1동) 부근),4,4,37.554670,127.150442
2016,자전거,서울특별시 강동구11,서울특별시 강동구 천호동(천호사거리_일반국도43호선_진출 부근),4,4,37.538750,127.122865
2016,자전거,서울특별시 강동구12,서울특별시 강동구 성내동(길동사거리_일반국도43호선_진출 부근),4,4,37.533928,127.137857
2016,자전거,경기도 수원시 장안구1,경기도 수원시 장안구 조원동(운동장사거리 부근),5,5,37.295558,127.009403
2016,자전거,경기도 수원시 장안구2,경기도 수원시 장안구 영화동(동성아울렛사거리 부근),5,5,37.290931,127.012685
2016,자전거,경기도 수원시 장안구3,경기도 수원시 장안구 송죽동(만석사거리 부근),5,5,37.298298,126.997261
2016,자전거,경기도 수원시 장안구4,경기도 수원시 장안구 송죽동(대성지업사 부근),4,4,37.301898,126.997582
2016,자전거,경기도 수원시 장안구5,경기도 수원시 장안구 정자동(수성중사거리 부근),4,4,37.292626,127.009151
2016,자전거,경기도 수원시 장안구6,경기도 수원시 장안구 송죽동(장안구청사거리 부근),4,4,37.301703,127.009228
2016,자전거,경기도 수원시 권선구1,경기도 수원시 권선구 권선동(소망교회 부근),5,5,37.251355,127.041830
2016,자전거,경기도 수원시 권선구2,경기도 수원시 권선구 곡반정동(사무실 부근),5,6,37.240667,127.028508
2016,자전거,경기도 수원시 팔달구1,경기도 수원시 팔달구 인계동((주)글로벌익스터널트러스트STAY SEVEN수원 부근),6,6,37.262057,127.030665
2016,자전거,경기도 수원시 팔달구2,경기도 수원시 팔달구 매교동(인계주공사거리 부근),5,5,37.266652,127.034764
2016,자전거,경기도 수원시 팔달구3,경기도 수원시 팔달구 매교동(훼미리마트매교점 부근),4,4,37.264639,127.019880
2016,자전거,경기도 수원시 팔달구4,경기도 수원시 팔달구 구천동(교동사거리 부근),4,4,37.272708,127.016544
2016,자전거,경기도 수원시 팔달구5,경기도 수원시 팔달구 화서동(서부주유소(GS) 부근),4,5,37.287203,126.992998
2016,자전거,경기도 수원시 영통구1,경기도 수원시 영통구 망포동(강남꽃농원 부근),4,4,37.244870,127.047132
2016,자전거,경기도 성남시 수정구1,경기도 성남시 수정구 복정동(- 인근),4,5,37.446048,127.118941
2016,자전거,경기도 성남시 중원구1,경기도 성남시 중원구 성남동(풍생중고B 부근),8,8,37.433670,127.129932
2016,자전거,경기도 성남시 중원구2,경기도 성남시 중원구 성남동(고수원농장 부근),4,4,37.432176,127.118719
2016,자전거,경기도 성남시 분당구1,경기도 성남시 분당구 정자동(프뢰벨(분당교육원) 부근),4,4,37.365504,127.105911
2016,자전거,경기도 용인시 처인구1,경기도 용인시 처인구 김량장동(천일한약방 부근),4,4,37.237537,127.206568
2016,자전거,경기도 용인시 수지구1,경기도 용인시 수지구 풍덕천동(하나마트 부근),4,4,37.323815,127.097957
2017,스쿨존어린이,서울특별시 강서구1,서울특별시 강서구 마곡동(공항초교 부근),2,2,37.562595,126.819173
2017,스쿨존어린이,서울특별시 구로구1,서울특별시 구로구 구로동(구일초교 부근),2,2,37.493258,126.872987
2017,스쿨존어린이,서울특별시 강남구1,서울특별시 강남구 자곡동(자곡초교 부근),2,2,37.473005,127.099631
2017,스쿨존어린이,서울특별시 강남구2,서울특별시 강남구 도곡동(언주초교 부근),2,2,37.486709,127.037893
2017,스쿨존어린이,서울특별시 강남구3,서울특별시 강남구 대치동(대치초교 부근),2,2,37.490218,127.060561
2017,스쿨존어린이,서울특별시 강동구1,서울특별시 강동구 암사동(보람나무어린이집 부근),1,1,37.551808,127.135051
2017,스쿨존어린이,경기도 성남시 중원구1,경기도 성남시 중원구 은행동(중부초교 부근),1,1,37.450731,127.165032
2017,보행어린이,서울특별시 강북구1,서울특별시 강북구 미아동(삼양시장오거리 부근),4,5,37.625362,127.018489
2017,보행어린이,서울특별시 노원구1,서울특별시 노원구 상계동(홍파복지원앞사거리 부근),3,4,37.680090,127.055620
2017,보행어린이,서울특별시 노원구2,서울특별시 노원구 중계동(중계그린아파트107동 부근),3,3,37.642807,127.064002
2017,보행어린이,서울특별시 서대문구1,서울특별시 서대문구 북가좌동(북가좌초교사거리 부근),3,3,37.578057,126.909593
2017,보행어린이,서울특별시 양천구1,서울특별시 양천구 신정동(수정아파트102동 부근),3,3,37.512536,126.842230
2017,보행어린이,서울특별시 서초구1,서울특별시 서초구 우면동(서초네이처힐 3단지 314동 부근),3,3,37.462779,127.026948
2017,보행어린이,서울특별시 서초구2,서울특별시 서초구 방배동(방배초교입구사거리 부근),3,3,37.486993,126.986135
2017,보행어린이,서울특별시 강남구1,서울특별시 강남구 도곡동(언주초교 부근),3,3,37.486709,127.037893
2017,보행어린이,서울특별시 강남구2,서울특별시 강남구 역삼동(상지리츠빌1차 부근),3,4,37.496470,127.045975
2017,보행어린이,서울특별시 송파구1,서울특별시 송파구 방이동(방이초교 부근),4,4,37.512219,127.120660
2017,보행어린이,서울특별시 송파구2,서울특별시 송파구 송파동(중대초교 부근),3,3,37.500963,127.114240
2017,보행어린이,경기도 성남시 중원구1,경기도 성남시 중원구 금광동(우리치과의원 부근),4,6,37.450648,127.160521
2017,보행어린이,경기도 성남시 분당구1,경기도 성남시 분당구 서현동(서현초교 부근),3,3,37.381609,127.128390
2017,보행노인,서울특별시 종로구1,서울특별시 종로구 종로2가(탑골공원 부근),6,9,37.570390,126.988251
2017,보행노인,서울특별시 종로구2,서울특별시 종로구 숭인동(동묘앞역 부근),4,4,37.573594,127.017441
2017,보행노인,서울특별시 종로구3,서울특별시 종로구 창신동(청계7가사거리 부근),4,6,37.569709,127.015868
2017,보행노인,서울특별시 종로구4,서울특별시 종로구 내자동(우리은행효자동지점 부근),3,3,37.578100,126.972085
2017,보행노인,서울특별시 종로구5,서울특별시 종로구 종로6가(동대문역 부근),3,3,37.571970,127.008193
2017,보행노인,서울특별시 종로구6,서울특별시 종로구 견지동(안국동사거리~우정국로 부근),3,3,37.574111,126.983182
2017,보행노인,서울특별시 종로구7,서울특별시 종로구 종로4가(승보약국 부근),3,4,37.570702,126.996110
2017,보행노인,서울특별시 중구1,서울특별시 중구 신당동(신당역 부근),5,5,37.565581,127.021086
2017,보행노인,서울특별시 중구2,서울특별시 중구 남대문로5가(도동삼거리 부근),4,5,37.556023,126.976493
2017,보행노인,서울특별시 중구3,서울특별시 중구 봉래동2가(서울역1호선 부근),4,4,37.555353,126.972732
2017,보행노인,서울특별시 중구4,서울특별시 중구 북창동(소니서비스센터남대문점 부근),3,5,37.561053,126.978017
2017,보행노인,서울특별시 용산구1,서울특별시 용산구 이태원동(대성옵티마약국 부근),4,4,37.539341,126.989133
2017,보행노인,서울특별시 용산구2,서울특별시 용산구 한남동(라멘81번옥 부근),3,3,37.530019,127.006841
2017,보행노인,서울특별시 용산구3,서울특별시 용산구 용문동(파리바게트원효로점 부근),3,3,37.535806,126.961528
2017,보행노인,서울특별시 용산구4,서울특별시 용산구 보광동(IBK기업은행보광동점 부근),3,3,37.527906,126.999352
2017,보행노인,서울특별시 용산구5,서울특별시 용산구 남영동(숙대입구역3번출구 부근),3,3,37.545107,126.971903
2017,보행노인,서울특별시 성동구1,서울특별시 성동구 행당동(왕십리역11번출구~홈플러스익스프레스왕십리점),5,5,37.562118,127.033997
2017,보행노인,서울특별시 성동구2,서울특별시 성동구 사근동(한양대후문약국 부근),4,5,37.559499,127.041982
2017,보행노인,서울특별시 성동구3,서울특별시 성동구 행당동(행당과선교 부근),2,2,37.558101,127.039395
2017,보행노인,서울특별시 광진구1,서울특별시 광진구 중곡동(신성골목시장 부근),5,7,37.557918,127.089346
2017,보행노인,서울특별시 광진구2,서울특별시 광진구 군자동(화양사거리 부근),4,4,37.548268,127.068175
2017,보행노인,서울특별시 광진구3,서울특별시 광진구 구의동(슬기유치원 부근),3,3,37.551283,127.091984
2017,보행노인,서울특별시 동대문구1,서울특별시 동대문구 제기동(왕산로29길 부근),11,11,37.579890,127.040837
2017,보행노인,서울특별시 동대문구2,서울특별시 동대문구 신설동(신삼송빌딩앞 부근),10,10,37.573982,127.023284
2017,보행노인,서울특별시 동대문구3,서울특별시 동대문구 전농동(청량리역사거리 부근),9,9,37.580793,127.045892
2017,보행노인,서울특별시 동대문구4,서울특별시 동대문구 제기동(KB국민은행홍릉지점 부근),6,6,37.586682,127.041387
2017,보행노인,서울특별시 동대문구5,서울특별시 동대문구 전농동(성모온누리약국 부근),5,6,37.578016,127.044042
2017,보행노인,서울특별시 동대문구6,서울특별시 동대문구 제기동(제기동역1번출구 부근),5,5,37.578289,127.033959
2017,보행노인,서울특별시 동대문구7,서울특별시 동대문구 장안동(배봉초교사거리 부근),4,4,37.578693,127.068741
2017,보행노인,서울특별시 동대문구8,서울특별시 동대문구 회기동(IBK기업은행회기역지점 부근),4,5,37.589965,127.055911
2017,보행노인,서울특별시 동대문구9,서울특별시 동대문구 제기동(영양물산 부근),4,4,37.582804,127.037556
2017,보행노인,서울특별시 동대문구10,서울특별시 동대문구 휘경동(삼성디지털프라자휘경점 부근),3,3,37.591001,127.065402
2017,보행노인,서울특별시 동대문구11,서울특별시 동대문구 휘경동(외대앞역교차로 부근),3,4,37.594504,127.064663
2017,보행노인,서울특별시 중랑구1,서울특별시 중랑구 면목동(사가정역 부근),7,7,37.581290,127.088519
2017,보행노인,서울특별시 중랑구2,서울특별시 중랑구 망우동(산마루한의원 부근),4,6,37.600465,127.104007
2017,보행노인,서울특별시 중랑구3,서울특별시 중랑구 망우동(호텔스타상봉 부근),4,6,37.598027,127.093644
2017,보행노인,서울특별시 중랑구4,서울특별시 중랑구 묵동(다솔한의원 부근),4,4,37.612201,127.078278
2017,보행노인,서울특별시 중랑구5,서울특별시 중랑구 면목동(삼대냉면 부근),4,4,37.589089,127.090565
2017,보행노인,서울특별시 중랑구6,서울특별시 중랑구 중화동(경희제일한의원 부근),3,3,37.604806,127.077065
2017,보행노인,서울특별시 중랑구7,서울특별시 중랑구 면목동(우림목재합판 부근),2,2,37.591999,127.082716
2017,보행노인,서울특별시 성북구1,서울특별시 성북구 동소문동5가(빽다방성신여대입구역점 부근),9,9,37.592733,127.016585
2017,보행노인,서울특별시 성북구2,서울특별시 성북구 하월곡동(성북트리즘빌딩사거리 부근),8,9,37.602449,127.038159
2017,보행노인,서울특별시 성북구3,서울특별시 성북구 동선동2가(바람마당교 부근),7,7,37.589375,127.017319
2017,보행노인,서울특별시 성북구4,서울특별시 성북구 길음동(박찬유치과의원 부근),5,5,37.603458,127.023691
2017,보행노인,서울특별시 성북구5,서울특별시 성북구 장위동(성심가정의학과의원 부근),5,5,37.613346,127.049008
2017,보행노인,서울특별시 성북구6,서울특별시 성북구 장위동(KEB하나은행장위동지점 부근),4,4,37.615751,127.050727
2017,보행노인,서울특별시 성북구7,서울특별시 성북구 장위동(나약국 부근),4,4,37.614147,127.043050
2017,보행노인,서울특별시 성북구8,서울특별시 성북구 정릉동(도미노피자정릉점 부근),3,3,37.607361,127.010399
2017,보행노인,서울특별시 성북구9,서울특별시 성북구 길음동(삼양로10길 부근),3,3,37.608613,127.023522
2017,보행노인,서울특별시 성북구10,서울특별시 성북구 종암동(사대부고앞 부근),3,3,37.593353,127.036293
2017,보행노인,서울특별시 성북구11,서울특별시 성북구 정릉동(정릉4동주민센터사거리 부근),3,3,37.612748,127.007474
2017,보행노인,서울특별시 성북구12,서울특별시 성북구 석관동(돌곶이역 부근),3,3,37.610974,127.057177
2017,보행노인,서울특별시 강북구1,서울특별시 강북구 수유동(수유역 부근),8,10,37.638095,127.025487
2017,보행노인,서울특별시 강북구2,서울특별시 강북구 미아동(미아역 부근),6,11,37.626085,127.026088
2017,보행노인,서울특별시 강북구3,서울특별시 강북구 수유동(화계역 부근),6,6,37.634204,127.017235
2017,보행노인,서울특별시 강북구4,서울특별시 강북구 미아동(삼양사거리역 부근),5,5,37.621256,127.020532
2017,보행노인,서울특별시 강북구5,서울특별시 강북구 미아동(창문여고앞삼거리 부근),3,3,37.612707,127.037421
2017,보행노인,서울특별시 강북구6,서울특별시 강북구 수유동(광산사거리 부근),3,3,37.643511,127.022447
2017,보행노인,서울특별시 도봉구1,서울특별시 도봉구 창동(창동지하차도 부근),4,4,37.652123,127.048000
2017,보행노인,서울특별시 도봉구2,서울특별시 도봉구 도봉동(도봉산역1번출구 부근),4,4,37.688874,127.045602
2017,보행노인,서울특별시 도봉구3,서울특별시 도봉구 쌍문동(숭미파출소사거리 부근),3,3,37.647362,127.025791
2017,보행노인,서울특별시 도봉구4,서울특별시 도봉구 창동(신창교 부근),3,3,37.633776,127.039525
2017,보행노인,서울특별시 도봉구5,서울특별시 도봉구 도봉동(도봉역2번출구 부근),2,2,37.677499,127.045185
2017,보행노인,서울특별시 노원구1,서울특별시 노원구 상계동(우물집원조추어탕순대국 부근),4,4,37.671235,127.082041
2017,보행노인,서울특별시 노원구2,서울특별시 노원구 상계동(수락산역4번출구 부근),4,4,37.675873,127.055789
2017,보행노인,서울특별시 노원구3,서울특별시 노원구 상계동(한국전력공사노원도봉지사 부근),3,4,37.654506,127.054960
2017,보행노인,서울특별시 노원구4,서울특별시 노원구 공릉동(배꽃나라주유소 부근),3,3,37.618559,127.079106
2017,보행노인,서울특별시 노원구5,서울특별시 노원구 공릉동(공릉볼링센타 부근),3,3,37.621517,127.075654
2017,보행노인,서울특별시 은평구1,서울특별시 은평구 응암동(응암오거리 부근),6,6,37.590160,126.916991
2017,보행노인,서울특별시 은평구2,서울특별시 은평구 신사동(와산교교차로 부근),5,5,37.588841,126.912565
2017,보행노인,서울특별시 은평구3,서울특별시 은평구 불광동(연신내역 부근),4,7,37.619208,126.921109
2017,보행노인,서울특별시 은평구4,서울특별시 은평구 역촌동(역말사거리 부근),3,3,37.604860,126.915592
2017,보행노인,서울특별시 은평구5,서울특별시 은평구 응암동(드림캐시아주상복합 부근),3,5,37.598649,126.920935
2017,보행노인,서울특별시 은평구6,서울특별시 은평구 대조동(대조불광시장교차로 부근),3,3,37.608870,126.926634
2017,보행노인,서울특별시 은평구7,서울특별시 은평구 불광동(불광지구대 부근),3,3,37.621152,126.925658
2017,보행노인,서울특별시 서대문구1,서울특별시 서대문구 북가좌동(북가좌사거리 부근),5,5,37.581682,126.912470
2017,보행노인,서울특별시 서대문구2,서울특별시 서대문구 홍은동(홍연2교교차로 부근),4,4,37.578581,126.930110
2017,보행노인,서울특별시 서대문구3,서울특별시 서대문구 홍제동(홍제역 부근),4,4,37.588765,126.944566
2017,보행노인,서울특별시 서대문구4,서울특별시 서대문구 홍제동(홍제삼거리 부근),3,5,37.586124,126.946974
2017,보행노인,서울특별시 서대문구5,서울특별시 서대문구 홍제동(홍제교 부근),3,3,37.591971,126.944461
2017,보행노인,서울특별시 서대문구6,서울특별시 서대문구 홍은동(홍은파출소 부근),3,4,37.595125,126.946228
2017,보행노인,서울특별시 서대문구7,서울특별시 서대문구 홍제동(7호포차 부근),2,2,37.588903,126.937406
2017,보행노인,서울특별시 마포구1,서울특별시 마포구 성산동(가좌삼거리 부근),5,5,37.569625,126.914166
2017,보행노인,서울특별시 마포구2,서울특별시 마포구 서교동(서교동사거리 부근),5,5,37.552672,126.918148
2017,보행노인,서울특별시 마포구3,서울특별시 마포구 망원동(한강공원입구교차로 부근),5,5,37.555912,126.899125
2017,보행노인,서울특별시 마포구4,서울특별시 마포구 망원동(LG베스트샵월드컵점 부근),4,4,37.561845,126.904740
2017,보행노인,서울특별시 양천구1,서울특별시 양천구 목동(다이소등촌시장점 부근),6,6,37.548582,126.865348
2017,보행노인,서울특별시 양천구2,서울특별시 양천구 신월동(으뜸공원 부근),4,4,37.536397,126.830398
2017,보행노인,서울특별시 양천구3,서울특별시 양천구 신월동(양천경찰서 부근),3,4,37.516960,126.865490
2017,보행노인,서울특별시 양천구4,서울특별시 양천구 신정동(홍익병원 부근),3,3,37.528760,126.863908
2017,보행노인,서울특별시 강서구1,서울특별시 강서구 방화동(신월초교입구교차로 부근),4,4,37.540858,126.841619
2017,보행노인,서울특별시 강서구2,서울특별시 강서구 화곡동(KEB하나은행공항로지점 부근),4,4,37.555207,126.854331
2017,보행노인,서울특별시 강서구3,서울특별시 강서구 염창동(염창역 부근),4,4,37.547008,126.874066
2017,보행노인,서울특별시 강서구4,서울특별시 강서구 공항동(송정역1번출구 부근),3,4,37.561370,126.810946
2017,보행노인,서울특별시 강서구5,서울특별시 강서구 화곡동(21세기국민약국 부근),3,3,37.531972,126.858917
2017,보행노인,서울특별시 구로구1,서울특별시 구로구 구로동(신구로자이주상복합 부근),4,4,37.499625,126.884081
2017,보행노인,서울특별시 구로구2,서울특별시 구로구 구로동(킴스안경클럽 부근),4,4,37.488478,126.884704
2017,보행노인,서울특별시 구로구3,서울특별시 구로구 개봉동(GS25개봉당곡점 부근),4,4,37.488123,126.854771
2017,보행노인,서울특별시 구로구4,서울특별시 구로구 개봉동(경인중 부근),3,3,37.497730,126.853558
2017,보행노인,서울특별시 구로구5,서울특별시 구로구 가리봉동(블루핸즈공단서비스센타 부근),3,3,37.481496,126.887429
2017,보행노인,서울특별시 구로구6,서울특별시 구로구 오류동(오류동역앞교차로 부근),3,3,37.496121,126.843534
2017,보행노인,서울특별시 구로구7,서울특별시 구로구 개봉동(개봉1동사거리 부근),2,2,37.501539,126.846697
2017,보행노인,서울특별시 금천구1,서울특별시 금천구 시흥동(에벤에셀프라자아파트 부근),6,6,37.450624,126.910087
2017,보행노인,서울특별시 금천구2,서울특별시 금천구 시흥동(시흥사거리 부근),4,4,37.454351,126.901589
2017,보행노인,서울특별시 금천구3,서울특별시 금천구 시흥동(세븐일레븐시흥초교점 부근),4,4,37.456274,126.905724
2017,보행노인,서울특별시 영등포구1,서울특별시 영등포구 영등포동3가(영등포시장앞 부근),8,9,37.519944,126.905016
2017,보행노인,서울특별시 영등포구2,서울특별시 영등포구 신길동(우신초교앞 부근),4,4,37.509778,126.910467
2017,보행노인,서울특별시 영등포구3,서울특별시 영등포구 당산동1가(영등포유통상가교차로 부근),3,5,37.520820,126.895608
2017,보행노인,서울특별시 영등포구4,서울특별시 영등포구 대림동(살레시오청소년센터 부근),3,3,37.494426,126.905195
2017,보행노인,서울특별시 영등포구5,서울특별시 영등포구 신길동(신길삼거리 부근),3,4,37.514377,126.919256
2017,보행노인,서울특별시 영등포구6,서울특별시 영등포구 문래동3가(모드니주유소 부근),2,2,37.514481,126.900632
2017,보행노인,서울특별시 동작구1,서울특별시 동작구 상도동(상도3동주민센터 부근),8,8,37.499504,126.931477
2017,보행노인,서울특별시 동작구2,서울특별시 동작구 대방동(신대방삼거리역교차로 부근),6,6,37.498885,126.927932
2017,보행노인,서울특별시 동작구3,서울특별시 동작구 흑석동(이마트에브리데이흑석동점 부근),4,4,37.507364,126.960856
2017,보행노인,서울특별시 동작구4,서울특별시 동작구 노량진동(이마트24동작삼익점 부근),4,4,37.510643,126.944601
2017,보행노인,서울특별시 동작구5,서울특별시 동작구 대방동(롯데하이마트대방점 부근),3,5,37.505373,126.922577
2017,보행노인,서울특별시 동작구6,서울특별시 동작구 사당동(이수역사거리 부근),3,3,37.485616,126.982767
2017,보행노인,서울특별시 동작구7,서울특별시 동작구 사당동(동작대로1길 부근),3,3,37.477144,126.981154
2017,보행노인,서울특별시 동작구8,서울특별시 동작구 사당동(밝은서울정신건강의학과의원 부근),2,2,37.482704,126.982237
2017,보행노인,서울특별시 관악구1,서울특별시 관악구 신림동(신림교 부근),7,7,37.482116,126.929531
2017,보행노인,서울특별시 관악구2,서울특별시 관악구 신림동(난곡새마을금고본점 부근),5,5,37.474309,126.919955
2017,보행노인,서울특별시 관악구3,서울특별시 관악구 신림동(미가할매집 부근),4,4,37.487789,126.928618
2017,보행노인,서울특별시 관악구4,서울특별시 관악구 봉천동(봉천역 부근),4,4,37.482339,126.942099
2017,보행노인,서울특별시 관악구5,서울특별시 관악구 봉천동(서울대입구역 부근),4,4,37.481354,126.950918
2017,보행노인,서울특별시 관악구6,서울특별시 관악구 신림동(신림현대아파트교차로 부근),3,4,37.485350,126.909574
2017,보행노인,서울특별시 관악구7,서울특별시 관악구 신림동(금천경찰서 부근),2,2,37.481044,126.909605
2017,보행노인,서울특별시 서초구1,서울특별시 서초구 잠원동(신사역5번출구 부근),5,6,37.515964,127.019166
2017,보행노인,서울특별시 서초구2,서울특별시 서초구 방배동(방배역 부근),3,3,37.481954,126.997159
2017,보행노인,서울특별시 강남구1,서울특별시 강남구 도곡동(언주초교 부근),3,4,37.485658,127.036656
2017,보행노인,서울특별시 송파구1,서울특별시 송파구 삼전동(시온정비센터 부근),5,5,37.501952,127.085903
2017,보행노인,서울특별시 송파구2,서울특별시 송파구 마천동(착한깡통 부근),5,5,37.497229,127.150603
2017,보행노인,서울특별시 송파구3,서울특별시 송파구 문정동(가락시장역3호선 부근),4,4,37.491858,127.116130
2017,보행노인,서울특별시 송파구4,서울특별시 송파구 석촌동(석촌역 부근),3,3,37.506508,127.106108
2017,보행노인,서울특별시 송파구5,서울특별시 송파구 방이동(포레스트요양병원 부근),3,3,37.511834,127.113847
2017,보행노인,서울특별시 송파구6,서울특별시 송파구 신천(잠실역8호선 부근),3,5,37.514455,127.103104
2017,보행노인,서울특별시 강동구1,서울특별시 강동구 명일동(성덕고 부근),6,6,37.550386,127.142912
2017,보행노인,서울특별시 강동구2,서울특별시 강동구 암사동(CU암사중앙점 부근),5,5,37.551296,127.128709
2017,보행노인,서울특별시 강동구3,서울특별시 강동구 명일동(샛마을근린공원 부근),4,4,37.549745,127.147096
2017,보행노인,서울특별시 강동구4,서울특별시 강동구 길동(천동초교입구교차로 부근),4,4,37.541005,127.141212
2017,보행노인,서울특별시 강동구5,서울특별시 강동구 천호동(동신중 부근),4,4,37.537225,127.134201
2017,보행노인,서울특별시 강동구6,서울특별시 강동구 고덕동(상일동역1번출구 부근),3,3,37.556472,127.164037
2017,보행노인,서울특별시 강동구7,서울특별시 강동구 성내동(CU성내제일점 부근),3,4,37.528923,127.131276
2017,보행노인,경기도 수원시 장안구1,경기도 수원시 장안구 영화동(한국은행경기본부 부근),5,5,37.286560,127.009236
2017,보행노인,경기도 수원시 장안구2,경기도 수원시 장안구 영화동(수성중 부근),4,4,37.293735,127.012798
2017,보행노인,경기도 수원시 장안구3,경기도 수원시 장안구 송죽동(솔대사거리 부근),4,4,37.306083,127.000972
2017,보행노인,경기도 수원시 장안구4,경기도 수원시 장안구 연무동(낙원떡방앗간 부근),3,3,37.295428,127.026012
2017,보행노인,경기도 수원시 팔달구1,경기도 수원시 팔달구 인계동(못골종합시장 부근),6,6,37.274928,127.021448
2017,보행노인,경기도 수원시 팔달구2,경기도 수원시 팔달구 영동(지동교 부근),6,6,37.277668,127.019209
2017,보행노인,경기도 수원시 팔달구3,경기도 수원시 팔달구 인계동(성빈센트병원단일로 부근),4,4,37.277433,127.027986
2017,보행노인,경기도 수원시 팔달구4,경기도 수원시 팔달구 매산로1가(수원역광장교차로 부근),4,4,37.267634,127.000028
2017,보행노인,경기도 수원시 팔달구5,경기도 수원시 팔달구 화서동(화서오거리 부근),3,3,37.279177,126.999085
2017,보행노인,경기도 성남시 수정구1,경기도 성남시 수정구 수진동(중앙시장사거리 부근),14,16,37.440826,127.131678
2017,보행노인,경기도 성남시 수정구2,경기도 성남시 수정구 양지동(성남동부새마을금고본점 부근),7,13,37.457360,127.163497
2017,보행노인,경기도 성남시 수정구3,경기도 성남시 수정구 태평동(태평2동행정복지센터 부근),5,5,37.447590,127.138889
2017,보행노인,경기도 성남시 수정구4,경기도 성남시 수정구 수진동(샛별오피스텔 부근),2,2,37.435694,127.134134
2017,보행노인,경기도 성남시 중원구1,경기도 성남시 중원구 성남동(성남스포츠클라이밍센터 부근),10,10,37.431543,127.128290
2017,보행노인,경기도 성남시 중원구2,경기도 성남시 중원구 중앙동(신흥사거리 부근),5,5,37.440033,127.145163
2017,보행노인,경기도 성남시 중원구3,경기도 성남시 중원구 성남동(스파이더실내암벽클라이밍 부근),2,2,37.429213,127.131179
2017,보행노인,경기도 성남시 중원구4,경기도 성남시 중원구 은행동(한솥도시락성남을지대옆점 부근),2,2,37.461269,127.167585
2017,보행노인,경기도 성남시 분당구1,경기도 성남시 분당구 야탑동(야탑역 부근),4,4,37.411386,127.128806
2017,보행노인,경기도 성남시 분당구2,경기도 성남시 분당구 정자동(청솔종합사회복지관 부근),4,4,37.353307,127.111045
2017,보행노인,경기도 성남시 분당구3,경기도 성남시 분당구 서현동(돌마지하차도 부근),4,4,37.377106,127.132426
2017,보행노인,경기도 성남시 분당구4,경기도 성남시 분당구 야탑동(중탑삼거리 부근),3,3,37.414715,127.138655
2017,보행노인,경기도 성남시 분당구5,경기도 성남시 분당구 서현동(스타벅스서현미래에셋점 부근),3,3,37.388731,127.123383
2017,보행노인,경기도 용인시 기흥구1,경기도 용인시 기흥구 마북동(남서울빛교회 부근),6,6,37.300062,127.107262
2017,보행노인,경기도 용인시 기흥구2,경기도 용인시 기흥구 신갈동(신갈오거리 부근),3,3,37.271427,127.105876
2017,보행노인,경기도 용인시 수지구1,경기도 용인시 수지구 죽전동(도담마을주공8단지 807동 부근),3,3,37.325641,127.112971
2017,자전거,서울특별시 종로구1,서울특별시 종로구 종로6가(동대문역 1번출구 부근),6,11,37.571758,127.010553
2017,자전거,서울특별시 종로구2,서울특별시 종로구 종로5가(종로5가역 부근),4,4,37.571118,127.004000
2017,자전거,서울특별시 종로구3,서울특별시 종로구 관철동(관수파출소 부근),4,4,37.569298,126.987759
2017,자전거,서울특별시 용산구1,서울특별시 용산구 서빙고동(반포대교북단교차로 부근),5,5,37.519573,126.994123
2017,자전거,서울특별시 용산구2,서울특별시 용산구 한강로1가(삼각지역6호선 부근),4,4,37.535665,126.974048
2017,자전거,서울특별시 성동구1,서울특별시 성동구 마장동(고산자교 부근),7,7,37.572253,127.037765
2017,자전거,서울특별시 성동구2,서울특별시 성동구 성수동1가(대림공인중개사사무소 부근),5,5,37.541250,127.046243
2017,자전거,서울특별시 성동구3,서울특별시 성동구 송정동(성동세무서 부근),4,5,37.548275,127.062623
2017,자전거,서울특별시 성동구4,서울특별시 성동구 상왕십리동(황학교 부근),4,4,37.571737,127.023533
2017,자전거,서울특별시 성동구5,서울특별시 성동구 하왕십리동(무학교 부근),4,4,37.569395,127.030022
2017,자전거,서울특별시 광진구1,서울특별시 광진구 자양동(우신빌딩 부근),7,7,37.537780,127.060014
2017,자전거,서울특별시 광진구2,서울특별시 광진구 자양동(자양현대홈타운7차아파트후문 부근),6,6,37.533383,127.069961
2017,자전거,서울특별시 광진구3,서울특별시 광진구 자양동(건대입구역2호선 부근),5,5,37.540618,127.068804
2017,자전거,서울특별시 광진구4,서울특별시 광진구 자양동(광영빌딩 부근),4,4,37.535923,127.083827
2017,자전거,서울특별시 동대문구1,서울특별시 동대문구 용두동(제기동역 4번출구 부근),9,9,37.578165,127.035574
2017,자전거,서울특별시 동대문구2,서울특별시 동대문구 장안동(장안동사거리 부근),7,8,37.572186,127.071406
2017,자전거,서울특별시 동대문구3,서울특별시 동대문구 전농동(성바오로병원교차로 부근),6,6,37.579139,127.041716
2017,자전거,서울특별시 동대문구4,서울특별시 동대문구 장안동(양지쉐르빌아파트 부근),5,5,37.562646,127.061112
2017,자전거,서울특별시 동대문구5,서울특별시 동대문구 휘경동(중랑교서단 부근),5,7,37.592674,127.069443
2017,자전거,서울특별시 동대문구6,서울특별시 동대문구 장안동(샛별어린이공원 부근),5,5,37.567753,127.067266
2017,자전거,서울특별시 동대문구7,서울특별시 동대문구 답십리동(조성종의원 부근),4,4,37.570061,127.064456
2017,자전거,서울특별시 동대문구8,서울특별시 동대문구 휘경동(동대문구견인차량보관소 부근),4,4,37.588915,127.068814
2017,자전거,서울특별시 동대문구9,서울특별시 동대문구 답십리동(답십리우리한의원 부근),4,4,37.568029,127.057050
2017,자전거,서울특별시 동대문구10,서울특별시 동대문구 청량리동(영휘원사거리 부근),4,4,37.586860,127.043108
2017,자전거,서울특별시 중랑구1,서울특별시 중랑구 면목동(면목2동사거리 부근),11,11,37.585987,127.079686
2017,자전거,서울특별시 중랑구2,서울특별시 중랑구 중화동(이화교옆 중랑천로 부근),9,11,37.601430,127.073953
2017,자전거,서울특별시 중랑구3,서울특별시 중랑구 면목동(면목역 부근),9,9,37.588959,127.087490
2017,자전거,서울특별시 중랑구4,서울특별시 중랑구 면목동(면목두산2단지아파트정문 부근),9,9,37.580946,127.084086
2017,자전거,서울특별시 중랑구5,서울특별시 중랑구 상봉동(상봉역 3번출구 부근),7,7,37.593991,127.086150
2017,자전거,서울특별시 중랑구6,서울특별시 중랑구 상봉동(동일로지하차도사거리 부근),7,7,37.594703,127.080165
2017,자전거,서울특별시 중랑구7,서울특별시 중랑구 면목동(면목동동원베네스트아파트 102동 부근),6,6,37.584537,127.083548
2017,자전거,서울특별시 중랑구8,서울특별시 중랑구 상봉동(코스트코코리아상봉점 부근),6,6,37.597484,127.089302
2017,자전거,서울특별시 중랑구9,서울특별시 중랑구 망우동(신내지하차도사거리 부근),5,12,37.599411,127.097976
2017,자전거,서울특별시 중랑구10,서울특별시 중랑구 중화동(봉화공원 부근),5,5,37.598152,127.076810
2017,자전거,서울특별시 중랑구11,서울특별시 중랑구 면목동(장안교사거리 부근),5,5,37.581251,127.078762
2017,자전거,서울특별시 성북구1,서울특별시 성북구 장위동(장위사거리 부근),9,9,37.613151,127.060569
2017,자전거,서울특별시 성북구2,서울특별시 성북구 하월곡동(GS칼텍스 효성주유소 부근),5,5,37.602740,127.035782
2017,자전거,서울특별시 성북구3,서울특별시 성북구 석관동(돌곶이역 부근),5,5,37.610570,127.057026
2017,자전거,서울특별시 성북구4,서울특별시 성북구 하월곡동(월곡연세가정의학과의원 부근),4,4,37.607061,127.036674
2017,자전거,서울특별시 강북구1,서울특별시 강북구 수유동(수유사거리 부근),6,6,37.635531,127.024359
2017,자전거,서울특별시 강북구2,서울특별시 강북구 수유동(선아트빌 부근),6,7,37.645888,127.010603
2017,자전거,서울특별시 강북구3,서울특별시 강북구 번동(모아한의원 수유점 부근),5,6,37.635410,127.031468
2017,자전거,서울특별시 강북구4,서울특별시 강북구 미아동(한국전력공사 강북성북지사 부근),5,5,37.630355,127.024924
2017,자전거,서울특별시 강북구5,서울특별시 강북구 수유동(한신대사거리 부근),4,7,37.634032,127.015626
2017,자전거,서울특별시 강북구6,서울특별시 강북구 수유동(서울수유3동우체국 부근),4,5,37.640916,127.028673
2017,자전거,서울특별시 강북구7,서울특별시 강북구 번동(번동중학교정문 부근),4,4,37.632937,127.036287
2017,자전거,서울특별시 강북구8,서울특별시 강북구 수유동(광산교회 부근),4,5,37.643562,127.021749
2017,자전거,서울특별시 강북구9,서울특별시 강북구 미아동(삼양입구사거리 부근),4,6,37.617445,127.029822
2017,자전거,서울특별시 도봉구1,서울특별시 도봉구 방학동(서울문화고교 부근),7,7,37.664664,127.046491
2017,자전거,서울특별시 도봉구2,서울특별시 도봉구 방학동(로뎀감리교회 부근),7,8,37.667249,127.033443
2017,자전거,서울특별시 도봉구3,서울특별시 도봉구 도봉동(도봉1교 부근),6,6,37.679012,127.051554
2017,자전거,서울특별시 도봉구4,서울특별시 도봉구 도봉동(신도봉사거리 부근),5,5,37.671173,127.043823
2017,자전거,서울특별시 노원구1,서울특별시 노원구 공릉동(노원문화원 부근),4,5,37.628548,127.069872
2017,자전거,서울특별시 노원구2,서울특별시 노원구 중계동(수암초교앞삼거리 부근),4,4,37.648831,127.081117
2017,자전거,서울특별시 노원구3,서울특별시 노원구 상계동(상계11-13단지사거리 부근),4,4,37.667066,127.056178
2017,자전거,서울특별시 은평구1,서울특별시 은평구 신사동(신사오거리 부근),8,9,37.599102,126.915788
2017,자전거,서울특별시 은평구2,서울특별시 은평구 불광동(불광역6호선 부근),7,8,37.611464,126.928930
2017,자전거,서울특별시 은평구3,서울특별시 은평구 응암동(응암오거리 부근),5,5,37.590236,126.917335
2017,자전거,서울특별시 서대문구1,서울특별시 서대문구 북가좌동(북가좌사거리 부근),5,5,37.582524,126.913352
2017,자전거,서울특별시 마포구1,서울특별시 마포구 망원동(한강빌딩 부근),8,8,37.561510,126.904992
2017,자전거,서울특별시 마포구2,서울특별시 마포구 마포동(마포역 4번출구 부근),5,5,37.539616,126.945855
2017,자전거,서울특별시 마포구3,서울특별시 마포구 망원동(망원우체국사거리 부근),5,6,37.558265,126.908187
2017,자전거,서울특별시 마포구4,서울특별시 마포구 합정동(홀트아동복지회 부근),4,4,37.548972,126.911781
2017,자전거,서울특별시 양천구1,서울특별시 양천구 목동(오목수변공원 부근),6,6,37.524835,126.878374
2017,자전거,서울특별시 양천구2,서울특별시 양천구 신월동(성창빌딩 앞 부근),5,5,37.522725,126.836923
2017,자전거,서울특별시 양천구3,서울특별시 양천구 목동(파리공원 부근),5,5,37.535430,126.877141
2017,자전거,서울특별시 양천구4,서울특별시 양천구 신정동(신정 야구장 부근),4,4,37.515629,126.877892
2017,자전거,서울특별시 양천구5,서울특별시 양천구 신정동(희당한의원 부근),4,4,37.522308,126.876535
2017,자전거,서울특별시 강서구1,서울특별시 강서구 화곡동(KT SIS강서점 부근),7,7,37.529882,126.848010
2017,자전거,서울특별시 강서구2,서울특별시 강서구 방화동(수정교회 부근),6,7,37.570766,126.816585
2017,자전거,서울특별시 강서구3,서울특별시 강서구 내발산동(발산역 부근),5,5,37.558548,126.838963
2017,자전거,서울특별시 강서구4,서울특별시 강서구 화곡동(목동사거리 부근),5,5,37.532494,126.863686
2017,자전거,서울특별시 구로구1,서울특별시 구로구 구로동(구로어린이공원 부근),8,8,37.491518,126.891846
2017,자전거,서울특별시 구로구2,서울특별시 구로구 구로동(구로거리공원 부근),6,7,37.501831,126.889617
2017,자전거,서울특별시 구로구3,서울특별시 구로구 구로동(스타벅스 구로디지털로점 부근),5,5,37.486407,126.896780
2017,자전거,서울특별시 구로구4,서울특별시 구로구 구로동(구로구청.구의회사거리 부근),5,6,37.495236,126.889181
2017,자전거,서울특별시 구로구5,서울특별시 구로구 구로동(장의원 부근),5,5,37.488371,126.889724
2017,자전거,서울특별시 구로구6,서울특별시 구로구 개봉동(늘푸른한의원 부근),4,4,37.492679,126.856144
2017,자전거,서울특별시 금천구1,서울특별시 금천구 독산동(홈플러스금천점 앞 부근),4,4,37.468906,126.897896
2017,자전거,서울특별시 금천구2,서울특별시 금천구 시흥동(은행나무시장 부근),4,4,37.450771,126.908682
2017,자전거,서울특별시 금천구3,서울특별시 금천구 시흥동(시흥사거리 부근),4,4,37.454917,126.900751
2017,자전거,서울특별시 영등포구1,서울특별시 영등포구 당산동1가(양화한강공원출구 부근),7,10,37.539327,126.900670
2017,자전거,서울특별시 영등포구2,서울특별시 영등포구 당산동4가(당서초교 앞 부근),7,7,37.530841,126.899340
2017,자전거,서울특별시 영등포구3,서울특별시 영등포구 대림동(대림3동사거리 부근),6,6,37.500837,126.899021
2017,자전거,서울특별시 영등포구4,서울특별시 영등포구 영등포동(영등포역교차로 부근),6,6,37.516064,126.905735
2017,자전거,서울특별시 영등포구5,서울특별시 영등포구 대림동(대림공원사거리 부근),5,5,37.491661,126.902219
2017,자전거,서울특별시 영등포구6,서울특별시 영등포구 당산동1가(양화한강공원입구 부근),5,5,37.537036,126.904459
2017,자전거,서울특별시 영등포구7,서울특별시 영등포구 영등포동3가(영등포시장사거리 부근),5,5,37.519868,126.904620
2017,자전거,서울특별시 영등포구8,서울특별시 영등포구 여의도동(마포한강공원자전거대여소 부근),5,7,37.530974,126.926885
2017,자전거,서울특별시 영등포구9,서울특별시 영등포구 도림동(우신초교앞 부근),4,4,37.510232,126.909299
2017,자전거,서울특별시 영등포구10,서울특별시 영등포구 여의도동(여의나루역 부근),4,5,37.526307,126.934775
2017,자전거,서울특별시 영등포구11,서울특별시 영등포구 당산동3가(영등포경찰서사거리 부근),4,4,37.526164,126.902756
2017,자전거,서울특별시 영등포구12,서울특별시 영등포구 여의도동(시범아파트앞 부근),4,4,37.521341,126.940425
2017,자전거,서울특별시 동작구1,서울특별시 동작구 신대방동(대방천사거리 부근),7,7,37.498440,126.920049
2017,자전거,서울특별시 동작구2,서울특별시 동작구 상도동(장승배기역 부근),6,6,37.505044,126.939562
2017,자전거,서울특별시 동작구3,서울특별시 동작구 신대방동(대림사거리 부근),5,5,37.488998,126.906641
2017,자전거,서울특별시 동작구4,서울특별시 동작구 본동(노들나루공원 부근),4,4,37.514599,126.953884
2017,자전거,서울특별시 동작구5,서울특별시 동작구 신대방동(글로벌신학아카데미 부근),4,4,37.498215,126.927870
2017,자전거,서울특별시 관악구1,서울특별시 관악구 신림동(구로전화국사거리 부근),5,5,37.479761,126.903063
2017,자전거,서울특별시 관악구2,서울특별시 관악구 신림동(난곡사거리 부근),4,4,37.481223,126.914710
2017,자전거,서울특별시 강남구1,서울특별시 강남구 대치동(원일빌딩 부근),4,4,37.500444,127.066070
2017,자전거,서울특별시 강남구2,서울특별시 강남구 역삼동(강남세브란스사거리 부근),4,4,37.495565,127.046108
2017,자전거,서울특별시 송파구1,서울특별시 송파구 석촌동(석촌역 부근),9,11,37.505446,127.106998
2017,자전거,서울특별시 송파구2,서울특별시 송파구 방이동(둔촌사거리 부근),8,8,37.520962,127.133545
2017,자전거,서울특별시 송파구3,서울특별시 송파구 삼전동(삼전사거리 부근),8,8,37.503948,127.088691
2017,자전거,서울특별시 송파구4,서울특별시 송파구 가락동(가락시장역 1번출구 부근),7,7,37.493537,127.118110
2017,자전거,서울특별시 송파구5,서울특별시 송파구 잠실동(잠실트리지움입구 부근),7,8,37.510180,127.086168
2017,자전거,서울특별시 송파구6,서울특별시 송파구 가락동(가락중고교 부근),7,8,37.501299,127.117858
2017,자전거,서울특별시 송파구7,서울특별시 송파구 삼전동(잠실학원사거리 부근),6,6,37.506961,127.090197
2017,자전거,서울특별시 송파구8,서울특별시 송파구 석촌동(배명사거리 부근),6,6,37.503537,127.097075
2017,자전거,서울특별시 송파구9,서울특별시 송파구 풍납동(풍납중학교 부근),6,8,37.524190,127.116644
2017,자전거,서울특별시 송파구10,서울특별시 송파구 방이동(두양빌딩 부근),6,6,37.516639,127.110745
2017,자전거,서울특별시 송파구11,서울특별시 송파구 문정동(장지역사거리 부근),6,6,37.479464,127.125882
2017,자전거,서울특별시 송파구12,서울특별시 송파구 방이동(방이사거리 부근),6,6,37.511032,127.110651
2017,자전거,서울특별시 송파구13,서울특별시 송파구 잠실동(아시아선추손아파트삼거리 부근),5,5,37.506340,127.081321
2017,자전거,서울특별시 송파구14,서울특별시 송파구 삼전동(세명주유소 부근),5,5,37.498822,127.096703
2017,자전거,서울특별시 송파구15,서울특별시 송파구 삼전동(광원빌딩 부근),5,5,37.506574,127.094037
2017,자전거,서울특별시 송파구16,서울특별시 송파구 송파동(가락시장사거리 부근),4,5,37.497669,127.113576
2017,자전거,서울특별시 송파구17,서울특별시 송파구 오금동(올림픽공원사거리 부근),4,5,37.512291,127.127726
2017,자전거,서울특별시 송파구18,서울특별시 송파구 송파동(송파사거리 부근),4,4,37.501995,127.110309
2017,자전거,서울특별시 송파구19,서울특별시 송파구 문정동(문정현대아파트 앞 부근),4,4,37.486016,127.124848
2017,자전거,서울특별시 송파구20,서울특별시 송파구 풍납동(풍납2동주민센터 부근),4,4,37.529293,127.116099
2017,자전거,서울특별시 송파구21,서울특별시 송파구 마천동(마천사거리 부근),4,4,37.498134,127.146519
2017,자전거,서울특별시 송파구22,서울특별시 송파구 신천동(올림픽회관삼거리 부근),4,5,37.520134,127.114017
2017,자전거,서울특별시 송파구23,서울특별시 송파구 가락동(오금역 부근),4,4,37.501957,127.128009
2017,자전거,서울특별시 송파구24,서울특별시 송파구 잠실동(잠실2동우체국 부근),4,4,37.512435,127.081921
2017,자전거,서울특별시 송파구25,서울특별시 송파구 가락동(경찰병원역 부근),4,4,37.496697,127.124851
2017,자전거,서울특별시 송파구26,서울특별시 송파구 잠실동(잠실3사거리 부근),4,5,37.511670,127.092380
2017,자전거,서울특별시 송파구27,서울특별시 송파구 송파동(송파한양2차아파트정문 부근),4,4,37.505473,127.115325
2017,자전거,서울특별시 송파구28,서울특별시 송파구 풍납동(퀴너스 화덕피자 부근),4,5,37.532047,127.118766
2017,자전거,서울특별시 강동구1,서울특별시 강동구 길동(길동사거리 부근),9,9,37.534304,127.137757
2017,자전거,서울특별시 강동구2,서울특별시 강동구 성내동(정성약국 부근),8,8,37.527329,127.128618
2017,자전거,서울특별시 강동구3,서울특별시 강동구 성내동(하늘뜻동문교회 부근),7,7,37.536864,127.128983
2017,자전거,서울특별시 강동구4,서울특별시 강동구 천호동(천호역 3번출구 부근),7,8,37.539957,127.123914
2017,자전거,서울특별시 강동구5,서울특별시 강동구 고덕동(상일동역교차로 부근),4,4,37.557833,127.171196
2017,자전거,서울특별시 강동구6,서울특별시 강동구 암사동(한은빌딩 부근),4,5,37.551869,127.135269
2017,자전거,서울특별시 강동구7,서울특별시 강동구 고덕동(고덕119안전센터 부근),4,4,37.557207,127.151992
2017,자전거,경기도 수원시 장안구1,경기도 수원시 장안구 연무동(퉁소바위사거리 부근),5,5,37.292145,127.028323
2017,자전거,경기도 수원시 장안구2,경기도 수원시 장안구 정자동(북수원신용협동조합 정자지점 부근),5,5,37.293550,126.999024
2017,자전거,경기도 수원시 장안구3,경기도 수원시 장안구 파장동(명진한의원 부근),5,5,37.305867,126.994326
2017,자전거,경기도 수원시 장안구4,경기도 수원시 장안구 정자동(정자사거리 부근),5,5,37.290898,127.003273
2017,자전거,경기도 수원시 장안구5,경기도 수원시 장안구 조원동(운동장사거리 부근),4,4,37.295454,127.009386
2017,자전거,경기도 수원시 권선구1,경기도 수원시 권선구 권선동(농수산시장사거리 부근),5,5,37.257769,127.031413
2017,자전거,경기도 수원시 권선구2,경기도 수원시 권선구 금곡동(가람한의원 부근),4,4,37.273902,126.941697
2017,자전거,경기도 수원시 권선구3,경기도 수원시 권선구 세류동(미영아파트정문 부근),4,4,37.247992,127.013099
2017,자전거,경기도 수원시 팔달구1,경기도 수원시 팔달구 인계동(동수원사거리 부근),6,6,37.277980,127.031964
2017,자전거,경기도 수원시 팔달구2,경기도 수원시 팔달구 인계동(문화의전당사거리 부근),4,4,37.260133,127.038145
2017,자전거,경기도 수원시 팔달구3,경기도 수원시 팔달구 화서동(화서문로터리 부근),4,4,37.286091,127.006937
2017,자전거,경기도 수원시 영통구1,경기도 수원시 영통구 매탄동(법원사거리 부근),5,5,37.273676,127.047749
2017,자전거,경기도 성남시 수정구1,경기도 성남시 수정구 수진동(모란사거리 부근),5,5,37.433659,127.128670
2017,자전거,경기도 성남시 중원구1,경기도 성남시 중원구 하대원동(모란시장사거리 부근),6,6,37.429293,127.129345
2017,자전거,경기도 용인시 기흥구1,경기도 용인시 기흥구 마북동(마북삼거리 부근),6,6,37.295342,127.110097
2018,스쿨존어린이,서울특별시 종로구1,서울특별시 종로구 혜화동(혜화초교 부근),2,2,37.589740,126.998804
2018,스쿨존어린이,서울특별시 중랑구1,서울특별시 중랑구 상봉동(중화초교 부근),2,2,37.602044,127.093802
2018,스쿨존어린이,서울특별시 중랑구2,서울특별시 중랑구 망우동(면일초교 부근),2,2,37.591587,127.098594
2018,스쿨존어린이,서울특별시 성북구1,서울특별시 성북구 석관동(석관초교 부근),2,2,37.610302,127.059065
2018,스쿨존어린이,서울특별시 강서구1,서울특별시 강서구 마곡동(송화초교 부근),2,2,37.568767,126.816924
2018,스쿨존어린이,서울특별시 구로구1,서울특별시 구로구 천왕동(천왕초교 부근),2,3,37.481983,126.838414
2018,스쿨존어린이,서울특별시 동작구1,서울특별시 동작구 상도1동(강남초교 부근),1,1,37.506291,126.952650
2018,스쿨존어린이,서울특별시 서초구1,서울특별시 서초구 서초동(서초초교 부근),2,2,37.499962,127.022799
2018,스쿨존어린이,경기도 용인시 처인구1,경기도 용인시 처인구 김량장동(역북초교 부근),2,2,37.234859,127.191810
2018,보행어린이,서울특별시 중랑구1,서울특별시 중랑구 신내동(중랑구청사거리 부근),3,3,37.606816,127.095301
2018,보행어린이,서울특별시 중랑구2,서울특별시 중랑구 망우동(면일초교 부근),3,3,37.591426,127.099048
2018,보행어린이,서울특별시 성북구1,서울특별시 성북구 석관동(석관초교 부근),3,3,37.610180,127.058256
2018,보행어린이,서울특별시 성북구2,서울특별시 성북구 동선동5가(정덕초교 부근),3,3,37.597521,127.014397
2018,보행어린이,서울특별시 강서구1,서울특별시 강서구 화곡동(우일유치원 부근),4,5,37.535459,126.855131
2018,보행어린이,서울특별시 영등포구1,서울특별시 영등포구 영등포동8가(마리아성모병원 부근),3,3,37.527258,126.906146
2018,보행어린이,서울특별시 동작구1,서울특별시 동작구 대방동(참새어린이공원 부근),3,3,37.498435,126.921285
2018,보행어린이,서울특별시 관악구1,서울특별시 관악구 봉천동(영빌딩 부근),3,3,37.473931,126.966154
2018,보행어린이,서울특별시 강남구1,서울특별시 강남구 청담동(청담e편한세상3차아파트 부근),3,4,37.518636,127.045086
2018,보행어린이,서울특별시 강동구1,서울특별시 강동구 길동(나래하우스빌라 부근),3,3,37.542768,127.145935
2018,보행어린이,경기도 수원시 권선구1,경기도 수원시 권선구 권선동(권선초교 부근),4,4,37.262355,127.021453
2018,보행어린이,경기도 수원시 권선구2,경기도 수원시 권선구 세류동(신곡초교 부근),3,3,37.257876,127.015421
2018,보행어린이,경기도 성남시 수정구1,경기도 성남시 수정구 신흥동(숯골사거리 부근),4,4,37.444391,127.142372
2018,보행어린이,경기도 성남시 수정구2,경기도 성남시 수정구 태평동(태평초교 부근),3,3,37.445427,127.132525
2018,보행어린이,경기도 성남시 중원구1,경기도 성남시 중원구 은행동(상대원시장앞 부근),4,4,37.436178,127.158187
2018,보행어린이,경기도 용인시 기흥구1,경기도 용인시 기흥구 중동(용인동백우체국 부근),3,3,37.277371,127.155180
2018,보행노인,서울특별시 종로구1,서울특별시 종로구 낙원동(낙원지하상가 부근),9,9,37.572581,126.987729
2018,보행노인,서울특별시 종로구2,서울특별시 종로구 종로3가(IBK기업은행 종로지점 부근),9,9,37.570236,126.990385
2018,보행노인,서울특별시 종로구3,서울특별시 종로구 숭인동(연세김치과의원 부근),5,6,37.575048,127.021448
2018,보행노인,서울특별시 중구1,서울특별시 중구 남대문로5가(서울역9-1번출구 부근),5,5,37.554883,126.972721
2018,보행노인,서울특별시 중구2,서울특별시 중구 방산동(향기나무한의원 부근),3,4,37.571167,127.002822
2018,보행노인,서울특별시 중구3,서울특별시 중구 신당동(신당중앙시장 부근),3,3,37.565534,127.019591
2018,보행노인,서울특별시 중구4,서울특별시 중구 을지로5가(오장동사거리 부근),2,3,37.564711,127.002707
2018,보행노인,서울특별시 용산구1,서울특별시 용산구 한남동(순천향병원 부근),7,7,37.533451,127.005822
2018,보행노인,서울특별시 용산구2,서울특별시 용산구 문배동(원효빌딩 부근),3,4,37.538014,126.966208
2018,보행노인,서울특별시 용산구3,서울특별시 용산구 한남동(가봉대사관 부근),2,2,37.535734,126.999370
2018,보행노인,서울특별시 용산구4,서울특별시 용산구 이태원동(한스양복 부근),2,2,37.533443,126.988952
2018,보행노인,서울특별시 성동구1,서울특별시 성동구 성수동2가(뚝도시장약국 부근),3,3,37.537654,127.054355
2018,보행노인,서울특별시 성동구2,서울특별시 성동구 금호동4가(KB국민은행금호동지점 부근),3,3,37.548051,127.023307
2018,보행노인,서울특별시 광진구1,서울특별시 광진구 구의동(구의공원입구 부근),2,2,37.536430,127.094998
2018,보행노인,서울특별시 동대문구1,서울특별시 동대문구 용두동(동서시장 부근),15,16,37.579062,127.040928
2018,보행노인,서울특별시 동대문구2,서울특별시 동대문구 청량리동(청량리우체국 부근),13,15,37.580646,127.045333
2018,보행노인,서울특별시 동대문구3,서울특별시 동대문구 휘경동(회기역앞 부근),4,4,37.590470,127.055966
2018,보행노인,서울특별시 동대문구4,서울특별시 동대문구 답십리동(한화꿈에그린아파트입구 부근),4,4,37.566725,127.054292
2018,보행노인,서울특별시 동대문구5,서울특별시 동대문구 이문동(신이문역1번출구 부근),4,4,37.602852,127.067424
2018,보행노인,서울특별시 동대문구6,서울특별시 동대문구 장안동(새서울병원 부근),4,4,37.573642,127.072051
2018,보행노인,서울특별시 동대문구7,서울특별시 동대문구 휘경동(중량약국 부근),4,4,37.592022,127.066812
2018,보행노인,서울특별시 동대문구8,서울특별시 동대문구 장안동(장안2동 주민센터 부근),3,3,37.578877,127.070202
2018,보행노인,서울특별시 동대문구9,서울특별시 동대문구 이문동(한솔고시텔 부근),3,3,37.599794,127.062072
2018,보행노인,서울특별시 중랑구1,서울특별시 중랑구 면목동(브리앙아파트 부근),6,6,37.591964,127.093189
2018,보행노인,서울특별시 중랑구2,서울특별시 중랑구 면목동(조은노인요양센터 부근),5,5,37.586311,127.094465
2018,보행노인,서울특별시 중랑구3,서울특별시 중랑구 망우동(이마트상봉점 부근),5,5,37.597222,127.093931
2018,보행노인,서울특별시 중랑구4,서울특별시 중랑구 중화동(중화역사거리 부근),5,5,37.601455,127.079419
2018,보행노인,서울특별시 중랑구5,서울특별시 중랑구 면목동(면목2동사거리 부근),4,4,37.586662,127.079637
2018,보행노인,서울특별시 중랑구6,서울특별시 중랑구 상봉동(상봉역1번출구 부근),3,3,37.596832,127.087249
2018,보행노인,서울특별시 중랑구7,서울특별시 중랑구 면목동(일신강변아파트 부근),3,3,37.587112,127.074266
2018,보행노인,서울특별시 성북구1,서울특별시 성북구 장위동(KB국민은행장위동지점 부근),6,6,37.613500,127.049018
2018,보행노인,서울특별시 성북구2,서울특별시 성북구 정릉동(정릉우체국 부근),5,5,37.606151,127.010963
2018,보행노인,서울특별시 성북구3,서울특별시 성북구 하월곡동(부모섬김노인요양원 부근),4,4,37.611077,127.034159
2018,보행노인,서울특별시 성북구4,서울특별시 성북구 하월곡동(정평빌딩 부근),3,3,37.603498,127.042848
2018,보행노인,서울특별시 성북구5,서울특별시 성북구 동소문동2가(성북녹십자약국1호점 부근),2,3,37.589614,127.008405
2018,보행노인,서울특별시 강북구1,서울특별시 강북구 수유동(이상인한의원 부근),5,5,37.645694,127.010725
2018,보행노인,서울특별시 강북구2,서울특별시 강북구 미아동(미래본경희한의원 부근),5,8,37.619976,127.018342
2018,보행노인,서울특별시 강북구3,서울특별시 강북구 미아동(GS25미아진영점 부근),5,5,37.620457,127.028686
2018,보행노인,서울특별시 강북구4,서울특별시 강북구 미아동(기아오토큐미아점 부근),4,4,37.611348,127.022213
2018,보행노인,서울특별시 강북구5,서울특별시 강북구 미아동(수유시장 부근),4,4,37.630837,127.024259
2018,보행노인,서울특별시 강북구6,서울특별시 강북구 미아동(삼양입구사거리 부근),4,4,37.617013,127.029720
2018,보행노인,서울특별시 강북구7,서울특별시 강북구 수유동(광은빌딩 부근),4,5,37.629218,127.017930
2018,보행노인,서울특별시 강북구8,서울특별시 강북구 번동(세븐일레븐 번동점 부근),3,3,37.634853,127.025706
2018,보행노인,서울특별시 강북구9,서울특별시 강북구 수유동(수유역 부근),3,3,37.638141,127.025713
2018,보행노인,서울특별시 강북구10,서울특별시 강북구 수유동(프레비스타 부근),2,2,37.629071,127.012847
2018,보행노인,서울특별시 도봉구1,서울특별시 도봉구 쌍문동(신원프라자 부근),4,4,37.658512,127.035534
2018,보행노인,서울특별시 도봉구2,서울특별시 도봉구 창동(쌍문역 부근),4,4,37.649150,127.035374
2018,보행노인,서울특별시 도봉구3,서울특별시 도봉구 쌍문동(쌍문1동주민센터 부근),3,3,37.648314,127.026358
2018,보행노인,서울특별시 도봉구4,서울특별시 도봉구 창동(가인초교 부근),3,4,37.659208,127.042484
2018,보행노인,서울특별시 도봉구5,서울특별시 도봉구 도봉동(부부약국 부근),3,3,37.684440,127.043652
2018,보행노인,서울특별시 도봉구6,서울특별시 도봉구 도봉동(도봉중 부근),3,3,37.671344,127.045949
2018,보행노인,서울특별시 노원구1,서울특별시 노원구 월계동(S-OIL 신성주유소 부근),5,6,37.629042,127.056914
2018,보행노인,서울특별시 노원구2,서울특별시 노원구 중계동(상계역 부근),5,5,37.659957,127.072458
2018,보행노인,서울특별시 노원구3,서울특별시 노원구 상계동(성광빌딩 부근),5,5,37.657132,127.062347
2018,보행노인,서울특별시 노원구4,서울특별시 노원구 상계동(수락산역 부근),3,3,37.678419,127.055033
2018,보행노인,서울특별시 노원구5,서울특별시 노원구 상계동(대성한의원 부근),3,3,37.666481,127.078371
2018,보행노인,서울특별시 노원구6,서울특별시 노원구 월계동(석계로11길 부근),2,2,37.617416,127.063587
2018,보행노인,서울특별시 은평구1,서울특별시 은평구 대조동(보스톤탑치과의원 부근),5,5,37.617715,126.922186
2018,보행노인,서울특별시 은평구2,서울특별시 은평구 응암동(와산교 부근),5,5,37.588825,126.913382
2018,보행노인,서울특별시 은평구3,서울특별시 은평구 갈현동(갈현1동주민센터 부근),4,4,37.623720,126.917051
2018,보행노인,서울특별시 은평구4,서울특별시 은평구 대조동(서울병원 부근),4,4,37.608568,126.929192
2018,보행노인,서울특별시 은평구5,서울특별시 은평구 갈현동(호남식당 부근),3,3,37.614638,126.916481
2018,보행노인,서울특별시 서대문구1,서울특별시 서대문구 홍제동(홍은사거리 부근),9,10,37.591418,126.941933
2018,보행노인,서울특별시 서대문구2,서울특별시 서대문구 북가좌동(KEB하나은행 북가좌지점 부근),5,6,37.580622,126.911778
2018,보행노인,서울특별시 서대문구3,서울특별시 서대문구 홍제동(사랑나눔사회복지센터 부근),3,3,37.594035,126.948139
2018,보행노인,서울특별시 서대문구4,서울특별시 서대문구 홍은동(홍연2교 부근),3,3,37.577932,126.930058
2018,보행노인,서울특별시 서대문구5,서울특별시 서대문구 대현동(CGV신촌아트레온 부근),2,2,37.556546,126.941911
2018,보행노인,서울특별시 양천구1,서울특별시 양천구 목동(한독빌딩 부근),6,6,37.535137,126.863432
2018,보행노인,서울특별시 양천구2,서울특별시 양천구 신월동(중앙빌딩 부근),5,5,37.520951,126.834943
2018,보행노인,서울특별시 양천구3,서울특별시 양천구 신월동(신월제일교회 부근),4,4,37.517083,126.839048
2018,보행노인,서울특별시 양천구4,서울특별시 양천구 신정동(은혜재가요양센터 부근),3,3,37.523482,126.851131
2018,보행노인,서울특별시 강서구1,서울특별시 강서구 등촌동(신한이모르젠아파트 부근),7,10,37.549860,126.863950
2018,보행노인,서울특별시 강서구2,서울특별시 강서구 염창동(강서구보건소 부근),5,5,37.549137,126.868213
2018,보행노인,서울특별시 강서구3,서울특별시 강서구 화곡동(바울빌딩 부근),4,4,37.530833,126.849145
2018,보행노인,서울특별시 구로구1,서울특별시 구로구 오류동(IBK기업은행 오류동지점 부근),5,5,37.496430,126.844087
2018,보행노인,서울특별시 구로구2,서울특별시 구로구 개봉동(늘푸른한의원 부근),4,4,37.492348,126.856230
2018,보행노인,서울특별시 구로구3,서울특별시 구로구 궁동(우진빌딩 부근),4,4,37.497669,126.829158
2018,보행노인,서울특별시 구로구4,서울특별시 구로구 오류동(만호빌딩 부근),4,4,37.494005,126.844867
2018,보행노인,서울특별시 구로구5,서울특별시 구로구 구로동(고려빌딩 부근),3,3,37.502939,126.885012
2018,보행노인,서울특별시 금천구1,서울특별시 금천구 시흥동(시흥사거리 부근),9,9,37.454760,126.900387
2018,보행노인,서울특별시 금천구2,서울특별시 금천구 시흥동(은행나무시장 부근),5,5,37.451046,126.908042
2018,보행노인,서울특별시 금천구3,서울특별시 금천구 독산동(금천우체국사거리 부근),3,3,37.469629,126.898086
2018,보행노인,서울특별시 영등포구1,서울특별시 영등포구 영등포동(월드맨파워 부근),5,5,37.514991,126.908110
2018,보행노인,서울특별시 영등포구2,서울특별시 영등포구 문래동6가(e편한세상문래상가 부근),5,5,37.519800,126.886016
2018,보행노인,서울특별시 영등포구3,서울특별시 영등포구 신길동(영신치과의원 부근),4,4,37.512138,126.916816
2018,보행노인,서울특별시 영등포구4,서울특별시 영등포구 대림동(도림로31길 부근),3,4,37.493551,126.895362
2018,보행노인,서울특별시 영등포구5,서울특별시 영등포구 영등포동5가(비즈성형외과의원 부근),2,4,37.521302,126.905338
2018,보행노인,서울특별시 영등포구6,서울특별시 영등포구 문래동3가(문래근린공원입구 부근),2,2,37.517113,126.894522
2018,보행노인,서울특별시 동작구1,서울특별시 동작구 신대방동(해태보라매타워 부근),5,5,37.491840,126.924208
2018,보행노인,서울특별시 동작구2,서울특별시 동작구 대방동(신대방삼거리역2번출구 부근),5,5,37.498959,126.928096
2018,보행노인,서울특별시 동작구3,서울특별시 동작구 상도동(이니스프리 숭실대점 부근),5,9,37.497683,126.952503
2018,보행노인,서울특별시 동작구4,서울특별시 동작구 신대방동(대림사거리 부근),4,4,37.488757,126.906823
2018,보행노인,서울특별시 동작구5,서울특별시 동작구 대방동(보라매빌딩 부근),3,3,37.499791,126.921579
2018,보행노인,서울특별시 관악구1,서울특별시 관악구 신림동(뿌리약국 부근),7,7,37.474469,126.918601
2018,보행노인,서울특별시 관악구2,서울특별시 관악구 신림동(신일자원 부근),5,5,37.477487,126.913823
2018,보행노인,서울특별시 관악구3,서울특별시 관악구 봉천동(쿠우쿠우 서울대점 부근),4,4,37.481394,126.950336
2018,보행노인,서울특별시 관악구4,서울특별시 관악구 봉천동(당곡사거리 부근),4,5,37.489212,126.928211
2018,보행노인,서울특별시 서초구1,서울특별시 서초구 서초동(서울고교 부근),4,4,37.482484,127.003730
2018,보행노인,서울특별시 서초구2,서울특별시 서초구 서초동(서이초교 부근),3,3,37.491982,127.026628
2018,보행노인,서울특별시 강남구1,서울특별시 강남구 도곡동(삼성타워펠리스1차 부근),4,4,37.488764,127.053959
2018,보행노인,서울특별시 강남구2,서울특별시 강남구 논현동(임피리얼팰리스호텔 부근),3,4,37.513236,127.035727
2018,보행노인,서울특별시 강남구3,서울특별시 강남구 역삼동(스타벅스 아크로힐스 논현점 부근),3,3,37.509174,127.040206
2018,보행노인,서울특별시 강남구4,서울특별시 강남구 신사동(현대종합상가 부근),3,3,37.527945,127.030758
2018,보행노인,서울특별시 강남구5,서울특별시 강남구 역삼동(한라클래식 부근),3,3,37.496855,127.030240
2018,보행노인,서울특별시 송파구1,서울특별시 송파구 마천동(구본빌딩 부근),7,7,37.497080,127.154113
2018,보행노인,서울특별시 송파구2,서울특별시 송파구 거여동(세븐일레븐 거여본점 부근),5,5,37.496759,127.145922
2018,보행노인,서울특별시 송파구3,서울특별시 송파구 거여동(효재한의원 부근),5,5,37.492986,127.145910
2018,보행노인,서울특별시 송파구4,서울특별시 송파구 잠실동(잠실지구대 부근),4,5,37.511703,127.082063
2018,보행노인,서울특별시 송파구5,서울특별시 송파구 방이동(송파태양약국 부근),4,4,37.510977,127.115360
2018,보행노인,서울특별시 송파구6,서울특별시 송파구 송파동(송파한양1차아파트정문 부근),3,3,37.504772,127.114507
2018,보행노인,서울특별시 송파구7,서울특별시 송파구 가락동(태인일식 부근),3,4,37.493759,127.119119
2018,보행노인,서울특별시 강동구1,서울특별시 강동구 천호동(성록빌딩 부근),6,6,37.546487,127.133964
2018,보행노인,서울특별시 강동구2,서울특별시 강동구 천호동(고분다리전통시장 부근),5,5,37.542431,127.131394
2018,보행노인,서울특별시 강동구3,서울특별시 강동구 성내동(SJ빌딩 부근),3,3,37.532778,127.133227
2018,보행노인,서울특별시 강동구4,서울특별시 강동구 천호동(천호역2번출구 부근),3,3,37.539237,127.123596
2018,보행노인,서울특별시 강동구5,서울특별시 강동구 천호동(성덕약국 부근),3,3,37.550791,127.140362
2018,보행노인,경기도 수원시 장안구1,경기도 수원시 장안구 연무동(영양산부인과 부근),6,6,37.295568,127.025970
2018,보행노인,경기도 수원시 장안구2,경기도 수원시 장안구 파장동(북수원종합시장 부근),5,5,37.307221,126.992480
2018,보행노인,경기도 수원시 장안구3,경기도 수원시 장안구 정자동(수원상공회의소입구 부근),4,4,37.292060,127.006609
2018,보행노인,경기도 수원시 장안구4,경기도 수원시 장안구 정자동(벽산블루밍아파트정문 부근),3,3,37.305377,126.995809
2018,보행노인,경기도 수원시 장안구5,경기도 수원시 장안구 정자동(효자문사거리 부근),3,3,37.304348,126.992675
2018,보행노인,경기도 수원시 장안구6,경기도 수원시 장안구 송죽동(만석거삼거리 부근),2,2,37.301694,126.997887
2018,보행노인,경기도 수원시 권선구1,경기도 수원시 권선구 권선동(세권사거리 부근),3,3,37.256347,127.021876
2018,보행노인,경기도 수원시 팔달구1,경기도 수원시 팔달구 팔달로3가(중동사거리 부근),6,6,37.275417,127.018135
2018,보행노인,경기도 수원시 팔달구2,경기도 수원시 팔달구 지동(남문로약국 부근),5,5,37.278467,127.016972
2018,보행노인,경기도 수원시 팔달구3,경기도 수원시 팔달구 교동(보람파출부 부근),5,5,37.270770,127.012000
2018,보행노인,경기도 수원시 팔달구4,경기도 수원시 팔달구 매교동(팽나무고개삼거리 부근),4,4,37.271752,127.017029
2018,보행노인,경기도 수원시 팔달구5,경기도 수원시 팔달구 매산로2가(전주콩나루콩나물국밥 수원역점 부근),3,3,37.267227,127.003316
2018,보행노인,경기도 수원시 영통구1,경기도 수원시 영통구 영통동(영통역 부근),3,3,37.251718,127.071154
2018,보행노인,경기도 성남시 수정구1,경기도 성남시 수정구 태평동(세븐일레븐 성남태평점 부근),4,4,37.439392,127.127987
2018,보행노인,경기도 성남시 수정구2,경기도 성남시 수정구 신흥동(산성동행정복지센터 부근),4,4,37.451642,127.148398
2018,보행노인,경기도 성남시 수정구3,경기도 성남시 수정구 태평동(성남동태평동우체국 부근),4,4,37.441646,127.133036
2018,보행노인,경기도 성남시 수정구4,경기도 성남시 수정구 단대동(남한산성입구역 부근),3,3,37.452114,127.159930
2018,보행노인,경기도 성남시 중원구1,경기도 성남시 중원구 성남동(모란삼거리 부근),8,8,37.433027,127.129019
2018,보행노인,경기도 성남시 중원구2,경기도 성남시 중원구 중앙동(세이브존성남점 부근),3,3,37.443987,127.155029
2018,보행노인,경기도 성남시 분당구1,경기도 성남시 분당구 구미동(미금역사거리 부근),8,10,37.350089,127.108522
2018,보행노인,경기도 성남시 분당구2,경기도 성남시 분당구 서현동(시범단지한양아파트후문 부근),6,6,37.383250,127.124536
2018,보행노인,경기도 성남시 분당구3,경기도 성남시 분당구 야탑동(야탑지구대 부근),5,5,37.410160,127.127125
2018,보행노인,경기도 용인시 처인구1,경기도 용인시 처인구 김량장동(용인사거리 부근),3,3,37.234541,127.208921
2018,보행노인,경기도 용인시 처인구2,경기도 용인시 처인구 삼가동(용인시청소년수련관주차장입구 부근),3,3,37.240620,127.175371
2018,보행노인,경기도 용인시 기흥구1,경기도 용인시 기흥구 마북동(마북삼거리 부근),3,4,37.295464,127.109935
2018,보행노인,경기도 용인시 수지구1,경기도 용인시 수지구 풍덕천동(현대그린프라자 부근),4,4,37.324229,127.097591
2018,보행노인,경기도 용인시 수지구2,경기도 용인시 수지구 죽전동(내대지마을입구사거리 부근),3,3,37.330951,127.127289
2018,자전거,서울특별시 종로구1,서울특별시 종로구 종로6가(흥인지문사거리 부근),4,5,37.571229,127.009172
2018,자전거,서울특별시 용산구1,서울특별시 용산구 서빙고동(반포대교북단교차로 부근),4,5,37.519275,126.994384
2018,자전거,서울특별시 용산구2,서울특별시 용산구 이촌동(이촌한강공원 부근),4,6,37.517542,126.968811
2018,자전거,서울특별시 성동구1,서울특별시 성동구 용답동(덕현해밀아파트 부근),5,6,37.564735,127.053465
2018,자전거,서울특별시 성동구2,서울특별시 성동구 성수동1가(성원중학교 부근),5,5,37.539817,127.051465
2018,자전거,서울특별시 성동구3,서울특별시 성동구 용답동(성동구립용답도서관 부근),4,4,37.567528,127.051214
2018,자전거,서울특별시 성동구4,서울특별시 성동구 하왕십리동(세광교회 부근),4,4,37.569604,127.030295
2018,자전거,서울특별시 성동구5,서울특별시 성동구 용답동(서울교통공사사거리 부근),4,4,37.562536,127.058056
2018,자전거,서울특별시 광진구1,서울특별시 광진구 구의동(우리은행 구의동지점 부근),7,7,37.545577,127.086795
2018,자전거,서울특별시 광진구2,서울특별시 광진구 자양동(송파예술마루 부근),6,7,37.520580,127.094537
2018,자전거,서울특별시 광진구3,서울특별시 광진구 자양동(보광마트 부근),5,5,37.535781,127.082222
2018,자전거,서울특별시 광진구4,서울특별시 광진구 화양동(화양동우체국 부근),5,5,37.548084,127.068773
2018,자전거,서울특별시 동대문구1,서울특별시 동대문구 전농동(성바오로병원교차로 부근),7,7,37.579357,127.042101
2018,자전거,서울특별시 동대문구2,서울특별시 동대문구 제기동(홍파초교후문 부근),6,7,37.586704,127.040115
2018,자전거,서울특별시 동대문구3,서울특별시 동대문구 전농동(전농1동교차로 부근),6,6,37.576024,127.046462
2018,자전거,서울특별시 동대문구4,서울특별시 동대문구 장안동(SK엔크린 삼영주유소 부근),6,6,37.572453,127.068415
2018,자전거,서울특별시 동대문구5,서울특별시 동대문구 용두동(용두동사거리 부근),5,5,37.577699,127.030299
2018,자전거,서울특별시 동대문구6,서울특별시 동대문구 용두동(용두동포스빌 부근),5,5,37.578264,127.036818
2018,자전거,서울특별시 동대문구7,서울특별시 동대문구 장안동(동대문동부새마을금고 장안2지점 부근),5,5,37.578838,127.069511
2018,자전거,서울특별시 동대문구8,서울특별시 동대문구 용두동(서울시설공단사거리 부근),5,5,37.572820,127.037945
2018,자전거,서울특별시 동대문구9,서울특별시 동대문구 장안동(미니스톱 장안벤처빌점 부근),4,4,37.568849,127.069523
2018,자전거,서울특별시 동대문구10,서울특별시 동대문구 휘경동(동대문구견인차량보관소 부근),3,3,37.589566,127.068818
2018,자전거,서울특별시 중랑구1,서울특별시 중랑구 중화동(동일로지하차도사거리 부근),7,7,37.594386,127.080268
2018,자전거,서울특별시 중랑구2,서울특별시 중랑구 면목동(강호아파트 부근),5,6,37.578022,127.086380
2018,자전거,서울특별시 중랑구3,서울특별시 중랑구 묵동(우리은행 태릉역지점 부근),5,5,37.615804,127.077377
2018,자전거,서울특별시 중랑구4,서울특별시 중랑구 면목동(면목2동사거리 부근),5,5,37.586944,127.079947
2018,자전거,서울특별시 중랑구5,서울특별시 중랑구 면목동(면목초등학교정문 부근),4,4,37.590890,127.086867
2018,자전거,서울특별시 중랑구6,서울특별시 중랑구 망우동(망우역사거리 부근),4,4,37.598258,127.093812
2018,자전거,서울특별시 성북구1,서울특별시 성북구 석관동(동원베네스트 부근),6,6,37.611515,127.058346
2018,자전거,서울특별시 성북구2,서울특별시 성북구 보문동7가(대광중고교삼거리 부근),5,8,37.577922,127.023206
2018,자전거,서울특별시 성북구3,서울특별시 성북구 하월곡동(길음삼부컨비니언아파트 부근),5,5,37.602803,127.025206
2018,자전거,서울특별시 성북구4,서울특별시 성북구 장위동(도시빌라 부근),4,4,37.617514,127.042506
2018,자전거,서울특별시 성북구5,서울특별시 성북구 하월곡동(종암사거리 부근),4,4,37.603814,127.031585
2018,자전거,서울특별시 강북구1,서울특별시 강북구 수유동(광산사거리 부근),6,6,37.642225,127.023692
2018,자전거,서울특별시 강북구2,서울특별시 강북구 번동(번동사거리 부근),5,5,37.635279,127.033005
2018,자전거,서울특별시 강북구3,서울특별시 강북구 수유동(심외과의원 부근),5,5,37.636414,127.023109
2018,자전거,서울특별시 도봉구1,서울특별시 도봉구 도봉동(벽운빌딩 부근),6,6,37.671259,127.042489
2018,자전거,서울특별시 도봉구2,서울특별시 도봉구 방학동(방학동우체국 부근),5,5,37.666039,127.042961
2018,자전거,서울특별시 도봉구3,서울특별시 도봉구 방학동(방학사거리 부근),5,5,37.662606,127.042281
2018,자전거,서울특별시 도봉구4,서울특별시 도봉구 창동(녹천교사거리 부근),4,4,37.645885,127.055170
2018,자전거,서울특별시 노원구1,서울특별시 노원구 상계동(창동교교차로 부근),7,7,37.653263,127.055228
2018,자전거,서울특별시 노원구2,서울특별시 노원구 중계동(삿갓봉근린공원사거리 부근),5,6,37.657930,127.075269
2018,자전거,서울특별시 노원구3,서울특별시 노원구 하계동(노원경찰서 부근),4,5,37.643071,127.071802
2018,자전거,서울특별시 노원구4,서울특별시 노원구 중계동(노해근린공원사거리 부근),4,4,37.648975,127.069551
2018,자전거,서울특별시 노원구5,서울특별시 노원구 상계동(당고개입구오거리 부근),4,4,37.663209,127.075839
2018,자전거,서울특별시 노원구6,서울특별시 노원구 상계동(온수골사거리 부근),4,4,37.661349,127.057741
2018,자전거,서울특별시 노원구7,서울특별시 노원구 상계동(상계2동주민센터 부근),3,4,37.657742,127.067740
2018,자전거,서울특별시 은평구1,서울특별시 은평구 역촌동(CJ드림시티오피스텔 부근),7,7,37.599584,126.917474
2018,자전거,서울특별시 은평구2,서울특별시 은평구 역촌동(역말사거리 부근),5,6,37.606162,126.915296
2018,자전거,서울특별시 은평구3,서울특별시 은평구 구산동(구산사거리 부근),4,4,37.613918,126.911673
2018,자전거,서울특별시 은평구4,서울특별시 은평구 녹번동(코끼리주유소 부근),4,4,37.603525,126.925598
2018,자전거,서울특별시 은평구5,서울특별시 은평구 대조동(서원빌딩 부근),4,4,37.612410,126.917613
2018,자전거,서울특별시 은평구6,서울특별시 은평구 대조동(파리바게뜨 역촌역점 부근),3,3,37.607742,126.921983
2018,자전거,서울특별시 서대문구1,서울특별시 서대문구 북가좌동(뚜레쥬르 증산역점 부근),5,6,37.583835,126.911529
2018,자전거,서울특별시 마포구1,서울특별시 마포구 망원동(세븐일레븐 망원2호점 부근),6,6,37.561843,126.904603
2018,자전거,서울특별시 양천구1,서울특별시 양천구 목동(목동센트럴푸르지오아파트101동 부근),7,7,37.524203,126.876576
2018,자전거,서울특별시 양천구2,서울특별시 양천구 신정동(목동9.10단지삼거리 부근),5,5,37.516607,126.861849
2018,자전거,서울특별시 양천구3,서울특별시 양천구 신정동(목동공인중개사사무소 부근),5,5,37.526306,126.863566
2018,자전거,서울특별시 양천구4,서울특별시 양천구 신월동(과학수사연구원입구사거리 부근),4,7,37.521636,126.837207
2018,자전거,서울특별시 양천구5,서울특별시 양천구 목동(목동2단지아파트입구 부근),4,4,37.536429,126.878121
2018,자전거,서울특별시 양천구6,서울특별시 양천구 신정동(에반이즈사고력교육목동직영센터 부근),4,4,37.520279,126.872227
2018,자전거,서울특별시 강서구1,서울특별시 강서구 화곡동(강서구청입구교차로 부근),7,7,37.555813,126.852545
2018,자전거,서울특별시 강서구2,서울특별시 강서구 화곡동(능력교회신월성전 부근),4,4,37.534404,126.834862
2018,자전거,서울특별시 구로구1,서울특별시 구로구 구로동(동구로새마을금고 본점 부근),7,8,37.492784,126.890830
2018,자전거,서울특별시 구로구2,서울특별시 구로구 신도림동(구로구리틀야구장 부근),5,5,37.515478,126.881945
2018,자전거,서울특별시 구로구3,서울특별시 구로구 개봉동(sk에너지 개봉주유소 부근),4,4,37.498192,126.851836
2018,자전거,서울특별시 금천구1,서울특별시 금천구 시흥동(은행나무시장 부근),5,5,37.451084,126.908037
2018,자전거,서울특별시 금천구2,서울특별시 금천구 독산동(태천대오피스텔 부근),5,5,37.480493,126.899382
2018,자전거,서울특별시 영등포구1,서울특별시 영등포구 도림동(신도림역입구교차로 부근),8,9,37.508959,126.896489
2018,자전거,서울특별시 영등포구2,서울특별시 영등포구 대림동(대림3동사거리 부근),8,8,37.499815,126.897957
2018,자전거,서울특별시 영등포구3,서울특별시 영등포구 영등포동8가(영등포전화국사거리 부근),7,7,37.526173,126.905611
2018,자전거,서울특별시 영등포구4,서울특별시 영등포구 대림동(구로도서관 부근),7,7,37.498998,126.891946
2018,자전거,서울특별시 영등포구5,서울특별시 영등포구 양평동6가(양화한강공원농구장 부근),7,9,37.543747,126.893054
2018,자전거,서울특별시 영등포구6,서울특별시 영등포구 영등포동3가(영등포시장사거리 부근),6,7,37.519503,126.905227
2018,자전거,서울특별시 영등포구7,서울특별시 영등포구 대림동(우성아파트사거리 부근),6,6,37.495404,126.900363
2018,자전거,서울특별시 영등포구8,서울특별시 영등포구 대림동(한사랑한의원 부근),5,5,37.490982,126.901591
2018,자전거,서울특별시 영등포구9,서울특별시 영등포구 문래동3가(홈플러스영등포점 부근),5,5,37.518685,126.897418
2018,자전거,서울특별시 영등포구10,서울특별시 영등포구 영등포동4가(청과시장입구 부근),4,4,37.515674,126.904504
2018,자전거,서울특별시 영등포구11,서울특별시 영등포구 여의도동(한강조망대 부근),4,4,37.533012,126.923360
2018,자전거,서울특별시 영등포구12,서울특별시 영등포구 여의도동(여의도한강공원서울색공원입구 부근),4,6,37.527405,126.932952
2018,자전거,서울특별시 영등포구13,서울특별시 영등포구 당산동2가(영등포유통상가사거리 부근),4,4,37.521974,126.895579
2018,자전거,서울특별시 동작구1,서울특별시 동작구 사당동(파리바게뜨 이수역자이점 부근),8,8,37.484783,126.980536
2018,자전거,서울특별시 동작구2,서울특별시 동작구 본동(한강대교남단교차로 부근),7,7,37.513857,126.955986
2018,자전거,서울특별시 동작구3,서울특별시 동작구 신대방동(대림사거리 부근),6,6,37.489029,126.906405
2018,자전거,서울특별시 동작구4,서울특별시 동작구 신대방동(모스키친 부근),4,4,37.497602,126.927762
2018,자전거,서울특별시 관악구1,서울특별시 관악구 신림동(신림청암두산위브 부근),5,5,37.482203,126.930127
2018,자전거,서울특별시 관악구2,서울특별시 관악구 신림동(조원초등학교정문 부근),3,3,37.483840,126.909054
2018,자전거,서울특별시 서초구1,서울특별시 서초구 반포동(반포본동 주민센터 부근),4,4,37.500709,126.986172
2018,자전거,서울특별시 강남구1,서울특별시 강남구 수서동(수서역(북)공영주차장입구 부근),4,4,37.487616,127.101481
2018,자전거,서울특별시 강남구2,서울특별시 강남구 신사동(잠원수상택시승강장 부근),4,5,37.526275,127.016724
2018,자전거,서울특별시 송파구1,서울특별시 송파구 가락동(가락시장사거리 부근),9,9,37.497500,127.114080
2018,자전거,서울특별시 송파구2,서울특별시 송파구 삼전동(삼전사거리 부근),8,8,37.503986,127.089159
2018,자전거,서울특별시 송파구3,서울특별시 송파구 방이동(올림픽공원사거리 부근),7,8,37.511972,127.127987
2018,자전거,서울특별시 송파구4,서울특별시 송파구 가락동(가락시장역 부근),6,6,37.492386,127.118315
2018,자전거,서울특별시 송파구5,서울특별시 송파구 풍납동(풍납도깨비시장 부근),6,6,37.537454,127.120128
2018,자전거,서울특별시 송파구6,서울특별시 송파구 석촌동(석촌호(서호)사거리 부근),5,5,37.506533,127.097149
2018,자전거,서울특별시 송파구7,서울특별시 송파구 방이동(올림픽공원남4문 부근),5,5,37.516238,127.115884
2018,자전거,서울특별시 송파구8,서울특별시 송파구 방이동(올림픽공원북2문교차로 부근),5,5,37.523983,127.128154
2018,자전거,서울특별시 송파구9,서울특별시 송파구 가락동(송파농협 가락지점 부근),5,5,37.500472,127.110861
2018,자전거,서울특별시 송파구10,서울특별시 송파구 삼전동(잠실학원사거리 부근),5,5,37.507584,127.090548
2018,자전거,서울특별시 송파구11,서울특별시 송파구 잠실동(탄천합수부 부근),4,6,37.518329,127.068999
2018,자전거,서울특별시 송파구12,서울특별시 송파구 잠실동(잠실선착장이랜드크루즈매표소 부근),4,5,37.518299,127.083223
2018,자전거,서울특별시 송파구13,서울특별시 송파구 풍납동,4,6,37.533206,127.109230
2018,자전거,서울특별시 송파구14,서울특별시 송파구 잠실동(아시아선수촌아파트삼거리 부근),4,4,37.507899,127.079365
2018,자전거,서울특별시 송파구15,서울특별시 송파구 가락동(광평교사거리 부근),4,4,37.489562,127.109378
2018,자전거,서울특별시 송파구16,서울특별시 송파구 오금동(거여동사거리 부근),4,4,37.495962,127.138885
2018,자전거,서울특별시 송파구17,서울특별시 송파구 가락동(롯데하이마트 가락점 부근),4,4,37.501584,127.128266
2018,자전거,서울특별시 송파구18,서울특별시 송파구 잠실동(아시아선수촌아파트후문 부근),4,4,37.505217,127.077243
2018,자전거,서울특별시 송파구19,서울특별시 송파구 방이동(올림픽대교남단사거리 부근),4,4,37.525362,127.117394
2018,자전거,서울특별시 송파구20,서울특별시 송파구 방이동(송파구청사거리 부근),4,4,37.515538,127.107309
2018,자전거,서울특별시 송파구21,서울특별시 송파구 삼전동(배명사거리 부근),4,4,37.503560,127.096906
2018,자전거,서울특별시 송파구22,서울특별시 송파구 방이동(둔촌사거리 부근),4,4,37.521354,127.133852
2018,자전거,서울특별시 강동구1,서울특별시 강동구 천호동(동신중학교정문 부근),7,7,37.537583,127.133679
2018,자전거,서울특별시 강동구2,서울특별시 강동구 길동(길동사거리 부근),7,7,37.534243,127.138282
2018,자전거,서울특별시 강동구3,서울특별시 강동구 천호동(한국타이어 동아상사 부근),5,6,37.544891,127.130915
2018,자전거,서울특별시 강동구4,서울특별시 강동구 성내동(E1 경기에너지충전소 부근),4,4,37.536927,127.128102
2018,자전거,서울특별시 강동구5,서울특별시 강동구 천호동(천호시장입구 부근),4,5,37.540766,127.126971
2018,자전거,경기도 수원시 장안구1,경기도 수원시 장안구 송죽동(경기도행정동우회관 부근),6,6,37.300525,127.008411
2018,자전거,경기도 수원시 장안구2,경기도 수원시 장안구 정자동(두견사거리 부근),5,5,37.295213,126.993131
2018,자전거,경기도 수원시 장안구3,경기도 수원시 장안구 정자동(경기도체육회관 부근),4,4,37.294568,127.000083
2018,자전거,경기도 수원시 장안구4,경기도 수원시 장안구 송죽동(만석공원사거리 부근),4,4,37.298032,126.997878
2018,자전거,경기도 수원시 장안구5,경기도 수원시 장안구 정자동(정자초교사거리 부근),4,4,37.301072,126.995001
2018,자전거,경기도 수원시 권선구1,경기도 수원시 권선구 세류동(GS25 권선장다리점 부근),5,5,37.250852,127.017237
2018,자전거,경기도 수원시 권선구2,경기도 수원시 권선구 권선동(한국투자저축은행 수원지점 부근),5,5,37.258698,127.028493
2018,자전거,경기도 수원시 팔달구1,경기도 수원시 팔달구 남수동(세븐일레븐 수원남문2호점 부근),7,7,37.278445,127.016860
2018,자전거,경기도 수원시 팔달구2,경기도 수원시 팔달구 북수동(매향통닭 부근),6,6,37.282016,127.017832
2018,자전거,경기도 수원시 팔달구3,경기도 수원시 팔달구 우만동(GS25 수원우만점 부근),5,5,37.283089,127.033715
2018,자전거,경기도 수원시 팔달구4,경기도 수원시 팔달구 북수동(장안문로터리 부근),4,4,37.288574,127.014660
2018,자전거,경기도 성남시 수정구1,경기도 성남시 수정구 태평동(태평역 부근),5,5,37.438781,127.126632
2018,자전거,경기도 성남시 중원구1,경기도 성남시 중원구 성남동(모란사거리 부근),8,9,37.433435,127.129168
2018,자전거,경기도 성남시 중원구2,경기도 성남시 중원구 중앙동(신흥사거리 부근),4,4,37.440417,127.145729
2018,자전거,경기도 성남시 분당구1,경기도 성남시 분당구 수내동(양지마을청구2단지아파트정문 부근),7,7,37.375840,127.121855
2019,스쿨존어린이,서울특별시 성북구1,서울특별시 성북구 하월곡동(오패산로4길 부근),2,2,37.604215,127.039411
2019,스쿨존어린이,서울특별시 노원구1,서울특별시 노원구 월계동(신화초교 부근),2,2,37.632564,127.040824
2019,스쿨존어린이,서울특별시 은평구1,서울특별시 은평구 역촌동(역촌초교 부근),3,3,37.601703,126.914215
2019,스쿨존어린이,서울특별시 은평구2,서울특별시 은평구 불광동(연신초교 부근),3,3,37.626494,126.928409
2019,스쿨존어린이,서울특별시 양천구1,서울특별시 양천구 신정동(신목초교 부근),2,3,37.516687,126.872518
2019,스쿨존어린이,서울특별시 강서구1,서울특별시 강서구 화곡동(우장초교 부근),3,3,37.548623,126.846623
2019,스쿨존어린이,서울특별시 강서구2,서울특별시 강서구 화곡동(신정초교 부근),2,2,37.532872,126.852323
2019,스쿨존어린이,서울특별시 강서구3,서울특별시 강서구 공항동(장미어린이공원 부근),1,1,37.556580,126.813376
2019,스쿨존어린이,서울특별시 구로구1,서울특별시 구로구 구로동(구로동로25길 부근),3,3,37.490608,126.883224
2019,스쿨존어린이,서울특별시 구로구2,서울특별시 구로구 오류동(오류초교 부근),2,2,37.498372,126.842360
2019,스쿨존어린이,경기도 수원시 장안구1,경기도 수원시 장안구 영화동(화홍초교 부근),2,2,37.287117,127.003136
2019,보행어린이,서울특별시 강북구1,서울특별시 강북구 번동(삼덕상운 부근),4,4,37.628015,127.041518
2019,보행어린이,서울특별시 은평구1,서울특별시 은평구 불광동(연신초교삼거리 부근),4,4,37.624597,126.928124
2019,보행어린이,서울특별시 은평구2,서울특별시 은평구 역촌동(역촌초교앞사거리 부근),3,3,37.602152,126.913395
2019,보행어린이,서울특별시 양천구1,서울특별시 양천구 신월동(금실어린이공원 부근),3,3,37.518929,126.836628
2019,보행어린이,서울특별시 강서구1,서울특별시 강서구 화곡동(서울강서대학입구교차로 부근),4,4,37.546899,126.845396
2019,보행어린이,서울특별시 강서구2,서울특별시 강서구 화곡동(한라한의원 부근),3,3,37.533360,126.848145
2019,보행어린이,서울특별시 강서구3,서울특별시 강서구 화곡동(이수약국 부근),3,3,37.534472,126.855068
2019,보행어린이,서울특별시 구로구1,서울특별시 구로구 구로동(성은어린이집 부근),5,5,37.490608,126.883224
2019,보행어린이,서울특별시 구로구2,서울특별시 구로구 개봉동(개봉중앙시장 부근),4,5,37.491597,126.853900
2019,보행어린이,서울특별시 관악구1,서울특별시 관악구 신림동(뿌리약국 부근),3,4,37.474680,126.918584
2019,보행어린이,서울특별시 강남구1,서울특별시 강남구 대치동(대치사거리 부근),3,4,37.502885,127.058485
2019,보행어린이,서울특별시 송파구1,서울특별시 송파구 거여동(거마로11 부근),3,5,37.494416,127.144762
2019,보행어린이,서울특별시 송파구2,서울특별시 송파구 잠실동(신천역 부근),3,3,37.511498,127.085444
2019,보행어린이,서울특별시 강동구1,서울특별시 강동구 암사동(암사2동주민센터 부근),4,5,37.551906,127.126900
2019,보행어린이,서울특별시 강동구2,서울특별시 강동구 천호동(천일초교 부근),3,3,37.543205,127.131640
2019,보행어린이,경기도 수원시 권선구1,경기도 수원시 권선구 권선동(재간령어린이공원 부근),3,3,37.249497,127.014257
2019,보행노인,서울특별시 종로구1,서울특별시 종로구 낙원동(기업은행 부근),7,7,37.570203,126.989062
2019,보행노인,서울특별시 종로구2,서울특별시 종로구 숭인동(영도교남단 부근),5,5,37.571432,127.018823
2019,보행노인,서울특별시 중구1,서울특별시 중구 을지로5가(중부시장앞 부근),5,5,37.566694,127.000109
2019,보행노인,서울특별시 중구2,서울특별시 중구 을지로6가(흥인시장 부근),3,3,37.569034,127.009478
2019,보행노인,서울특별시 용산구1,서울특별시 용산구 한남동(순천향병원 부근),4,4,37.533369,127.005932
2019,보행노인,서울특별시 성동구1,서울특별시 성동구 성수동1가(뚝섬역 부근),4,4,37.547927,127.044444
2019,보행노인,서울특별시 성동구2,서울특별시 성동구 성수동2가(뚝도시장 부근),3,3,37.538890,127.054709
2019,보행노인,서울특별시 성동구3,서울특별시 성동구 홍익동(청계벽산상가 부근),3,3,37.568648,127.030469
2019,보행노인,서울특별시 광진구1,서울특별시 광진구 능동(하나은행중곡동지점 부근),3,3,37.556268,127.081959
2019,보행노인,서울특별시 동대문구1,서울특별시 동대문구 제기동(경동시장 부근),13,14,37.578536,127.037837
2019,보행노인,서울특별시 동대문구2,서울특별시 동대문구 제기동(우리은행청량리중앙지 부근),12,12,37.579246,127.041365
2019,보행노인,서울특별시 동대문구3,서울특별시 동대문구 청량리동(옥치과의원 부근),7,7,37.581237,127.045731
2019,보행노인,서울특별시 동대문구4,서울특별시 동대문구 신설동(신설동역일반국도6호선 부근),7,7,37.575802,127.023755
2019,보행노인,서울특별시 동대문구5,서울특별시 동대문구 제기동(제기사거리 부근),6,6,37.582010,127.038331
2019,보행노인,서울특별시 동대문구6,서울특별시 동대문구 청량리동(영휘원 부근),5,5,37.586705,127.041909
2019,보행노인,서울특별시 동대문구7,서울특별시 동대문구 장안동(장안동우리은행 부근),5,5,37.566224,127.066812
2019,보행노인,서울특별시 동대문구8,서울특별시 동대문구 답십리동(쌍마빌딩 부근),3,4,37.566122,127.055328
2019,보행노인,서울특별시 동대문구9,서울특별시 동대문구 휘경동(백합빌딩 부근),3,3,37.589021,127.058941
2019,보행노인,서울특별시 동대문구10,서울특별시 동대문구 용두동(마장동사거리 부근),3,3,37.572878,127.037978
2019,보행노인,서울특별시 동대문구11,서울특별시 동대문구 청량리동(청량리정신병원입구 부근),3,3,37.586215,127.048877
2019,보행노인,서울특별시 중랑구1,서울특별시 중랑구 면목동(사가정역 부근),8,8,37.580566,127.088184
2019,보행노인,서울특별시 중랑구2,서울특별시 중랑구 중화동(장안중교 부근),6,6,37.599725,127.079487
2019,보행노인,서울특별시 중랑구3,서울특별시 중랑구 묵동(구묵동사거리 부근),5,5,37.618655,127.078621
2019,보행노인,서울특별시 중랑구4,서울특별시 중랑구 묵동(해성교회 부근),5,7,37.615246,127.078174
2019,보행노인,서울특별시 중랑구5,서울특별시 중랑구 면목동(신한은행면목지점 부근),5,5,37.584316,127.088495
2019,보행노인,서울특별시 중랑구6,서울특별시 중랑구 면목동(예삐유치원 부근),5,6,37.590935,127.077623
2019,보행노인,서울특별시 중랑구7,서울특별시 중랑구 신내동(신내주유소 부근),4,4,37.614092,127.100404
2019,보행노인,서울특별시 중랑구8,서울특별시 중랑구 면목동(면목교 부근),4,4,37.587110,127.083950
2019,보행노인,서울특별시 중랑구9,서울특별시 중랑구 망우동(망우역 부근),3,3,37.598346,127.093063
2019,보행노인,서울특별시 중랑구10,서울특별시 중랑구 면목동(용마산역 부근),3,3,37.575679,127.088510
2019,보행노인,서울특별시 중랑구11,서울특별시 중랑구 면목동(동부간선도로일반국도6 부근),3,3,37.591353,127.073120
2019,보행노인,서울특별시 성북구1,서울특별시 성북구 장위동(신한은행장위지점 부근),6,6,37.609958,127.051600
2019,보행노인,서울특별시 성북구2,서울특별시 성북구 하월곡동(방천시장입구 부근),6,6,37.611742,127.034979
2019,보행노인,서울특별시 성북구3,서울특별시 성북구 장위동(부동산 부근),4,4,37.607418,127.047537
2019,보행노인,서울특별시 성북구4,서울특별시 성북구 정릉동(정릉4동사무소 부근),4,4,37.612747,127.007247
2019,보행노인,서울특별시 성북구5,서울특별시 성북구 하월곡동(종암사거리종암로진출 부근),4,4,37.602768,127.032507
2019,보행노인,서울특별시 성북구6,서울특별시 성북구 하월곡동(월곡시장 부근),4,4,37.603667,127.042584
2019,보행노인,서울특별시 성북구7,서울특별시 성북구 돈암동(스카이웨이주유소 부근),3,4,37.601287,127.013388
2019,보행노인,서울특별시 성북구8,서울특별시 성북구 석관동(돌곶이역 부근),3,3,37.610798,127.056682
2019,보행노인,서울특별시 성북구9,서울특별시 성북구 석관동(장위사거리 부근),3,3,37.612406,127.061548
2019,보행노인,서울특별시 성북구10,서울특별시 성북구 동소문동7가(흥천사입구 부근),3,4,37.596668,127.014737
2019,보행노인,서울특별시 성북구11,서울특별시 성북구 하월곡동(이삭교회정릉길진입2 부근),3,3,37.602639,127.037776
2019,보행노인,서울특별시 성북구12,서울특별시 성북구 성북동(참나무닭나라 부근),3,3,37.591810,127.003217
2019,보행노인,서울특별시 성북구13,서울특별시 성북구 종암동(종암동근린생활시설 부근),3,3,37.598680,127.034607
2019,보행노인,서울특별시 성북구14,서울특별시 성북구 안암동5가(안암역 부근),3,4,37.586335,127.028727
2019,보행노인,서울특별시 강북구1,서울특별시 강북구 번동(오현로32길3 부근),7,7,37.628598,127.039926
2019,보행노인,서울특별시 강북구2,서울특별시 강북구 미아동(삼양사거리 부근),5,5,37.619617,127.020938
2019,보행노인,서울특별시 강북구3,서울특별시 강북구 미아동(미아삼거리역 부근),5,5,37.613055,127.030131
2019,보행노인,서울특별시 강북구4,서울특별시 강북구 수유동(이화순대국전문 부근),5,5,37.640577,127.022421
2019,보행노인,서울특별시 강북구5,서울특별시 강북구 미아동(북부안식일교회 부근),4,6,37.629230,127.017895
2019,보행노인,서울특별시 강북구6,서울특별시 강북구 미아동(미아4동사무소 부근),4,4,37.616516,127.032094
2019,보행노인,서울특별시 강북구7,서울특별시 강북구 미아동(지성한의원 부근),4,5,37.629991,127.022349
2019,보행노인,서울특별시 강북구8,서울특별시 강북구 우이동(와락닭매운탕 부근),4,6,37.650306,127.013438
2019,보행노인,서울특별시 강북구9,서울특별시 강북구 수유동(삼성화재번동사옥 부근),4,4,37.637114,127.024522
2019,보행노인,서울특별시 강북구10,서울특별시 강북구 수유동(국민마트 부근),3,3,37.643533,127.015603
2019,보행노인,서울특별시 도봉구1,서울특별시 도봉구 창동(창동견인차량보관소 부근),7,8,37.653614,127.049586
2019,보행노인,서울특별시 도봉구2,서울특별시 도봉구 방학동(방학프라자 부근),5,5,37.665814,127.037629
2019,보행노인,서울특별시 도봉구3,서울특별시 도봉구 쌍문동(정의여중고 부근),3,3,37.651265,127.032995
2019,보행노인,서울특별시 도봉구4,서울특별시 도봉구 쌍문동(창동변전소 부근),3,3,37.658229,127.040436
2019,보행노인,서울특별시 도봉구5,서울특별시 도봉구 창동(강북구도봉구경계4 부근),2,2,37.642338,127.030387
2019,보행노인,서울특별시 노원구1,서울특별시 노원구 상계동(흥부전놀부전 부근),6,6,37.669165,127.080043
2019,보행노인,서울특별시 노원구2,서울특별시 노원구 상계동(삼정의원 부근),4,5,37.661892,127.070540
2019,보행노인,서울특별시 노원구3,서울특별시 노원구 월계동(인덕공전 부근),3,3,37.628981,127.055067
2019,보행노인,서울특별시 은평구1,서울특별시 은평구 갈현동(신한은행연신내지점 부근),8,8,37.619162,126.921223
2019,보행노인,서울특별시 은평구2,서울특별시 은평구 대조동(불광로28 부근),6,6,37.609806,126.927947
2019,보행노인,서울특별시 은평구3,서울특별시 은평구 응암동(파리바게뜨 부근),5,6,37.588082,126.917856
2019,보행노인,서울특별시 은평구4,서울특별시 은평구 역촌동(서부경찰서 부근),3,3,37.602645,126.918632
2019,보행노인,서울특별시 은평구5,서울특별시 은평구 갈현동(구산사거리 부근),3,3,37.612910,126.913744
2019,보행노인,서울특별시 은평구6,서울특별시 은평구 신사동(신사연세치과 부근),3,3,37.598917,126.910323
2019,보행노인,서울특별시 서대문구1,서울특별시 서대문구 북아현동(굴레방다리 부근),6,6,37.559056,126.956539
2019,보행노인,서울특별시 서대문구2,서울특별시 서대문구 충정로3가(충정로역가구상가서소 부근),5,5,37.559954,126.964478
2019,보행노인,서울특별시 서대문구3,서울특별시 서대문구 창천동(신촌현대백화점 부근),5,5,37.555696,126.935278
2019,보행노인,서울특별시 서대문구4,서울특별시 서대문구 홍제동(인왕초등교 부근),4,5,37.592069,126.945014
2019,보행노인,서울특별시 서대문구5,서울특별시 서대문구 홍제동(인왕APT 부근),4,4,37.585289,126.948050
2019,보행노인,서울특별시 서대문구6,서울특별시 서대문구 홍은동(홍연2교 부근),4,4,37.578158,126.930192
2019,보행노인,서울특별시 서대문구7,서울특별시 서대문구 홍제동(홍은사거리통일로진출 부근),3,3,37.591828,126.941203
2019,보행노인,서울특별시 서대문구8,서울특별시 서대문구 연희동(연희동성당앞 부근),3,3,37.563132,126.928068
2019,보행노인,서울특별시 마포구1,서울특별시 마포구 성산동(평강교회 부근),3,3,37.565641,126.901814
2019,보행노인,서울특별시 마포구2,서울특별시 마포구 대흥동(대흥동사무소 부근),3,3,37.550391,126.946107
2019,보행노인,서울특별시 양천구1,서울특별시 양천구 목동(SC제일은행등촌지점 부근),10,10,37.548427,126.864753
2019,보행노인,서울특별시 양천구2,서울특별시 양천구 신월동(양강중학교앞 부근),5,5,37.523995,126.851093
2019,보행노인,서울특별시 양천구3,서울특별시 양천구 목동(덕수프라자 부근),4,4,37.546629,126.871623
2019,보행노인,서울특별시 양천구4,서울특별시 양천구 신정동(신트리현대아파트501동 부근),3,3,37.512784,126.853429
2019,보행노인,서울특별시 양천구5,서울특별시 양천구 신정동(삼익쇼핑지하상가 부근),3,3,37.522365,126.876831
2019,보행노인,서울특별시 양천구6,서울특별시 양천구 신정동(담우빌딩 부근),2,2,37.526722,126.863615
2019,보행노인,서울특별시 강서구1,서울특별시 강서구 화곡동(신정여상 부근),6,6,37.532674,126.857774
2019,보행노인,서울특별시 강서구2,서울특별시 강서구 등촌동(가양5단지 부근),6,6,37.563006,126.851569
2019,보행노인,서울특별시 강서구3,서울특별시 강서구 화곡동(청구빌라트 부근),4,4,37.544575,126.846731
2019,보행노인,서울특별시 강서구4,서울특별시 강서구 공항동(신한은행앞 부근),4,4,37.561241,126.812001
2019,보행노인,서울특별시 강서구5,서울특별시 강서구 화곡동(동면빌딩 부근),3,3,37.531085,126.852044
2019,보행노인,서울특별시 강서구6,서울특별시 강서구 등촌동(강서요양병원 부근),3,3,37.560205,126.854742
2019,보행노인,서울특별시 강서구7,서울특별시 강서구 화곡동(해바라기주유소입구 부근),2,2,37.549237,126.847337
2019,보행노인,서울특별시 구로구1,서울특별시 구로구 구로동(유풍빌딩 부근),5,5,37.494002,126.882396
2019,보행노인,서울특별시 구로구2,서울특별시 구로구 구로동(영서중 부근),5,5,37.489302,126.890790
2019,보행노인,서울특별시 구로구3,서울특별시 구로구 가리봉동(남구로역 부근),4,4,37.485859,126.886939
2019,보행노인,서울특별시 구로구4,서울특별시 구로구 개봉동(조양빌딩 부근),3,3,37.493324,126.856205
2019,보행노인,서울특별시 금천구1,서울특별시 금천구 시흥동(형제주유소입구 부근),6,6,37.460556,126.904771
2019,보행노인,서울특별시 금천구2,서울특별시 금천구 독산동(시흥사거리 부근),5,5,37.454964,126.901242
2019,보행노인,서울특별시 금천구3,서울특별시 금천구 독산동(독산사거리 부근),3,3,37.471493,126.897933
2019,보행노인,서울특별시 영등포구1,서울특별시 영등포구 영등포동4가(영등포역 부근),7,7,37.516455,126.906007
2019,보행노인,서울특별시 영등포구2,서울특별시 영등포구 당산동3가(서림빌딩 부근),5,5,37.526454,126.897075
2019,보행노인,서울특별시 영등포구3,서울특별시 영등포구 영등포동3가(선한치과 부근),4,4,37.519381,126.908211
2019,보행노인,서울특별시 영등포구4,서울특별시 영등포구 신길동(하이마트 부근),4,4,37.497213,126.908267
2019,보행노인,서울특별시 영등포구5,서울특별시 영등포구 여의도동(한양수퍼앞 부근),4,4,37.519964,126.933419
2019,보행노인,서울특별시 영등포구6,서울특별시 영등포구 신길동(영등포농협 부근),3,4,37.511136,126.912191
2019,보행노인,서울특별시 영등포구7,서울특별시 영등포구 문래동6가(제일종합카센타 부근),3,3,37.519559,126.884740
2019,보행노인,서울특별시 동작구1,서울특별시 동작구 상도동(상도3동주민센터 부근),9,11,37.499578,126.931697
2019,보행노인,서울특별시 동작구2,서울특별시 동작구 사당동(대우디오슈페리움2 부근),6,7,37.488106,126.980076
2019,보행노인,서울특별시 동작구3,서울특별시 동작구 상도동(럭키하이퍼마켓 부근),6,7,37.501568,126.941034
2019,보행노인,서울특별시 동작구4,서울특별시 동작구 사당동(대성문구인쇄 부근),4,12,37.484706,126.979868
2019,보행노인,서울특별시 동작구5,서울특별시 동작구 상도동(리치타운 부근),4,5,37.497836,126.952468
2019,보행노인,서울특별시 동작구6,서울특별시 동작구 노량진동(타코야 부근),4,5,37.508070,126.939769
2019,보행노인,서울특별시 동작구7,서울특별시 동작구 사당동(사당시장 부근),3,3,37.482543,126.975684
2019,보행노인,서울특별시 관악구1,서울특별시 관악구 신림동(뿌리약국 부근),9,9,37.474186,126.918814
2019,보행노인,서울특별시 관악구2,서울특별시 관악구 신림동(신림4동사무소입구 부근),5,6,37.485255,126.913977
2019,보행노인,서울특별시 관악구3,서울특별시 관악구 봉천동(봉천로사거리 부근),4,4,37.482353,126.953455
2019,보행노인,서울특별시 관악구4,서울특별시 관악구 신림동(청암인터그린타워 부근),4,4,37.482562,126.929942
2019,보행노인,서울특별시 관악구5,서울특별시 관악구 봉천동(보라매공원 부근),3,3,37.493300,126.926856
2019,보행노인,서울특별시 관악구6,서울특별시 관악구 신림동(금성빌딩 부근),3,3,37.487200,126.932566
2019,보행노인,서울특별시 관악구7,서울특별시 관악구 신림동(구로디지털단지역 부근),3,3,37.484606,126.902615
2019,보행노인,서울특별시 관악구8,서울특별시 관악구 봉천동(현대시장 부근),3,3,37.487081,126.946382
2019,보행노인,서울특별시 서초구1,서울특별시 서초구 잠원동(반포쇼핑센타 부근),4,4,37.506276,127.004316
2019,보행노인,서울특별시 서초구2,서울특별시 서초구 방배동(사당역 부근),3,4,37.476586,126.981443
2019,보행노인,서울특별시 강남구1,서울특별시 강남구 수서동(수서삼익아파트4단지상 부근),5,6,37.488281,127.101650
2019,보행노인,서울특별시 강남구2,서울특별시 강남구 역삼동(신논현역 부근),3,3,37.504435,127.025723
2019,보행노인,서울특별시 강남구3,서울특별시 강남구 신사동(벽당빌딩 부근),3,3,37.525487,127.024741
2019,보행노인,서울특별시 강남구4,서울특별시 강남구 청담동(강남구청역 부근),3,4,37.517404,127.041246
2019,보행노인,서울특별시 송파구1,서울특별시 송파구 잠실동(잠실천주교회 부근),6,7,37.510703,127.083896
2019,보행노인,서울특별시 송파구2,서울특별시 송파구 석촌동(송파사거리 부근),5,5,37.501599,127.108317
2019,보행노인,서울특별시 송파구3,서울특별시 송파구 가락동(문정시영아파트 부근),4,4,37.491507,127.134435
2019,보행노인,서울특별시 송파구4,서울특별시 송파구 방이동(방이초교앞 부근),3,3,37.513181,127.117953
2019,보행노인,서울특별시 송파구5,서울특별시 송파구 송파동(송파지하차도북측 부근),3,3,37.500253,127.111970
2019,보행노인,서울특별시 송파구6,서울특별시 송파구 마천동(성내2교남단 부근),3,3,37.498921,127.145246
2019,보행노인,서울특별시 강동구1,서울특별시 강동구 천호동(광진교앞 부근),8,10,37.540910,127.124289
2019,보행노인,서울특별시 강동구2,서울특별시 강동구 천호동(천동초교입구 부근),6,6,37.541067,127.140180
2019,보행노인,서울특별시 강동구3,서울특별시 강동구 천호동(리코하이빌입구 부근),5,6,37.542437,127.135805
2019,보행노인,서울특별시 강동구4,서울특별시 강동구 명일동(황제당구장 부근),4,7,37.544460,127.145351
2019,보행노인,서울특별시 강동구5,서울특별시 강동구 천호동(강동구민회관 부근),4,5,37.546195,127.141501
2019,보행노인,서울특별시 강동구6,서울특별시 강동구 암사동(브라운스톤아파트앞 부근),4,4,37.549561,127.128614
2019,보행노인,서울특별시 강동구7,서울특별시 강동구 둔촌동(일자산입구 부근),3,3,37.531702,127.149791
2019,보행노인,서울특별시 강동구8,서울특별시 강동구 성내동(성일초교 부근),3,3,37.531083,127.128442
2019,보행노인,경기도 수원시 장안구1,경기도 수원시 장안구 영화동(정조로933번길3 부근),5,5,37.292008,127.012050
2019,보행노인,경기도 수원시 장안구2,경기도 수원시 장안구 영화동(팔달로201 부근),3,3,37.285532,127.009118
2019,보행노인,경기도 수원시 장안구3,경기도 수원시 장안구 연무동(연무경성아파트 부근),3,3,37.294731,127.026372
2019,보행노인,경기도 수원시 권선구1,경기도 수원시 권선구 권선동(권선사거리 부근),3,3,37.260026,127.023080
2019,보행노인,경기도 수원시 팔달구1,경기도 수원시 팔달구 매향동(화성관광안내소 부근),3,3,37.287810,127.024346
2019,보행노인,경기도 수원시 영통구1,경기도 수원시 영통구 원천동(아주대삼거리 부근),4,4,37.274502,127.043728
2019,보행노인,경기도 수원시 영통구2,경기도 수원시 영통구 매탄동(법원사거리 부근),3,3,37.273381,127.047604
2019,보행노인,경기도 성남시 수정구1,경기도 성남시 수정구 신흥동(신흥사거리 부근),6,7,37.440696,127.146642
2019,보행노인,경기도 성남시 중원구1,경기도 성남시 중원구 성남동(모란삼거리 부근),9,9,37.431623,127.129354
2019,보행노인,경기도 성남시 중원구2,경기도 성남시 중원구 성남동(성일중고앞사거리 부근),5,5,37.436339,127.142422
2019,보행노인,경기도 성남시 중원구3,경기도 성남시 중원구 상대원동(금상로771 부근),4,5,37.440415,127.162480
2019,보행노인,경기도 성남시 중원구4,경기도 성남시 중원구 은행동(은이로24 부근),4,4,37.456416,127.167362
2019,보행노인,경기도 성남시 분당구1,경기도 성남시 분당구 금곡동(미금역사거리 부근),7,7,37.349980,127.109203
2019,보행노인,경기도 성남시 분당구2,경기도 성남시 분당구 서현동(중앙공원로39번길49 부근),3,4,37.383074,127.124530
2019,보행노인,경기도 용인시 기흥구1,경기도 용인시 기흥구 동백동(동백이마트사거리 부근),3,3,37.279608,127.151855
2019,보행노인,경기도 용인시 수지구1,경기도 용인시 수지구 죽전동(죽전농협삼거리 부근),4,4,37.326959,127.111389
2019,보행노인,경기도 용인시 수지구2,경기도 용인시 수지구 풍덕천동(풍덕천로128 부근),3,3,37.322879,127.095219
2019,보행노인,경기도 용인시 수지구3,경기도 용인시 수지구 상현동(상현로5 부근),3,3,37.302757,127.074760
2019,자전거,서울특별시 종로구1,서울특별시 종로구 서린동(종로구청입구 부근),5,5,37.569908,126.979382
2019,자전거,서울특별시 중구1,서울특별시 중구 을지로6가(신평화시장 부근),4,5,37.569606,127.011031
2019,자전거,서울특별시 용산구1,서울특별시 용산구 서빙고동(반포대교북단 부근),4,4,37.519306,126.994404
2019,자전거,서울특별시 용산구2,서울특별시 용산구 이촌동(이촌동길대건로진입로1 부근),4,4,37.522701,126.961543
2019,자전거,서울특별시 성동구1,서울특별시 성동구 성수동2가(뚝도시장 부근),5,5,37.539093,127.054828
2019,자전거,서울특별시 성동구2,서울특별시 성동구 성수동1가(개풍빌딩 부근),5,5,37.546531,127.049394
2019,자전거,서울특별시 성동구3,서울특별시 성동구 성수동1가(성수여중 부근),5,5,37.540239,127.049600
2019,자전거,서울특별시 성동구4,서울특별시 성동구 성수동1가(대림아파트 부근),4,4,37.542059,127.044265
2019,자전거,서울특별시 광진구1,서울특별시 광진구 군자동(능동119안전센터 부근),4,4,37.555580,127.078521
2019,자전거,서울특별시 광진구2,서울특별시 광진구 구의동(광진우체국 부근),4,4,37.538076,127.089786
2019,자전거,서울특별시 광진구3,서울특별시 광진구 자양동(신양초교앞 부근),4,4,37.535292,127.069003
2019,자전거,서울특별시 동대문구1,서울특별시 동대문구 용두동(마장동사거리 부근),9,9,37.572861,127.038085
2019,자전거,서울특별시 동대문구2,서울특별시 동대문구 용두동(청계천대성스카이렉스 부근),8,9,37.570072,127.030358
2019,자전거,서울특별시 동대문구3,서울특별시 동대문구 용두동(용두치안센터 부근),7,8,37.578033,127.033973
2019,자전거,서울특별시 동대문구4,서울특별시 동대문구 용두동(성심의원고산자로진입 부근),6,6,37.576278,127.038065
2019,자전거,서울특별시 동대문구5,서울특별시 동대문구 청량리동(식당재료유통할인 부근),6,6,37.583104,127.042240
2019,자전거,서울특별시 동대문구6,서울특별시 동대문구 장안동(장한로답십리로진출 부근),5,5,37.572798,127.071737
2019,자전거,서울특별시 동대문구7,서울특별시 동대문구 장안동(나나약국 부근),5,5,37.567917,127.072711
2019,자전거,서울특별시 동대문구8,서울특별시 동대문구 장안동(서광아침의빛아파트 부근),5,8,37.565289,127.073671
2019,자전거,서울특별시 동대문구9,서울특별시 동대문구 답십리동(촬영소사거리 부근),4,4,37.571956,127.065689
2019,자전거,서울특별시 동대문구10,서울특별시 동대문구 신설동(신설동역 부근),4,6,37.575534,127.023415
2019,자전거,서울특별시 중랑구1,서울특별시 중랑구 중화동(제일은행 부근),8,8,37.594995,127.080000
2019,자전거,서울특별시 중랑구2,서울특별시 중랑구 중화동(태능시장 부근),8,10,37.599186,127.077857
2019,자전거,서울특별시 중랑구3,서울특별시 중랑구 면목동(면목2동사거리 부근),7,7,37.587105,127.079975
2019,자전거,서울특별시 중랑구4,서울특별시 중랑구 상봉동(새서울극장앞 부근),6,6,37.593086,127.072571
2019,자전거,서울특별시 중랑구5,서울특별시 중랑구 면목동(중랑전화국 부근),6,6,37.591207,127.080042
2019,자전거,서울특별시 중랑구6,서울특별시 중랑구 묵동(제일프라자 부근),5,5,37.605854,127.076858
2019,자전거,서울특별시 중랑구7,서울특별시 중랑구 묵동(두산대림아파트 부근),5,5,37.618988,127.086955
2019,자전거,서울특별시 중랑구8,서울특별시 중랑구 면목동(장안교일반국도3호선 부근),5,5,37.582189,127.079661
2019,자전거,서울특별시 중랑구9,서울특별시 중랑구 면목동(용마터널서측 부근),4,4,37.580569,127.089750
2019,자전거,서울특별시 중랑구10,서울특별시 중랑구 중화동(이화교서측중랑천길 부근),4,4,37.600279,127.073953
2019,자전거,서울특별시 중랑구11,서울특별시 중랑구 면목동(혜원사거리 부근),4,6,37.593254,127.093204
2019,자전거,서울특별시 성북구1,서울특별시 성북구 석관동(우현빌딩 부근),7,7,37.614281,127.065137
2019,자전거,서울특별시 성북구2,서울특별시 성북구 종암동(종암사거리 부근),6,6,37.603395,127.032373
2019,자전거,서울특별시 성북구3,서울특별시 성북구 종암동(고려대역 부근),5,5,37.591836,127.036145
2019,자전거,서울특별시 성북구4,서울특별시 성북구 삼선동1가(한성대입구역 부근),5,5,37.587915,127.006805
2019,자전거,서울특별시 성북구5,서울특별시 성북구 장위동(오현초교 부근),4,4,37.621898,127.046033
2019,자전거,서울특별시 강북구1,서울특별시 강북구 번동(김홍석치과 부근),9,9,37.640393,127.028128
2019,자전거,서울특별시 강북구2,서울특별시 강북구 미아동(수유치과의원 부근),7,7,37.629999,127.024732
2019,자전거,서울특별시 강북구3,서울특별시 강북구 수유동(수유역 부근),6,6,37.637590,127.024860
2019,자전거,서울특별시 강북구4,서울특별시 강북구 번동(오현로32길3 부근),4,5,37.628618,127.039588
2019,자전거,서울특별시 강북구5,서울특별시 강북구 번동(금보빌딩 부근),3,3,37.634907,127.026414
2019,자전거,서울특별시 도봉구1,서울특별시 도봉구 방학동(신도봉사거리 부근),5,5,37.670984,127.044571
2019,자전거,서울특별시 도봉구2,서울특별시 도봉구 도봉동(도봉산교회 부근),5,7,37.680646,127.050529
2019,자전거,서울특별시 도봉구3,서울특별시 도봉구 쌍문동(창동구민회관앞 부근),5,5,37.654305,127.037866
2019,자전거,서울특별시 도봉구4,서울특별시 도봉구 창동(도봉보건소 부근),5,5,37.657176,127.039627
2019,자전거,서울특별시 도봉구5,서울특별시 도봉구 창동(창4동사무소 부근),5,5,37.651465,127.051600
2019,자전거,서울특별시 노원구1,서울특별시 노원구 공릉동(태릉입구역 부근),6,6,37.617383,127.075476
2019,자전거,서울특별시 노원구2,서울특별시 노원구 상계동(노원역노해길진입1 부근),6,6,37.654371,127.061426
2019,자전거,서울특별시 노원구3,서울특별시 노원구 상계동(상계초등학교 부근),6,6,37.659368,127.064954
2019,자전거,서울특별시 노원구4,서울특별시 노원구 상계동(상계10동우체국 부근),5,5,37.660973,127.061458
2019,자전거,서울특별시 노원구5,서울특별시 노원구 중계동(혜성여고 부근),5,5,37.641727,127.072458
2019,자전거,서울특별시 노원구6,서울특별시 노원구 중계동(상명여자중고등학교 부근),5,6,37.647463,127.068526
2019,자전거,서울특별시 노원구7,서울특별시 노원구 상계동(상계초교입구 부근),5,5,37.657891,127.068352
2019,자전거,서울특별시 노원구8,서울특별시 노원구 상계동(창동교 부근),4,4,37.653180,127.055113
2019,자전거,서울특별시 은평구1,서울특별시 은평구 역촌동(제일기사식당 부근),10,11,37.607084,126.915213
2019,자전거,서울특별시 은평구2,서울특별시 은평구 녹번동(은평구청 부근),6,7,37.602261,126.928513
2019,자전거,서울특별시 은평구3,서울특별시 은평구 역촌동(기아자동차 부근),5,5,37.600461,126.915966
2019,자전거,서울특별시 은평구4,서울특별시 은평구 불광동(불광로28 부근),5,5,37.610337,126.928662
2019,자전거,서울특별시 은평구5,서울특별시 은평구 불광동(연천초교길연서로진입 부근),4,4,37.621457,126.926259
2019,자전거,서울특별시 서대문구1,서울특별시 서대문구 홍제동(홍제초등교 부근),5,6,37.591624,126.943472
2019,자전거,서울특별시 서대문구2,서울특별시 서대문구 홍은동(봉산빌딩 부근),5,6,37.580757,126.936447
2019,자전거,서울특별시 서대문구3,서울특별시 서대문구 홍은동(충암스포츠센타 부근),4,4,37.585164,126.923298
2019,자전거,서울특별시 서대문구4,서울특별시 서대문구 남가좌동(내부순환로홍제천변길 부근),4,4,37.570996,126.919772
2019,자전거,서울특별시 마포구1,서울특별시 마포구 망원동(털보카센타 부근),7,7,37.561774,126.904549
2019,자전거,서울특별시 마포구2,서울특별시 마포구 공덕동(롯데캐슬프레지던트오 부근),5,5,37.544646,126.951344
2019,자전거,서울특별시 양천구1,서울특별시 양천구 신월동(신월사거리 부근),5,5,37.535917,126.828585
2019,자전거,서울특별시 강서구1,서울특별시 강서구 화곡동(동서파크빌라 부근),9,9,37.530303,126.849148
2019,자전거,서울특별시 강서구2,서울특별시 강서구 등촌동(강서구청입구 부근),5,5,37.555898,126.852208
2019,자전거,서울특별시 강서구3,서울특별시 강서구 화곡동(무지개빌라 부근),4,4,37.553021,126.853580
2019,자전거,서울특별시 강서구4,서울특별시 강서구 등촌동(거산하이빌입구 부근),4,4,37.546783,126.860030
2019,자전거,서울특별시 구로구1,서울특별시 구로구 구로동(구로구영등포구경계5 부근),6,6,37.507329,126.893677
2019,자전거,서울특별시 구로구2,서울특별시 구로구 구로동(신구로주유소가마산길 부근),6,6,37.497455,126.892645
2019,자전거,서울특별시 구로구3,서울특별시 구로구 신도림동(신성은하수아파트 부근),5,6,37.508012,126.886498
2019,자전거,서울특별시 구로구4,서울특별시 구로구 고척동(센츄리아파트 부근),5,6,37.505240,126.861102
2019,자전거,서울특별시 구로구5,서울특별시 구로구 구로동(벽산디지털밸리III 부근),4,4,37.483532,126.894230
2019,자전거,서울특별시 구로구6,서울특별시 구로구 구로동(영서중 부근),4,4,37.489578,126.891399
2019,자전거,서울특별시 금천구1,서울특별시 금천구 시흥동(시흥사거리 부근),5,5,37.454580,126.900668
2019,자전거,서울특별시 금천구2,서울특별시 금천구 가산동(공단오거리 부근),4,6,37.478951,126.891463
2019,자전거,서울특별시 영등포구1,서울특별시 영등포구 대림동(대림3PB 부근),10,10,37.496657,126.899197
2019,자전거,서울특별시 영등포구2,서울특별시 영등포구 영등포동3가(영등포시장앞 부근),8,8,37.519854,126.904689
2019,자전거,서울특별시 영등포구3,서울특별시 영등포구 대림동(대림역 부근),7,8,37.492522,126.896044
2019,자전거,서울특별시 영등포구4,서울특별시 영등포구 대림동(대림공원사거리 부근),7,7,37.493122,126.901329
2019,자전거,서울특별시 영등포구5,서울특별시 영등포구 신길동(사러가시장앞 부근),6,6,37.506938,126.910979
2019,자전거,서울특별시 영등포구6,서울특별시 영등포구 영등포동7가(영등포전화국 부근),6,7,37.525549,126.906488
2019,자전거,서울특별시 영등포구7,서울특별시 영등포구 문래동5가(신정교동단 부근),6,9,37.516178,126.881872
2019,자전거,서울특별시 영등포구8,서울특별시 영등포구 대림동(대림공원사거리 부근),6,6,37.489992,126.900662
2019,자전거,서울특별시 영등포구9,서울특별시 영등포구 당산동6가(당산지하차도북측 부근),5,6,37.537118,126.904559
2019,자전거,서울특별시 영등포구10,서울특별시 영등포구 문래동5가(오목교동단 부근),5,7,37.523791,126.881312
2019,자전거,서울특별시 영등포구11,서울특별시 영등포구 신길동(보라매공원입구 부근),5,5,37.497198,126.917598
2019,자전거,서울특별시 영등포구12,서울특별시 영등포구 신길동(대진목재 부근),5,5,37.504173,126.902938
2019,자전거,서울특별시 영등포구13,서울특별시 영등포구 여의도동(여의나루역 부근),4,6,37.528099,126.932362
2019,자전거,서울특별시 영등포구14,서울특별시 영등포구 여의도동(영등포수난구조대입구 부근),4,4,37.534454,126.919546
2019,자전거,서울특별시 영등포구15,서울특별시 영등포구 양화동(올림픽대로램프7 부근),4,5,37.544494,126.892186
2019,자전거,서울특별시 영등포구16,서울특별시 영등포구 신길동(하이마트 부근),4,4,37.497708,126.908152
2019,자전거,서울특별시 영등포구17,서울특별시 영등포구 신길동(대방역 부근),4,4,37.512661,126.925429
2019,자전거,서울특별시 영등포구18,서울특별시 영등포구 여의도동(여의하류IC10 부근),4,6,37.534018,126.911683
2019,자전거,서울특별시 동작구1,서울특별시 동작구 신대방동(신대방삼거리역 부근),6,8,37.499649,126.928097
2019,자전거,서울특별시 동작구2,서울특별시 동작구 노량진동(노량진전화국 부근),5,6,37.513177,126.935120
2019,자전거,서울특별시 동작구3,서울특별시 동작구 노량진동(올림픽대로노들길램프 부근),4,6,37.517873,126.946731
2019,자전거,서울특별시 관악구1,서울특별시 관악구 신림동(패션거리입구 부근),9,9,37.488448,126.930386
2019,자전거,서울특별시 관악구2,서울특별시 관악구 신림동(디지털단지입구 부근),8,8,37.482958,126.900982
2019,자전거,서울특별시 관악구3,서울특별시 관악구 남현동(사당역 부근),5,5,37.476571,126.982108
2019,자전거,서울특별시 관악구4,서울특별시 관악구 신림동(김동규치과의원 부근),4,4,37.475179,126.916680
2019,자전거,서울특별시 강남구1,서울특별시 강남구 압구정동(한남IC미성길진입 부근),4,5,37.526800,127.017286
2019,자전거,서울특별시 송파구1,서울특별시 송파구 송파동(석촌역 부근),11,12,37.505261,127.107316
2019,자전거,서울특별시 송파구2,서울특별시 송파구 풍납동(세제빌딩 부근),9,9,37.525863,127.117354
2019,자전거,서울특별시 송파구3,서울특별시 송파구 삼전동(배명로터리 부근),9,9,37.502819,127.097301
2019,자전거,서울특별시 송파구4,서울특별시 송파구 삼전동(삼전사거리 부근),9,10,37.504439,127.087812
2019,자전거,서울특별시 송파구5,서울특별시 송파구 가락동(가락시장동문 부근),9,9,37.493940,127.117407
2019,자전거,서울특별시 송파구6,서울특별시 송파구 잠실동(신천역 부근),8,8,37.511775,127.084320
2019,자전거,서울특별시 송파구7,서울특별시 송파구 잠실동(잠실역 부근),7,7,37.513193,127.100260
2019,자전거,서울특별시 송파구8,서울특별시 송파구 송파동(송파사거리 부근),7,7,37.502031,127.110173
2019,자전거,서울특별시 송파구9,서울특별시 송파구 잠실동(잠실갤러리아후문 부근),7,8,37.511088,127.092823
2019,자전거,서울특별시 송파구10,서울특별시 송파구 방이동(송파구청 부근),7,7,37.515323,127.106641
2019,자전거,서울특별시 송파구11,서울특별시 송파구 삼전동(석촌호수서호 부근),7,7,37.506968,127.096072
2019,자전거,서울특별시 송파구12,서울특별시 송파구 삼전동(송파구민회관 부근),6,6,37.502980,127.092382
2019,자전거,서울특별시 송파구13,서울특별시 송파구 마천동(성내2교남단 부근),6,7,37.498756,127.145294
2019,자전거,서울특별시 송파구14,서울특별시 송파구 신천동(올림픽대로일반국도3호 부근),6,7,37.522954,127.100763
2019,자전거,서울특별시 송파구15,서울특별시 송파구 송파동(방이사거리 부근),6,6,37.510405,127.111933
2019,자전거,서울특별시 송파구16,서울특별시 송파구 방이동(올림픽공원 부근),5,5,37.511813,127.128391
2019,자전거,서울특별시 송파구17,서울특별시 송파구 석촌동(석촌호수남석촌사거리 부근),5,5,37.508813,127.104016
2019,자전거,서울특별시 송파구18,서울특별시 송파구 가락동(상아아파트 부근),5,5,37.497114,127.136907
2019,자전거,서울특별시 송파구19,서울특별시 송파구 거여동(거여역거여사거리 부근),5,5,37.494394,127.145096
2019,자전거,서울특별시 송파구20,서울특별시 송파구 잠실동(청담IC4 부근),4,6,37.517902,127.068243
2019,자전거,서울특별시 송파구21,서울특별시 송파구 잠실동(종합운동장 부근),4,4,37.511739,127.078398
2019,자전거,서울특별시 강동구1,서울특별시 강동구 성내동(강동성심병원 부근),8,8,37.533951,127.133651
2019,자전거,서울특별시 강동구2,서울특별시 강동구 성내동(성내초등교 부근),5,6,37.530644,127.121264
2019,자전거,서울특별시 강동구3,서울특별시 강동구 둔촌동(둔촌사거리 부근),5,5,37.521482,127.133789
2019,자전거,서울특별시 강동구4,서울특별시 강동구 천호동(천호시장 부근),4,4,37.539221,127.129765
2019,자전거,서울특별시 강동구5,서울특별시 강동구 천호동(구강사 부근),4,4,37.545050,127.128910
2019,자전거,서울특별시 강동구6,서울특별시 강동구 둔촌동(둔촌고교입구 부근),4,4,37.535601,127.145698
2019,자전거,서울특별시 강동구7,서울특별시 강동구 천호동(올림픽대로구천면길램 부근),4,5,37.547237,127.120388
2019,자전거,서울특별시 강동구8,서울특별시 강동구 성내동(둔촌동역 부근),4,4,37.528430,127.136321
2019,자전거,경기도 수원시 장안구1,경기도 수원시 장안구 영화동(정자사거리 부근),7,7,37.290438,127.003344
2019,자전거,경기도 수원시 장안구2,경기도 수원시 장안구 영화동(장안문로터리 부근),5,6,37.289320,127.014114
2019,자전거,경기도 수원시 장안구3,경기도 수원시 장안구 정자동(만석사거리 부근),5,5,37.297499,126.997166
2019,자전거,경기도 수원시 장안구4,경기도 수원시 장안구 송죽동(운동장사거리 부근),4,4,37.295023,127.009684
2019,자전거,경기도 수원시 장안구5,경기도 수원시 장안구 조원동(장안구청지하차도 부근),4,4,37.300001,127.011665
2019,자전거,경기도 수원시 팔달구1,경기도 수원시 팔달구 지동(중부대로1432 부근),8,8,37.278122,127.031967
2019,자전거,경기도 수원시 팔달구2,경기도 수원시 팔달구 매교동(매교사거리 부근),5,5,37.265446,127.015638
2019,자전거,경기도 수원시 팔달구3,경기도 수원시 팔달구 중동(정조로709번길2 부근),5,5,37.271800,127.016939
2019,자전거,경기도 수원시 팔달구4,경기도 수원시 팔달구 인계동(예술회관사거리 부근),4,4,37.259976,127.038013
2019,자전거,경기도 수원시 팔달구5,경기도 수원시 팔달구 우만동(창룡문사거리 부근),4,4,37.290070,127.024081
2019,자전거,경기도 수원시 팔달구6,경기도 수원시 팔달구 인계동(지동사거리 부근),4,4,37.275480,127.022088
2019,자전거,경기도 수원시 팔달구7,경기도 수원시 팔달구 매산로2가(매산로19 부근),4,4,37.267599,127.003662
2019,자전거,경기도 성남시 중원구1,경기도 성남시 중원구 성남동(모란사거리 부근),5,5,37.433442,127.128648
2019,자전거,경기도 성남시 분당구1,경기도 성남시 분당구 이매동(하탑사거리 부근),4,5,37.405462,127.128165
2020,보행어린이,서울특별시 도봉구1,서울특별시 도봉구 쌍문동(쌍문역 부근),3,3,37.648883,127.033747
2020,보행어린이,서울특별시 서대문구1,서울특별시 서대문구 홍은동(베스트의원 부근),3,5,37.598553,126.947308
2020,보행어린이,서울특별시 강서구1,서울특별시 강서구 화곡동(순복음대광교회 부근),3,3,37.534972,126.856067
2020,보행어린이,서울특별시 구로구1,서울특별시 구로구 고척동(한마을약국 부근),3,3,37.496654,126.862404
2020,보행어린이,서울특별시 관악구1,서울특별시 관악구 신림동(이당한의원 부근),4,5,37.475622,126.916812
2020,보행어린이,경기도 성남시 수정구1,경기도 성남시 수정구 태평동(금빛초교 부근),3,3,37.448491,127.140111
2020,스쿨존어린이,서울특별시 광진구1,서울특별시 광진구 구의동(광진초교 부근),2,2,37.546639,127.091239
2020,스쿨존어린이,서울특별시 구로구1,서울특별시 구로구 개봉동(개봉초교 부근),2,2,37.489134,126.857334
2020,보행노인,서울특별시 종로구1,서울특별시 종로구 숭인동(아람보습학원 부근),9,10,37.573520,127.018585
2020,보행노인,서울특별시 종로구2,서울특별시 종로구 창신동(흥인지문사거리 부근),5,7,37.571583,127.010222
2020,보행노인,서울특별시 종로구3,서울특별시 종로구 관수동(기업은행 부근),5,5,37.569777,126.989246
2020,보행노인,서울특별시 종로구4,서울특별시 종로구 명륜2가(성균관대입구교차로 부근),3,4,37.583649,126.998095
2020,보행노인,서울특별시 중구1,서울특별시 중구 황학동(신당5동주민센터 부근),6,6,37.565476,127.021117
2020,보행노인,서울특별시 중구2,서울특별시 중구 신당동(약수역서울3호선 부근),5,5,37.553666,127.010773
2020,보행노인,서울특별시 중구3,서울특별시 중구 황학동(동대문중앙교회앞 부근),4,4,37.568201,127.018720
2020,보행노인,서울특별시 중구4,서울특별시 중구 인현동1가(을지로4가 부근),4,4,37.566475,126.997271
2020,보행노인,서울특별시 용산구1,서울특별시 용산구 용문동(용문새마을금고 부근),6,6,37.536962,126.960003
2020,보행노인,서울특별시 성동구1,서울특별시 성동구 금호동4가(금남시장앞교차로 부근),5,5,37.548154,127.022073
2020,보행노인,서울특별시 성동구2,서울특별시 성동구 성수동2가(윤진약국 부근),4,4,37.537518,127.054276
2020,보행노인,서울특별시 성동구3,서울특별시 성동구 성수동2가(성수역앞교차로 부근),3,3,37.543657,127.056888
2020,보행노인,서울특별시 성동구4,서울특별시 성동구 응봉동(응봉현대아파트 부근),3,3,37.549854,127.030213
2020,보행노인,서울특별시 광진구1,서울특별시 광진구 구의동(구의사거리 부근),2,2,37.545287,127.083342
2020,보행노인,서울특별시 동대문구1,서울특별시 동대문구 제기동(성바오로병원앞교차로 부근),10,10,37.579574,127.042333
2020,보행노인,서울특별시 동대문구2,서울특별시 동대문구 용두동(경동시장앞교차로 부근),9,12,37.578527,127.038351
2020,보행노인,서울특별시 동대문구3,서울특별시 동대문구 회기동(경희대 부근),6,11,37.593541,127.053115
2020,보행노인,서울특별시 동대문구4,서울특별시 동대문구 제기동(식당재료유통할인 부근),5,5,37.583010,127.040413
2020,보행노인,서울특별시 동대문구5,서울특별시 동대문구 장안동(장안동삼거리 부근),4,4,37.578930,127.071972
2020,보행노인,서울특별시 동대문구6,서울특별시 동대문구 용두동(서울시설공단 부근),3,3,37.572681,127.038110
2020,보행노인,서울특별시 동대문구7,서울특별시 동대문구 휘경동(위생병원앞교차로 부근),3,3,37.590517,127.063803
2020,보행노인,서울특별시 중랑구1,서울특별시 중랑구 상봉동(한일써너스빌리젠시2 부근),6,6,37.597916,127.093847
2020,보행노인,서울특별시 중랑구2,서울특별시 중랑구 면목동(동원사거리 부근),5,5,37.589892,127.093415
2020,보행노인,서울특별시 중랑구3,서울특별시 중랑구 중화동(장안중교 부근),5,5,37.599333,127.079708
2020,보행노인,서울특별시 중랑구4,서울특별시 중랑구 묵동(묵동우체국 부근),4,4,37.609645,127.077953
2020,보행노인,서울특별시 중랑구5,서울특별시 중랑구 면목동(사가정역앞교차로 부근),4,4,37.579902,127.087093
2020,보행노인,서울특별시 중랑구6,서울특별시 중랑구 신내동(진로APT 부근),3,3,37.615980,127.093005
2020,보행노인,서울특별시 중랑구7,서울특별시 중랑구 면목동(면목역앞교차로 부근),3,4,37.588302,127.087058
2020,보행노인,서울특별시 중랑구8,서울특별시 중랑구 망우동(망우1동우체국 부근),3,3,37.600337,127.103441
2020,보행노인,서울특별시 성북구1,서울특별시 성북구 동선동1가(성신여대입구역사거리 부근),6,7,37.593012,127.016677
2020,보행노인,서울특별시 성북구2,서울특별시 성북구 하월곡동(성북트리즘빌딩앞교차로 부근),4,4,37.602480,127.038390
2020,보행노인,서울특별시 성북구3,서울특별시 성북구 정릉동(미진미싱 부근),4,4,37.601870,127.021041
2020,보행노인,서울특별시 성북구4,서울특별시 성북구 종암동(종암동370 부근),4,4,37.602620,127.032268
2020,보행노인,서울특별시 성북구5,서울특별시 성북구 정릉동(북한산보국문역1번출구 부근),3,4,37.609881,127.009510
2020,보행노인,서울특별시 성북구6,서울특별시 성북구 상월곡동(부동산 부근),3,3,37.607191,127.046254
2020,보행노인,서울특별시 성북구7,서울특별시 성북구 석관동(장위사거리 부근),2,2,37.613069,127.060607
2020,보행노인,서울특별시 강북구1,서울특별시 강북구 미아동(동성자동차공업주 부근),5,5,37.610862,127.033689
2020,보행노인,서울특별시 강북구2,서울특별시 강북구 미아동(삼양시장앞교차로 부근),4,4,37.624735,127.018342
2020,보행노인,서울특별시 도봉구1,서울특별시 도봉구 창동(우성빌딩입구 부근),5,5,37.648479,127.034682
2020,보행노인,서울특별시 도봉구2,서울특별시 도봉구 방학동(아람미술놀이방 부근),4,4,37.667359,127.033448
2020,보행노인,서울특별시 도봉구3,서울특별시 도봉구 방학동(LG대경주유소 부근),4,4,37.666416,127.043080
2020,보행노인,서울특별시 도봉구4,서울특별시 도봉구 쌍문동(한일병원 부근),4,4,37.645283,127.027751
2020,보행노인,서울특별시 도봉구5,서울특별시 도봉구 도봉동(도봉고등학교 부근),3,3,37.687339,127.042526
2020,보행노인,서울특별시 노원구1,서울특별시 노원구 상계동(기업은행 부근),5,5,37.669360,127.080529
2020,보행노인,서울특별시 노원구2,서울특별시 노원구 중계동(성은약국 부근),4,6,37.660605,127.073506
2020,보행노인,서울특별시 노원구3,서울특별시 노원구 상계동(상계초교입구교차로 부근),4,4,37.657678,127.067915
2020,보행노인,서울특별시 노원구4,서울특별시 노원구 상계동(수락산역앞교차로 부근),3,5,37.678473,127.055085
2020,보행노인,서울특별시 노원구5,서울특별시 노원구 공릉동(준효약국 부근),3,3,37.623183,127.079194
2020,보행노인,서울특별시 노원구6,서울특별시 노원구 상계동(당고개입구오거리 부근),3,3,37.664056,127.075832
2020,보행노인,서울특별시 은평구1,서울특별시 은평구 불광동(불광전화국앞 부근),5,5,37.611821,126.928925
2020,보행노인,서울특별시 은평구2,서울특별시 은평구 신사동(동명한의원 부근),5,5,37.598757,126.913696
2020,보행노인,서울특별시 은평구3,서울특별시 은평구 녹번동(푸른치과의원 부근),4,4,37.607471,126.932359
2020,보행노인,서울특별시 은평구4,서울특별시 은평구 응암동(응암오거리 부근),4,4,37.589804,126.917818
2020,보행노인,서울특별시 서대문구1,서울특별시 서대문구 홍은동(유진상가 부근),6,6,37.590960,126.941741
2020,보행노인,서울특별시 서대문구2,서울특별시 서대문구 홍제동(홍제교 부근),4,6,37.592272,126.945562
2020,보행노인,서울특별시 서대문구3,서울특별시 서대문구 남가좌동(홍남교앞교차로 부근),3,3,37.575767,126.925941
2020,보행노인,서울특별시 서대문구4,서울특별시 서대문구 홍제동(서부빌딩 부근),3,3,37.588063,126.945102
2020,보행노인,서울특별시 마포구1,서울특별시 마포구 노고산동(신촌현대백화점 부근),4,4,37.556260,126.933684
2020,보행노인,서울특별시 마포구2,서울특별시 마포구 서교동(서교동감리교회 부근),2,2,37.554699,126.914755
2020,보행노인,서울특별시 양천구1,서울특별시 양천구 신월동(신월제2동제일은행 부근),5,6,37.522612,126.844076
2020,보행노인,서울특별시 양천구2,서울특별시 양천구 목동(목동사거리 부근),5,5,37.533924,126.863692
2020,보행노인,서울특별시 양천구3,서울특별시 양천구 신정동(신정네거리역앞 부근),5,5,37.521468,126.853445
2020,보행노인,서울특별시 양천구4,서울특별시 양천구 신월동(월정초교앞교차로 부근),4,4,37.536960,126.834171
2020,보행노인,서울특별시 양천구5,서울특별시 양천구 목동(양동중학교 부근),3,3,37.548415,126.869493
2020,보행노인,서울특별시 양천구6,서울특별시 양천구 신월동(신월지하차도북측 부근),3,3,37.518032,126.842283
2020,보행노인,서울특별시 강서구1,서울특별시 강서구 화곡동(한라한의원 부근),3,3,37.534250,126.847766
2020,보행노인,서울특별시 강서구2,서울특별시 강서구 화곡동(한성빌딩 부근),3,3,37.537533,126.840006
2020,보행노인,서울특별시 강서구3,서울특별시 강서구 방화동(신방화사거리 부근),2,2,37.573379,126.816916
2020,보행노인,서울특별시 강서구4,서울특별시 강서구 화곡동(우장공원입구교차로 부근),2,2,37.552110,126.850033
2020,보행노인,서울특별시 구로구1,서울특별시 구로구 오류동(오류동역2번출구 부근),4,4,37.493451,126.845586
2020,보행노인,서울특별시 구로구2,서울특별시 구로구 개봉동(개봉로5길26 부근),3,3,37.485640,126.854229
2020,보행노인,서울특별시 금천구1,서울특별시 금천구 시흥동(장혁빌딩 부근),4,4,37.457318,126.905523
2020,보행노인,서울특별시 금천구2,서울특별시 금천구 독산동(독산4동사거리 부근),4,6,37.464831,126.902897
2020,보행노인,서울특별시 금천구3,서울특별시 금천구 시흥동(평화교회 부근),4,4,37.450154,126.913186
2020,보행노인,서울특별시 금천구4,서울특별시 금천구 가산동(신평대일타운 부근),3,3,37.475642,126.893005
2020,보행노인,서울특별시 영등포구1,서울특별시 영등포구 영등포동3가(영등포역앞교차로 부근),5,6,37.516481,126.906955
2020,보행노인,서울특별시 영등포구2,서울특별시 영등포구 신길동(신길동3994 부근),4,4,37.500026,126.916952
2020,보행노인,서울특별시 영등포구3,서울특별시 영등포구 당산동1가(영등포청과시장앞교차로 부근),4,4,37.520593,126.901875
2020,보행노인,서울특별시 영등포구4,서울특별시 영등포구 신길동(엔씨티오피스텔 부근),2,2,37.515844,126.917318
2020,보행노인,서울특별시 동작구1,서울특별시 동작구 상도동(성대약국 부근),13,14,37.500104,126.931917
2020,보행노인,서울특별시 동작구2,서울특별시 동작구 대방동(대방천사거리 부근),5,5,37.498233,126.920905
2020,보행노인,서울특별시 동작구3,서울특별시 동작구 상도동(장승배기교차로 부근),5,5,37.504920,126.938975
2020,보행노인,서울특별시 동작구4,서울특별시 동작구 사당동(남성역앞교차로 부근),4,4,37.485351,126.969191
2020,보행노인,서울특별시 동작구5,서울특별시 동작구 상도동(숭실대입구역삼거리 부근),3,3,37.495735,126.954282
2020,보행노인,서울특별시 동작구6,서울특별시 동작구 노량진동(노량진삼익아파트 부근),3,3,37.510707,126.944725
2020,보행노인,서울특별시 관악구1,서울특별시 관악구 봉천동(봉천본동농협앞 부근),6,6,37.481294,126.946255
2020,보행노인,서울특별시 관악구2,서울특별시 관악구 남현동(꼬마숲어린이집 부근),4,5,37.476226,126.977406
2020,보행노인,서울특별시 관악구3,서울특별시 관악구 봉천동(2호선봉천역사입구 부근),3,3,37.482616,126.941184
2020,보행노인,서울특별시 관악구4,서울특별시 관악구 신림동(롯데백화점관악점앞 부근),3,3,37.489067,126.916855
2020,보행노인,서울특별시 관악구5,서울특별시 관악구 봉천동(플랫화이트 부근),3,4,37.473736,126.966780
2020,보행노인,서울특별시 서초구1,서울특별시 서초구 서초동(서초1교 부근),3,4,37.495681,127.020654
2020,보행노인,서울특별시 서초구2,서울특별시 서초구 서초동(양재역사거리 부근),3,4,37.484386,127.034051
2020,보행노인,서울특별시 서초구3,서울특별시 서초구 잠원동(한양아파트 부근),3,3,37.508853,127.008259
2020,보행노인,서울특별시 서초구4,서울특별시 서초구 서초동(서초동17411 부근),2,2,37.489082,127.008046
2020,보행노인,서울특별시 강남구1,서울특별시 강남구 수서동(수서아파트6단지601동 부근),6,6,37.487561,127.103925
2020,보행노인,서울특별시 강남구2,서울특별시 강남구 역삼동(국기원입구교차로 부근),5,5,37.497968,127.029759
2020,보행노인,서울특별시 송파구1,서울특별시 송파구 문정동(GS마트입구 부근),5,5,37.491824,127.115707
2020,보행노인,서울특별시 송파구2,서울특별시 송파구 방이동(각시반찬 부근),5,5,37.511039,127.115625
2020,보행노인,서울특별시 송파구3,서울특별시 송파구 삼전동(배명사거리 부근),3,4,37.502231,127.097319
2020,보행노인,서울특별시 송파구4,서울특별시 송파구 잠실동(삼전사거리 부근),3,3,37.504642,127.088164
2020,보행노인,서울특별시 송파구5,서울특별시 송파구 마천동(마천사거리 부근),3,3,37.497647,127.146386
2020,보행노인,서울특별시 강동구1,서울특별시 강동구 암사동(암사시장 부근),5,5,37.551215,127.128676
2020,보행노인,서울특별시 강동구2,서울특별시 강동구 천호동(천호사거리 부근),4,4,37.538955,127.123545
2020,보행노인,서울특별시 강동구3,서울특별시 강동구 천호동(천호시장사거리 부근),4,4,37.540450,127.127767
2020,보행노인,서울특별시 강동구4,서울특별시 강동구 암사동(장치봉의맵꼬만명태찜 부근),3,3,37.551891,127.134524
2020,보행노인,서울특별시 강동구5,서울특별시 강동구 천호동(강동구민회관 부근),3,3,37.546180,127.141572
2020,보행노인,경기도 수원시 장안구1,경기도 수원시 장안구 연무동(퉁소바위사거리 부근),4,4,37.292156,127.028757
2020,보행노인,경기도 수원시 장안구2,경기도 수원시 장안구 정자동(엘사랑교회 부근),4,4,37.292210,126.999216
2020,보행노인,경기도 수원시 장안구3,경기도 수원시 장안구 영화동(영복사거리 부근),4,4,37.288219,127.006603
2020,보행노인,경기도 수원시 장안구4,경기도 수원시 장안구 영화동(교육청사거리 부근),3,3,37.291562,127.020057
2020,보행노인,경기도 수원시 장안구5,경기도 수원시 장안구 영화동(수원축산농협정자동지점 부근),3,3,37.292452,127.008279
2020,보행노인,경기도 수원시 권선구1,경기도 수원시 권선구 세류동(홍익유치원 부근),3,3,37.256948,127.011255
2020,보행노인,경기도 수원시 권선구2,경기도 수원시 권선구 세류동(동립말사거리 부근),2,2,37.263579,127.008178
2020,보행노인,경기도 수원시 팔달구1,경기도 수원시 팔달구 지동(영동사거리 부근),5,5,37.275303,127.018457
2020,보행노인,경기도 수원시 팔달구2,경기도 수원시 팔달구 화서동(화서오거리 부근),5,6,37.278786,127.001132
2020,보행노인,경기도 수원시 팔달구3,경기도 수원시 팔달구 우만동(수원명가 부근),3,3,37.286575,127.033141
2020,보행노인,경기도 수원시 영통구1,경기도 수원시 영통구 영통동(느티나무사거리 부근),2,2,37.255681,127.075371
2020,보행노인,경기도 성남시 수정구1,경기도 성남시 수정구 수진동(탄리사거리 부근),2,2,37.441985,127.134516
2020,보행노인,경기도 성남시 중원구1,경기도 성남시 중원구 성남동(성남동4870 부근),8,8,37.430795,127.128565
2020,보행노인,경기도 성남시 중원구2,경기도 성남시 중원구 중앙동(중앙동행정복지센터 부근),5,5,37.442970,127.155608
2020,보행노인,경기도 성남시 중원구3,경기도 성남시 중원구 금광동(금상로사거리 부근),4,4,37.441245,127.163597
2020,보행노인,경기도 성남시 중원구4,경기도 성남시 중원구 성남동(성호시장사거리 부근),3,3,37.439283,127.146073
2020,보행노인,경기도 성남시 분당구1,경기도 성남시 분당구 야탑동(장미사거리 부근),4,4,37.413540,127.129238
2020,보행노인,경기도 용인시 처인구1,경기도 용인시 처인구 포곡읍(둔전역삼거리 부근),3,3,37.268187,127.214717
2020,보행노인,경기도 용인시 기흥구1,경기도 용인시 기흥구 상갈동(도립박물관입구삼거리 부근),3,3,37.266495,127.105774
2020,보행노인,경기도 용인시 기흥구2,경기도 용인시 기흥구 공세동(한일마을입구삼거리 부근),2,2,37.242962,127.103754
2020,보행노인,경기도 용인시 수지구1,경기도 용인시 수지구 죽전동(죽전사거리 부근),4,4,37.325848,127.108499
2020,자전거,서울특별시 종로구1,서울특별시 종로구 세종로(세종로180 부근),5,5,37.569545,126.977277
2020,자전거,서울특별시 종로구2,서울특별시 종로구 창신동(흥인지문사거리 부근),3,4,37.571174,127.008790
2020,자전거,서울특별시 중구1,서울특별시 중구 신당동(신평화시장 부근),5,6,37.569740,127.013063
2020,자전거,서울특별시 용산구1,서울특별시 용산구 한강로2가(유미빌딩 부근),4,4,37.530092,126.967466
2020,자전거,서울특별시 성동구1,서울특별시 성동구 금호동4가(금호삼거리 부근),6,7,37.544159,127.024285
2020,자전거,서울특별시 성동구2,서울특별시 성동구 마장동(도선사거리 부근),5,7,37.565854,127.036560
2020,자전거,서울특별시 성동구3,서울특별시 성동구 성수동2가(윤진약국 부근),5,5,37.537542,127.053921
2020,자전거,서울특별시 성동구4,서울특별시 성동구 성수동2가(성수역앞교차로 부근),5,5,37.544137,127.057133
2020,자전거,서울특별시 성동구5,서울특별시 성동구 성수동2가(성수여중 부근),4,4,37.540054,127.050401
2020,자전거,서울특별시 성동구6,서울특별시 성동구 성수동1가(성수동1가68915 부근),4,4,37.539285,127.037988
2020,자전거,서울특별시 성동구7,서울특별시 성동구 응봉동(응봉교남측 부근),4,4,37.549253,127.034506
2020,자전거,서울특별시 광진구1,서울특별시 광진구 자양동(갈보리교회 인근),5,5,37.528038,127.070087
2020,자전거,서울특별시 광진구2,서울특별시 광진구 자양동(자양사거리 부근),4,4,37.536472,127.083801
2020,자전거,서울특별시 동대문구1,서울특별시 동대문구 용두동(시립동부병원앞교차로 부근),8,10,37.574155,127.032125
2020,자전거,서울특별시 동대문구2,서울특별시 동대문구 장안동(화승상사 부근),7,8,37.561057,127.070089
2020,자전거,서울특별시 동대문구3,서울특별시 동대문구 제기동(경동시장앞교차로 부근),7,7,37.578473,127.038355
2020,자전거,서울특별시 동대문구4,서울특별시 동대문구 용두동(동대문구청사거리 부근),7,7,37.573542,127.038301
2020,자전거,서울특별시 동대문구5,서울특별시 동대문구 답십리동(신답역앞교차로 부근),6,6,37.570129,127.048690
2020,자전거,서울특별시 동대문구6,서울특별시 동대문구 청량리동(성바오로병원앞교차로 부근),6,7,37.579787,127.043638
2020,자전거,서울특별시 동대문구7,서울특별시 동대문구 제기동(식당재료유통할인 부근),6,6,37.583137,127.040639
2020,자전거,서울특별시 동대문구8,서울특별시 동대문구 용두동(마장IC 부근),5,6,37.576391,127.034667
2020,자전거,서울특별시 동대문구9,서울특별시 동대문구 전농동(배봉초교앞교차로 부근),5,5,37.578665,127.067815
2020,자전거,서울특별시 동대문구10,서울특별시 동대문구 휘경동(회기역앞교차로 부근),4,4,37.589521,127.055280
2020,자전거,서울특별시 동대문구11,서울특별시 동대문구 이문동(이문대림아파트 부근),4,4,37.603284,127.067342
2020,자전거,서울특별시 중랑구1,서울특별시 중랑구 상봉동(상봉시장앞 부근),11,12,37.591800,127.086125
2020,자전거,서울특별시 중랑구2,서울특별시 중랑구 면목동(면목2동사거리 부근),9,9,37.587022,127.080712
2020,자전거,서울특별시 중랑구3,서울특별시 중랑구 면목동(겸재작은도서관 부근),8,11,37.586264,127.073846
2020,자전거,서울특별시 중랑구4,서울특별시 중랑구 망우동(망우사거리 부근),6,6,37.599926,127.100386
2020,자전거,서울특별시 중랑구5,서울특별시 중랑구 중화동(태능시장 부근),6,7,37.598027,127.076905
2020,자전거,서울특별시 중랑구6,서울특별시 중랑구 중화동(대원메디컬빌딩 부근),6,6,37.601855,127.078186
2020,자전거,서울특별시 중랑구7,서울특별시 중랑구 신내동(중랑소방서앞교차로 부근),6,6,37.614777,127.096109
2020,자전거,서울특별시 중랑구8,서울특별시 중랑구 면목동(중랑전화국앞교차로 부근),5,5,37.591756,127.080028
2020,자전거,서울특별시 중랑구9,서울특별시 중랑구 신내동(진로APT 부근),4,5,37.616441,127.091818
2020,자전거,서울특별시 중랑구10,서울특별시 중랑구 중화동(동부시장앞교차로 부근),4,5,37.594270,127.077033
2020,자전거,서울특별시 중랑구11,서울특별시 중랑구 면목동(장안교앞 부근),4,4,37.581529,127.078931
2020,자전거,서울특별시 성북구1,서울특별시 성북구 종암동(종암사거리 부근),5,5,37.603313,127.032206
2020,자전거,서울특별시 성북구2,서울특별시 성북구 하월곡동(월곡역앞교차로 부근),4,4,37.601744,127.041388
2020,자전거,서울특별시 강북구1,서울특별시 강북구 수유동(광산사거리 부근),8,9,37.643261,127.022386
2020,자전거,서울특별시 강북구2,서울특별시 강북구 번동(번동사거리 부근),6,6,37.635624,127.033081
2020,자전거,서울특별시 강북구3,서울특별시 강북구 미아동(수유치과의원 부근),6,6,37.630255,127.024462
2020,자전거,서울특별시 강북구4,서울특별시 강북구 번동(쌍문시장 부근),4,4,37.639876,127.026802
2020,자전거,서울특별시 강북구5,서울특별시 강북구 번동(수유사거리 부근),4,4,37.637127,127.024507
2020,자전거,서울특별시 도봉구1,서울특별시 도봉구 창동(창동변전소 부근),5,5,37.657957,127.040612
2020,자전거,서울특별시 도봉구2,서울특별시 도봉구 방학동(도봉소방서 부근),4,4,37.664464,127.042769
2020,자전거,서울특별시 노원구1,서울특별시 노원구 상계동(창동교앞교차로 부근),10,10,37.653285,127.054979
2020,자전거,서울특별시 노원구2,서울특별시 노원구 중계동(중계역앞교차로 부근),7,7,37.645610,127.063723
2020,자전거,서울특별시 노원구3,서울특별시 노원구 상계동(상계초교입구교차로 부근),7,7,37.657088,127.066398
2020,자전거,서울특별시 노원구4,서울특별시 노원구 상계동(녹천교앞교차로 부근),6,8,37.645093,127.056422
2020,자전거,서울특별시 노원구5,서울특별시 노원구 상계동(노원역 부근),5,6,37.654456,127.060512
2020,자전거,서울특별시 노원구6,서울특별시 노원구 중계동(청암고교앞교차로 부근),5,5,37.651481,127.072756
2020,자전거,서울특별시 노원구7,서울특별시 노원구 중계동(양지근린공원앞 부근),5,5,37.647886,127.075685
2020,자전거,서울특별시 노원구8,서울특별시 노원구 공릉동(태릉입구역앞교차로 부근),4,4,37.617702,127.075560
2020,자전거,서울특별시 노원구9,서울특별시 노원구 하계동(중계롯데아파트 부근),4,5,37.638146,127.059637
2020,자전거,서울특별시 노원구10,서울특별시 노원구 하계동(하계역교차로 부근),4,4,37.636052,127.068603
2020,자전거,서울특별시 은평구1,서울특별시 은평구 역촌동(신사오거리 부근),6,6,37.601074,126.916142
2020,자전거,서울특별시 서대문구1,서울특별시 서대문구 홍은동(홍은동21727 부근),5,6,37.591247,126.942677
2020,자전거,서울특별시 양천구1,서울특별시 양천구 목동(목동5단지교차로 부근),6,6,37.535474,126.879830
2020,자전거,서울특별시 양천구2,서울특별시 양천구 신월동(월정초교앞교차로 부근),5,7,37.536950,126.833967
2020,자전거,서울특별시 양천구3,서울특별시 양천구 신정동(신정네거리역앞교차로 부근),5,5,37.521455,126.852239
2020,자전거,서울특별시 양천구4,서울특별시 양천구 신월동(강월초교입구교차로 부근),4,4,37.517239,126.839156
2020,자전거,서울특별시 양천구5,서울특별시 양천구 목동(오목교역교차로 부근),4,5,37.524289,126.877560
2020,자전거,서울특별시 강서구1,서울특별시 강서구 화곡동(조흥은행등촌동지점 부근),10,10,37.555269,126.853827
2020,자전거,서울특별시 강서구2,서울특별시 강서구 내발산동(발산역앞교차로 부근),4,4,37.558238,126.838499
2020,자전거,서울특별시 구로구1,서울특별시 구로구 구로동(이화우성아파트앞교차로 부근),6,6,37.491345,126.892189
2020,자전거,서울특별시 구로구2,서울특별시 구로구 구로동(디지털단지입구교차로 부근),5,5,37.482979,126.900004
2020,자전거,서울특별시 구로구3,서울특별시 구로구 가리봉동(햇살무리예능선교원 부근),4,4,37.482436,126.887049
2020,자전거,서울특별시 구로구4,서울특별시 구로구 구로동(거리공원오거리 부근),4,4,37.497775,126.893935
2020,자전거,서울특별시 구로구5,서울특별시 구로구 궁동(온수입구삼거리 부근),4,4,37.493152,126.837049
2020,자전거,서울특별시 구로구6,서울특별시 구로구 구로동(대림역 부근),4,4,37.492214,126.895665
2020,자전거,서울특별시 금천구1,서울특별시 금천구 가산동(금천구광명시 부근),5,5,37.484427,126.873355
2020,자전거,서울특별시 영등포구1,서울특별시 영등포구 양평동6가(강서구영등포구 부근),12,16,37.553881,126.877744
2020,자전거,서울특별시 영등포구2,서울특별시 영등포구 양화동(롯데1급정비공장 부근),10,13,37.542491,126.895224
2020,자전거,서울특별시 영등포구3,서울특별시 영등포구 양평동4가(양평동사거리 부근),6,6,37.536114,126.898009
2020,자전거,서울특별시 영등포구4,서울특별시 영등포구 여의도동(여의하류IC 부근),5,8,37.533581,126.908970
2020,자전거,서울특별시 영등포구5,서울특별시 영등포구 문래동6가(관악고등학교 부근),5,7,37.520182,126.881870
2020,자전거,서울특별시 영등포구6,서울특별시 영등포구 양평동(오목교 부근),5,7,37.523555,126.881436
2020,자전거,서울특별시 영등포구7,서울특별시 영등포구 신길동(보라매역앞교차로 부근),5,5,37.500086,126.919643
2020,자전거,서울특별시 영등포구8,서울특별시 영등포구 여의도동(여의교앞교차로 부근),5,5,37.517201,126.928889
2020,자전거,서울특별시 영등포구9,서울특별시 영등포구 여의도동(당산지하차도북측 부근),4,8,37.536742,126.905293
2020,자전거,서울특별시 영등포구10,서울특별시 영등포구 여의도동(빛의카페 부근),4,4,37.530544,126.927538
2020,자전거,서울특별시 영등포구11,서울특별시 영등포구 대림동(성락빌딩 부근),4,4,37.501030,126.898524
2020,자전거,서울특별시 영등포구12,서울특별시 영등포구 대림동(구로1교교차로 부근),4,4,37.489178,126.899476
2020,자전거,서울특별시 영등포구13,서울특별시 영등포구 문래동3가(청과시장입구교차로 부근),4,4,37.515085,126.902693
2020,자전거,서울특별시 영등포구14,서울특별시 영등포구 양평동2가(문래신동아아파트앞교차로 부근),4,4,37.522944,126.885708
2020,자전거,서울특별시 영등포구15,서울특별시 영등포구 영등포동1가(영등포지하차도북측 부근),3,3,37.517986,126.912160
2020,자전거,서울특별시 동작구1,서울특별시 동작구 본동(한강대교남측 부근),12,13,37.513867,126.956053
2020,자전거,서울특별시 동작구2,서울특별시 동작구 흑석동(중앙대병원입구교차로 부근),7,12,37.509387,126.965407
2020,자전거,서울특별시 동작구3,서울특별시 동작구 노량진동(장성교회 부근),6,6,37.508207,126.940093
2020,자전거,서울특별시 동작구4,서울특별시 동작구 사당동(골든시네마타워 부근),6,6,37.484886,126.981055
2020,자전거,서울특별시 동작구5,서울특별시 동작구 신대방동(신대방삼거리역앞교차로 부근),6,6,37.499875,126.928152
2020,자전거,서울특별시 동작구6,서울특별시 동작구 신대방동(대림사거리 부근),4,5,37.489103,126.906074
2020,자전거,서울특별시 관악구1,서울특별시 관악구 신림동(신사동주민센터입구교차로 부근),5,5,37.483765,126.914140
2020,자전거,서울특별시 관악구2,서울특별시 관악구 봉천동(당곡사거리 부근),4,4,37.489350,126.928608
2020,자전거,서울특별시 관악구3,서울특별시 관악구 신림동(신림역사거리 부근),4,4,37.484450,126.929502
2020,자전거,서울특별시 서초구1,서울특별시 서초구 반포동(반포대교 부근),7,7,37.510754,126.998380
2020,자전거,서울특별시 서초구2,서울특별시 서초구 반포동(반포동1329 부근),5,5,37.506601,126.989269
2020,자전거,서울특별시 서초구3,서울특별시 서초구 반포동(반포동1318 부근),4,4,37.500228,126.985237
2020,자전거,서울특별시 강남구1,서울특별시 강남구 수서동(수서IC 부근),5,7,37.491608,127.103643
2020,자전거,서울특별시 강남구2,서울특별시 강남구 일원동(강남구송파구 부근),4,5,37.499734,127.081664
2020,자전거,서울특별시 강남구3,서울특별시 강남구 수서동(수서IC 부근),4,5,37.493275,127.100480
2020,자전거,서울특별시 송파구1,서울특별시 송파구 삼전동(배명고교앞교차로 부근),9,9,37.497668,127.096586
2020,자전거,서울특별시 송파구2,서울특별시 송파구 신천동(잠실대교JC 부근),8,11,37.524146,127.101571
2020,자전거,서울특별시 송파구3,서울특별시 송파구 삼전동(배명사거리 부근),8,8,37.502386,127.096958
2020,자전거,서울특별시 송파구4,서울특별시 송파구 잠실동(잠실대교JC 부근),8,10,37.518480,127.086097
2020,자전거,서울특별시 송파구5,서울특별시 송파구 잠실동(청담1교 부근),7,8,37.518273,127.068613
2020,자전거,서울특별시 송파구6,서울특별시 송파구 잠실동(종합운동장분기점 부근),7,10,37.518644,127.078133
2020,자전거,서울특별시 송파구7,서울특별시 송파구 잠실동(잠실학원사거리 부근),7,8,37.507563,127.090474
2020,자전거,서울특별시 송파구8,서울특별시 송파구 풍납동(미성카센타 부근),6,7,37.536797,127.111728
2020,자전거,서울특별시 송파구9,서울특별시 송파구 잠실동(잠실지구대 부근),6,6,37.511782,127.084175
2020,자전거,서울특별시 송파구10,서울특별시 송파구 방이동(올림픽공원앞교차로 부근),6,6,37.511906,127.127895
2020,자전거,서울특별시 송파구11,서울특별시 송파구 삼전동(송파구의회구민회관교차로 부근),5,5,37.503103,127.092197
2020,자전거,서울특별시 송파구12,서울특별시 송파구 방이동(송파구청앞교차로 부근),5,5,37.515614,127.107341
2020,자전거,서울특별시 송파구13,서울특별시 송파구 송파동(방이동고분군앞교차로 부근),5,5,37.507629,127.116689
2020,자전거,서울특별시 송파구14,서울특별시 송파구 신천동(잠실역사거리 부근),4,4,37.513473,127.100128
2020,자전거,서울특별시 송파구15,서울특별시 송파구 가락동(가락시장역앞교차로 부근),4,7,37.492523,127.118927
2020,자전거,서울특별시 송파구16,서울특별시 송파구 가락동(가락시장앞교차로 부근),4,5,37.497955,127.113778
2020,자전거,서울특별시 송파구17,서울특별시 송파구 장지동(꿈초롱어린이집 부근),4,4,37.475177,127.140860
2020,자전거,서울특별시 송파구18,서울특별시 송파구 방이동(방이삼거리 부근),4,4,37.511868,127.108277
2020,자전거,서울특별시 송파구19,서울특별시 송파구 석촌동(송파사거리 부근),4,5,37.503272,127.108785
2020,자전거,서울특별시 송파구20,서울특별시 송파구 풍납동(올림픽대교남단교차로 부근),4,4,37.525618,127.117242
2020,자전거,서울특별시 송파구21,서울특별시 송파구 문정동(장지동사무소 부근),4,4,37.487050,127.132500
2020,자전거,서울특별시 송파구22,서울특별시 송파구 문정동(문정로데오3거리 부근),4,4,37.490105,127.123933
2020,자전거,서울특별시 송파구23,서울특별시 송파구 가락동(보광빌라 부근),4,4,37.495843,127.117671
2020,자전거,서울특별시 강동구1,서울특별시 강동구 천호동(광진교남단사거리 부근),7,7,37.541393,127.124570
2020,자전거,서울특별시 강동구2,서울특별시 강동구 천호동(광나루안내센터앞 부근),7,9,37.546797,127.120158
2020,자전거,서울특별시 강동구3,서울특별시 강동구 성내동(길동사거리 부근),7,7,37.534036,127.137985
2020,자전거,서울특별시 강동구4,서울특별시 강동구 둔촌동(둔촌동역앞교차로 부근),7,7,37.530485,127.137217
2020,자전거,서울특별시 강동구5,서울특별시 강동구 암사동(토끼굴입구교차로 부근),6,6,37.555076,127.124003
2020,자전거,서울특별시 강동구6,서울특별시 강동구 성내동(올림픽공원북2문앞교차로 부근),6,6,37.524396,127.127002
2020,자전거,서울특별시 강동구7,서울특별시 강동구 길동(마루빌딩 부근),5,5,37.537750,127.140022
2020,자전거,서울특별시 강동구8,서울특별시 강동구 천호동(알프스 부근),4,4,37.542178,127.130733
2020,자전거,서울특별시 강동구9,서울특별시 강동구 성내동(강동구청역앞교차로 부근),4,4,37.530163,127.120428
2020,자전거,서울특별시 강동구10,서울특별시 강동구 암사동(제이빌더스입구 부근),4,4,37.551892,127.134831
2020,자전거,경기도 수원시 장안구1,경기도 수원시 장안구 영화동(조원동6405 부근),5,5,37.294725,127.015456
2020,자전거,경기도 수원시 장안구2,경기도 수원시 장안구 영화동(정자사거리 부근),4,4,37.290846,127.003306
2020,자전거,경기도 수원시 장안구3,경기도 수원시 장안구 영화동(화서문교차로 부근),4,4,37.285753,127.008045
2020,자전거,경기도 수원시 권선구1,경기도 수원시 권선구 권선동(맛고을사거리 부근),5,5,37.254453,127.027261
2020,자전거,경기도 수원시 권선구2,경기도 수원시 권선구 세류동(세류사거리 부근),4,4,37.254324,127.011262
2020,자전거,경기도 수원시 팔달구1,경기도 수원시 팔달구 남수동(팔달구청 부근),4,4,37.282624,127.020186
2020,자전거,경기도 수원시 팔달구2,경기도 수원시 팔달구 화서동(꽃뫼사거리 부근),4,4,37.284712,126.985907
2020,자전거,경기도 성남시 수정구1,경기도 성남시 수정구 수진동(성남동1750 부근),7,8,37.432339,127.118896
2020,자전거,경기도 성남시 수정구2,경기도 성남시 수정구 복정동(복정동산7112 부근),4,5,37.457674,127.118091
2020,자전거,경기도 성남시 수정구3,경기도 성남시 수정구 사송동(여수교차로 부근),3,4,37.421922,127.117177
2020,자전거,경기도 성남시 중원구1,경기도 성남시 중원구 성남동(모란사거리 부근),9,9,37.433647,127.128833
2020,자전거,경기도 성남시 중원구2,경기도 성남시 중원구 하대원동(둔촌대로80번길311 부근),8,8,37.429352,127.129376
2021,스쿨존어린이,서울특별시 강북구1,서울특별시 강북구 수유동(수유초교 부근),2,2,37.629815,127.019714
2021,스쿨존어린이,서울특별시 노원구1,서울특별시 노원구 중계동(청계초교 부근),2,2,37.644671,127.067715
2021,스쿨존어린이,서울특별시 은평구1,서울특별시 은평구 갈현동(갈현초교 부근),2,2,37.620033,126.916446
2021,스쿨존어린이,서울특별시 강서구1,서울특별시 강서구 마곡동(공진초교 부근),2,2,37.558399,126.823915
2021,스쿨존어린이,서울특별시 구로구1,서울특별시 구로구 구로동(애경어린이집 부근),2,2,37.499774,126.884800
2021,스쿨존어린이,서울특별시 영등포구1,서울특별시 영등포구 양평동3가(선유초교 부근),2,2,37.531723,126.892676
2021,스쿨존어린이,서울특별시 영등포구2,서울특별시 영등포구 신길동(도림초교 부근),1,1,37.506284,126.907025
2021,스쿨존어린이,서울특별시 관악구1,서울특별시 관악구 신림동(난우초교 부근),2,2,37.476159,126.918652
2021,보행노인,서울특별시 종로구1,서울특별시 종로구 관수동(기업은행 부근),5,5,37.570241,126.988775
2021,보행노인,서울특별시 중구1,서울특별시 중구 신당동(약수역서울3호선 부근),6,6,37.553569,127.010853
2021,보행노인,서울특별시 중구2,서울특별시 중구 만리동2가(만리시장 부근),5,5,37.551737,126.962636
2021,보행노인,서울특별시 중구3,서울특별시 중구 황학동(신당중앙시장 부근),5,5,37.565860,127.018699
2021,보행노인,서울특별시 용산구1,서울특별시 용산구 보광동(뽐네일 부근),5,5,37.526127,127.000846
2021,보행노인,서울특별시 동대문구1,서울특별시 동대문구 용두동(경동시장앞교차로 부근),9,10,37.578198,127.038552
2021,보행노인,서울특별시 동대문구2,서울특별시 동대문구 제기동(우리은행청량리중앙지점 부근),9,9,37.579109,127.041038
2021,보행노인,서울특별시 동대문구3,서울특별시 동대문구 제기동(경동시장 부근),8,10,37.579999,127.038314
2021,보행노인,서울특별시 동대문구4,서울특별시 동대문구 제기동(용두교 부근),5,6,37.578542,127.034472
2021,보행노인,서울특별시 동대문구5,서울특별시 동대문구 청량리동(청량리역2번출구 부근),5,5,37.581464,127.044194
2021,보행노인,서울특별시 동대문구6,서울특별시 동대문구 제기동(식당재료유통할인 부근),5,5,37.582532,127.040564
2021,보행노인,서울특별시 동대문구7,서울특별시 동대문구 용두동(성바오로병원앞교차로 부근),5,5,37.579478,127.043300
2021,보행노인,서울특별시 중랑구1,서울특별시 중랑구 망우동(LG전자스토어 부근),5,5,37.598234,127.094843
2021,보행노인,서울특별시 성북구1,서울특별시 성북구 하월곡동(성북트리즘빌딩앞교차 부근),6,6,37.602533,127.038401
2021,보행노인,서울특별시 성북구2,서울특별시 성북구 삼선동5가(성북경찰서앞교차로 부근),5,6,37.589645,127.016054
2021,보행노인,서울특별시 성북구3,서울특별시 성북구 정릉동(길음교 부근),5,5,37.601745,127.021413
2021,보행노인,서울특별시 성북구4,서울특별시 성북구 상월곡동(부동산 부근),5,5,37.607073,127.046984
2021,보행노인,서울특별시 성북구5,서울특별시 성북구 하월곡동(방천시장입구교차로 부근),5,5,37.611354,127.035174
2021,보행노인,서울특별시 강북구1,서울특별시 강북구 수유동(번창교 부근),5,6,37.641981,127.030450
2021,보행노인,서울특별시 강북구2,서울특별시 강북구 번동(새마을금고 부근),5,6,37.628498,127.039827
2021,보행노인,서울특별시 강북구3,서울특별시 강북구 미아동(미아4동사무소 부근),5,5,37.616034,127.033332
2021,보행노인,서울특별시 강북구4,서울특별시 강북구 미아동(미아삼거리역 부근),5,5,37.613138,127.030404
2021,보행노인,서울특별시 강북구5,서울특별시 강북구 미아동(삼성생명 부근),5,5,37.625561,127.026700
2021,보행노인,서울특별시 도봉구1,서울특별시 도봉구 쌍문동(성북택시 부근),5,5,37.644693,127.032473
2021,보행노인,서울특별시 도봉구2,서울특별시 도봉구 창동(창동견인차량보관소 부근),5,5,37.653411,127.049196
2021,보행노인,서울특별시 도봉구3,서울특별시 도봉구 방학동(녹산교회 부근),5,5,37.666011,127.044358
2021,보행노인,서울특별시 노원구1,서울특별시 노원구 상계동(수락산역앞교차로 부근),5,6,37.677949,127.054945
2021,보행노인,서울특별시 노원구2,서울특별시 노원구 중계동(중계동45321 부근),5,7,37.659991,127.073646
2021,보행노인,서울특별시 노원구3,서울특별시 노원구 상계동(당고개역 부근),5,5,37.670290,127.080164
2021,보행노인,서울특별시 은평구1,서울특별시 은평구 대조동(불광역6번출구 부근),5,6,37.610348,126.929131
2021,보행노인,서울특별시 은평구2,서울특별시 은평구 불광동(불광전화국앞 부근),5,5,37.612148,126.928664
2021,보행노인,서울특별시 은평구3,서울특별시 은평구 응암동(파리바게뜨 부근),5,5,37.588480,126.917745
2021,보행노인,서울특별시 은평구4,서울특별시 은평구 갈현동(연신내역 부근),5,5,37.620939,126.919985
2021,보행노인,서울특별시 은평구5,서울특별시 은평구 신사동(신사1동사무소 부근),5,5,37.598549,126.912456
2021,보행노인,서울특별시 서대문구1,서울특별시 서대문구 홍제동(홍제교 부근),5,8,37.591853,126.944451
2021,보행노인,서울특별시 서대문구2,서울특별시 서대문구 홍은동(홍은동21715 부근),5,5,37.591476,126.940829
2021,보행노인,서울특별시 서대문구3,서울특별시 서대문구 홍제동(서부빌딩 부근),5,5,37.588071,126.945159
2021,보행노인,서울특별시 서대문구4,서울특별시 서대문구 북아현동(북아현동주민센터 부근),5,5,37.559461,126.956467
2021,보행노인,서울특별시 서대문구5,서울특별시 서대문구 천연동(감리교신학대학교 부근),5,5,37.569222,126.962284
2021,보행노인,서울특별시 마포구1,서울특별시 마포구 도화동(마포삼성아파트 부근),5,5,37.541040,126.949356
2021,보행노인,서울특별시 양천구1,서울특별시 양천구 목동(외환은행강서지점 부근),5,5,37.547140,126.871200
2021,보행노인,서울특별시 양천구2,서울특별시 양천구 신월동(명성빌딩 부근),5,6,37.522517,126.851489
2021,보행노인,서울특별시 양천구3,서울특별시 양천구 신정동(영등포여상사거리 부근),5,5,37.525624,126.859385
2021,보행노인,서울특별시 강서구1,서울특별시 강서구 가양동(양천향교역사거리 부근),5,7,37.568789,126.841350
2021,보행노인,서울특별시 강서구2,서울특별시 강서구 화곡동(신정여상 부근),5,5,37.531927,126.858199
2021,보행노인,서울특별시 강서구3,서울특별시 강서구 화곡동(목동사거리 부근),5,5,37.532858,126.863624
2021,보행노인,서울특별시 강서구4,서울특별시 강서구 화곡동(우장산역앞교차로 부근),5,5,37.548388,126.835869
2021,보행노인,서울특별시 구로구1,서울특별시 구로구 구로동(고대구로병원사거리 부근),5,5,37.493485,126.883641
2021,보행노인,서울특별시 금천구1,서울특별시 금천구 시흥동(시흥사거리 부근),5,5,37.454998,126.901369
2021,보행노인,서울특별시 영등포구1,서울특별시 영등포구 영등포동5가(선한치과 부근),5,6,37.519388,126.907871
2021,보행노인,서울특별시 영등포구2,서울특별시 영등포구 영등포동(롯데백화점 부근),5,6,37.515950,126.905409
2021,보행노인,서울특별시 동작구1,서울특별시 동작구 상도동(성대전통시장입구 부근),9,10,37.500038,126.932235
2021,보행노인,서울특별시 동작구2,서울특별시 동작구 사당동(사당역사거리 부근),5,6,37.476829,126.981495
2021,보행노인,서울특별시 동작구3,서울특별시 동작구 사당동(동작대로27길34 부근),5,6,37.488358,126.979606
2021,보행노인,서울특별시 동작구4,서울특별시 동작구 상도동(리치타운 부근),5,6,37.497610,126.952617
2021,보행노인,서울특별시 관악구1,서울특별시 관악구 봉천동(봉천본동농협앞 부근),5,5,37.481534,126.945721
2021,보행노인,서울특별시 관악구2,서울특별시 관악구 신림동(뿌리약국 부근),5,5,37.474194,126.918859
2021,보행노인,서울특별시 관악구3,서울특별시 관악구 신림동(구로디지털단지역앞교 부근),5,5,37.484569,126.902717
2021,보행노인,서울특별시 관악구4,서울특별시 관악구 봉천동(까치고개 부근),5,5,37.476217,126.965440
2021,보행노인,서울특별시 송파구1,서울특별시 송파구 가락동(금호아파트 부근),5,5,37.495011,127.116442
2021,보행노인,서울특별시 강동구1,서울특별시 강동구 암사동(성덕여중교 부근),5,5,37.550788,127.139705
2021,보행노인,서울특별시 강동구2,서울특별시 강동구 천호동(천동초교앞교차로 부근),5,6,37.542304,127.136123
2021,보행노인,서울특별시 강동구3,서울특별시 강동구 천호동(강동구민회관 부근),5,6,37.545924,127.140860
2021,보행노인,경기도 수원시 장안구1,경기도 수원시 장안구 영화동(창룡문지하차도 부근),5,5,37.291493,127.021129
2021,보행노인,경기도 성남시 중원구1,경기도 성남시 중원구 중앙동(성호시장사거리 부근),5,5,37.439762,127.147020
2021,보행노인,경기도 성남시 중원구2,경기도 성남시 중원구 중앙동(중앙동행정복지센터 부근),5,5,37.442490,127.154921
2021,보행노인,경기도 성남시 중원구3,경기도 성남시 중원구 성남동(모란삼거리 부근),5,5,37.433035,127.128288
2021,보행노인,경기도 성남시 중원구4,경기도 성남시 중원구 성남동(모란시장사거리 부근),5,5,37.430154,127.129433
2021,보행노인,경기도 성남시 분당구1,경기도 성남시 분당구 야탑동(장미사거리 부근),5,5,37.413567,127.129063
2021,자전거,서울특별시 종로구1,서울특별시 종로구 적선동(적선현대빌딩 부근),5,5,37.575364,126.972867
2021,자전거,서울특별시 종로구2,서울특별시 종로구 인의동(종로4가사거리 부근),4,4,37.570837,126.997596
2021,자전거,서울특별시 종로구3,서울특별시 종로구 서린동(종로구청입구교차로 부근),4,4,37.569874,126.979098
2021,자전거,서울특별시 용산구1,서울특별시 용산구 서빙고동(반포대교북측 부근),6,7,37.519061,126.994454
2021,자전거,서울특별시 용산구2,서울특별시 용산구 한남동(한남역앞 부근),6,6,37.528461,127.007157
2021,자전거,서울특별시 용산구3,서울특별시 용산구 이촌동(한강대교북측 부근),4,5,37.516880,126.970004
2021,자전거,서울특별시 성동구1,서울특별시 성동구 성수동1가(서울숲역4번출구 부근),6,7,37.546567,127.044835
2021,자전거,서울특별시 성동구2,서울특별시 성동구 옥수동(용산구성동구 부근),5,5,37.537799,127.016116
2021,자전거,서울특별시 성동구3,서울특별시 성동구 하왕십리동(청계9가사거리 부근),5,5,37.570101,127.030357
2021,자전거,서울특별시 성동구4,서울특별시 성동구 금호동4가(금호삼거리 부근),5,5,37.543818,127.024149
2021,자전거,서울특별시 성동구5,서울특별시 성동구 성수동2가(대보빌라 부근),5,5,37.537744,127.057524
2021,자전거,서울특별시 성동구6,서울특별시 성동구 성수동2가(해성자동차공업사입구 부근),5,5,37.543361,127.060166
2021,자전거,서울특별시 성동구7,서울특별시 성동구 성수동1가(성수여중 부근),4,4,37.540124,127.049948
2021,자전거,서울특별시 성동구8,서울특별시 성동구 성수동2가(화양4거리 부근),4,4,37.548111,127.065938
2021,자전거,서울특별시 광진구1,서울특별시 광진구 군자동(능동119안전센터 부근),5,5,37.555293,127.078919
2021,자전거,서울특별시 광진구2,서울특별시 광진구 자양동(잠실대교북측 부근),5,5,37.528064,127.088041
2021,자전거,서울특별시 광진구3,서울특별시 광진구 구의동(잠실철교 부근),4,5,37.533583,127.095544
2021,자전거,서울특별시 광진구4,서울특별시 광진구 자양동(자양유아원 부근),4,4,37.532297,127.078256
2021,자전거,서울특별시 광진구5,서울특별시 광진구 구의동(아차산역사거리 부근),4,5,37.549218,127.091882
2021,자전거,서울특별시 광진구6,서울특별시 광진구 중곡동(신성시장 부근),4,5,37.558905,127.087951
2021,자전거,서울특별시 광진구7,서울특별시 광진구 자양동(아리랑하우스입구 부근),4,4,37.528620,127.068476
2021,자전거,서울특별시 동대문구1,서울특별시 동대문구 신설동(청계8가사거리 부근),10,10,37.571410,127.024990
2021,자전거,서울특별시 동대문구2,서울특별시 동대문구 제기동(경동시장앞교차로 부근),8,8,37.578514,127.038908
2021,자전거,서울특별시 동대문구3,서울특별시 동대문구 휘경동(중랑교사거리 부근),8,8,37.591986,127.067506
2021,자전거,서울특별시 동대문구4,서울특별시 동대문구 용두동(용두교 부근),7,8,37.578020,127.034323
2021,자전거,서울특별시 동대문구5,서울특별시 동대문구 장안동(승용빌딩 부근),7,9,37.566654,127.068119
2021,자전거,서울특별시 동대문구6,서울특별시 동대문구 답십리동(답십리역교차로 부근),7,7,37.564805,127.054954
2021,자전거,서울특별시 동대문구7,서울특별시 동대문구 용두동(대원빌딩 부근),7,7,37.574033,127.036207
2021,자전거,서울특별시 동대문구8,서울특별시 동대문구 답십리동(촬영소사거리 부근),5,5,37.572820,127.066506
2021,자전거,서울특별시 동대문구9,서울특별시 동대문구 답십리동(장안시장 부근),4,4,37.567323,127.062484
2021,자전거,서울특별시 동대문구10,서울특별시 동대문구 답십리동(동대문중사거리 부근),4,4,37.573565,127.052351
2021,자전거,서울특별시 동대문구11,서울특별시 동대문구 장안동(장안동삼거리 부근),4,4,37.578294,127.071805
2021,자전거,서울특별시 동대문구12,서울특별시 동대문구 전농동(청량리역교차로 부근),4,4,37.580051,127.043945
2021,자전거,서울특별시 동대문구13,서울특별시 동대문구 청량리동(동서울농협홍릉지점 부근),4,4,37.586698,127.041384
2021,자전거,서울특별시 중랑구1,서울특별시 중랑구 면목동(장안교앞 부근),7,7,37.581192,127.080230
2021,자전거,서울특별시 중랑구2,서울특별시 중랑구 상봉동(동일로지하차도앞교차 부근),7,8,37.594768,127.080280
2021,자전거,서울특별시 중랑구3,서울특별시 중랑구 중화동(이화교 부근),6,7,37.601949,127.074408
2021,자전거,서울특별시 중랑구4,서울특별시 중랑구 상봉동(중랑전화국앞교차로 부근),5,6,37.591082,127.080020
2021,자전거,서울특별시 중랑구5,서울특별시 중랑구 묵동(면목교 부근),5,5,37.577569,127.080062
2021,자전거,서울특별시 중랑구6,서울특별시 중랑구 중화동(중화장미아파트 부근),5,5,37.605449,127.078771
2021,자전거,서울특별시 중랑구7,서울특별시 중랑구 중화동(동부시장사거리 부근),5,6,37.594794,127.075939
2021,자전거,서울특별시 중랑구8,서울특별시 중랑구 중화동(중흥초교 부근),5,6,37.601908,127.082633
2021,자전거,서울특별시 중랑구9,서울특별시 중랑구 면목동(면목교 부근),5,5,37.587228,127.081977
2021,자전거,서울특별시 중랑구10,서울특별시 중랑구 묵동(묵동우체국 부근),5,5,37.610231,127.077929
2021,자전거,서울특별시 중랑구11,서울특별시 중랑구 상봉동(상봉지하차도앞교차로 부근),4,4,37.596851,127.087777
2021,자전거,서울특별시 중랑구12,서울특별시 중랑구 면목동(사가정역앞교차로 부근),4,4,37.581008,127.086532
2021,자전거,서울특별시 중랑구13,서울특별시 중랑구 면목동(태영빌딩 부근),4,4,37.589053,127.090349
2021,자전거,서울특별시 성북구1,서울특별시 성북구 석관동(새석관시장 부근),6,6,37.609298,127.054502
2021,자전거,서울특별시 성북구2,서울특별시 성북구 장위동(장위사거리 부근),6,8,37.613748,127.060019
2021,자전거,서울특별시 성북구3,서울특별시 성북구 상월곡동(하월곡IC 부근),5,6,37.605386,127.046020
2021,자전거,서울특별시 성북구4,서울특별시 성북구 종암동(종암사거리 부근),5,5,37.603457,127.032410
2021,자전거,서울특별시 강북구1,서울특별시 강북구 수유동(강북구청사거리 부근),7,7,37.641036,127.028731
2021,자전거,서울특별시 강북구2,서울특별시 강북구 미아동(수유치과의원 부근),7,7,37.631335,127.024269
2021,자전거,서울특별시 강북구3,서울특별시 강북구 수유동(만능카종합공업사 부근),5,6,37.631683,127.018151
2021,자전거,서울특별시 강북구4,서울특별시 강북구 수유동(광산사거리 부근),5,5,37.642405,127.022410
2021,자전거,서울특별시 강북구5,서울특별시 강북구 번동(번동사거리 부근),4,4,37.635475,127.033097
2021,자전거,서울특별시 도봉구1,서울특별시 도봉구 창동(정의여중고교입구교차 부근),4,4,37.651252,127.036048
2021,자전거,서울특별시 도봉구2,서울특별시 도봉구 창동(창동변전소 부근),4,5,37.659574,127.041083
2021,자전거,서울특별시 도봉구3,서울특별시 도봉구 쌍문동(동아운수에너지주유소 부근),4,4,37.656730,127.013283
2021,자전거,서울특별시 노원구1,서울특별시 노원구 공릉동(월릉교 부근),8,10,37.616889,127.072914
2021,자전거,서울특별시 노원구2,서울특별시 노원구 중계동(태흥약국 부근),7,7,37.658524,127.071332
2021,자전거,서울특별시 노원구3,서울특별시 노원구 상계동(도봉구노원구 부근),7,9,37.652816,127.054287
2021,자전거,서울특별시 노원구4,서울특별시 노원구 상계동(상계교교차로 부근),6,9,37.661698,127.052331
2021,자전거,서울특별시 노원구5,서울특별시 노원구 공릉동(공릉역사거리 부근),6,6,37.626067,127.072811
2021,자전거,서울특별시 노원구6,서울특별시 노원구 상계동(상계초교앞교차로 부근),5,7,37.658907,127.065237
2021,자전거,서울특별시 노원구7,서울특별시 노원구 중계동(당고개입구오거리 부근),5,5,37.662874,127.075390
2021,자전거,서울특별시 노원구8,서울특별시 노원구 월계동(석계역3번출구 부근),5,6,37.615535,127.067781
2021,자전거,서울특별시 노원구9,서울특별시 노원구 상계동(상계67동주민센터앞교N 부근),5,5,37.654850,127.067508
2021,자전거,서울특별시 노원구10,서울특별시 노원구 중계동(청암고교앞교차로 부근),5,5,37.652003,127.072953
2021,자전거,서울특별시 노원구11,서울특별시 노원구 중계동(노해근린공원앞교차로 부근),5,5,37.649438,127.069573
2021,자전거,서울특별시 노원구12,서울특별시 노원구 공릉동(안성민치과의원 부근),4,4,37.621704,127.074358
2021,자전거,서울특별시 은평구1,서울특별시 은평구 역촌동(역말사거리 부근),6,6,37.605788,126.915260
2021,자전거,서울특별시 은평구2,서울특별시 은평구 역촌동(신사오거리 부근),6,8,37.601414,126.915927
2021,자전거,서울특별시 은평구3,서울특별시 은평구 응암동(서운빌딩 부근),5,5,37.602441,126.926665
2021,자전거,서울특별시 은평구4,서울특별시 은평구 응암동(새절역앞교차로 부근),5,7,37.592671,126.913895
2021,자전거,서울특별시 은평구5,서울특별시 은평구 갈현동(구산역앞교차로 부근),4,5,37.611822,126.917155
2021,자전거,서울특별시 서대문구1,서울특별시 서대문구 북가좌동(북가좌오거리 부근),4,4,37.580506,126.910989
2021,자전거,서울특별시 서대문구2,서울특별시 서대문구 북가좌동(고려가정의학과의원 부근),4,4,37.580292,126.915563
2021,자전거,서울특별시 마포구1,서울특별시 마포구 중동(증산지하차도남측 부근),4,4,37.574513,126.900289
2021,자전거,서울특별시 마포구2,서울특별시 마포구 망원동(망원2주민센터 부근),4,5,37.562234,126.905132
2021,자전거,서울특별시 마포구3,서울특별시 마포구 합정동(합정역7번출구 부근),4,5,37.548810,126.913525
2021,자전거,서울특별시 양천구1,서울특별시 양천구 신정동(홍익병원앞교차로 부근),7,8,37.529797,126.864003
2021,자전거,서울특별시 양천구2,서울특별시 양천구 신월동(동방APT앞 부근),5,5,37.522055,126.846482
2021,자전거,서울특별시 양천구3,서울특별시 양천구 목동(CBS방송국 부근),5,5,37.527631,126.874435
2021,자전거,서울특별시 양천구4,서울특별시 양천구 신정동(이화빌딩 부근),5,5,37.526005,126.861344
2021,자전거,서울특별시 양천구5,서울특별시 양천구 신월동(강월초교입구교차로 부근),4,4,37.518238,126.838902
2021,자전거,서울특별시 양천구6,서울특별시 양천구 신정동(목동9단지 부근),4,4,37.517994,126.865577
2021,자전거,서울특별시 양천구7,서울특별시 양천구 신월동(신월사거리 부근),4,4,37.535744,126.828662
2021,자전거,서울특별시 양천구8,서울특별시 양천구 신정동(신정동1093 부근),4,4,37.521908,126.858823
2021,자전거,서울특별시 양천구9,서울특별시 양천구 신월동(신월IC 부근),3,3,37.526848,126.834340
2021,자전거,서울특별시 양천구10,서울특별시 양천구 신월동(선창빌딩앞 부근),3,3,37.523168,126.837247
2021,자전거,서울특별시 강서구1,서울특별시 강서구 화곡동(동서파크빌라 부근),6,6,37.530047,126.850541
2021,자전거,서울특별시 강서구2,서울특별시 강서구 마곡동(신방화역교차로 부근),5,5,37.567948,126.816865
2021,자전거,서울특별시 강서구3,서울특별시 강서구 화곡동(화곡역사거리 부근),5,5,37.542167,126.841743
2021,자전거,서울특별시 강서구4,서울특별시 강서구 마곡동(진에어앞 부근),4,4,37.559240,126.830103
2021,자전거,서울특별시 강서구5,서울특별시 강서구 마곡동(마곡동727816 부근),4,4,37.563203,126.827132
2021,자전거,서울특별시 구로구1,서울특별시 구로구 신도림동(신정교교차로 부근),6,7,37.516125,126.881430
2021,자전거,서울특별시 구로구2,서울특별시 구로구 구로동(영서중 부근),5,5,37.489735,126.891403
2021,자전거,서울특별시 구로구3,서울특별시 구로구 가리봉동(가산동교차로 부근),5,5,37.486553,126.880926
2021,자전거,서울특별시 구로구4,서울특별시 구로구 구로동(구로시장 부근),4,4,37.487862,126.884915
2021,자전거,서울특별시 구로구5,서울특별시 구로구 개봉동(개봉사거리 부근),4,5,37.497481,126.857253
2021,자전거,서울특별시 구로구6,서울특별시 구로구 고척동(구로구광명시 부근),4,4,37.492685,126.866359
2021,자전거,서울특별시 구로구7,서울특별시 구로구 구로동(구로구청구의회앞교차 부근),4,4,37.494678,126.887309
2021,자전거,서울특별시 금천구1,서울특별시 금천구 독산동(평강교회 부근),4,4,37.453427,126.890840
2021,자전거,서울특별시 금천구2,서울특별시 금천구 가산동(구로아파트 부근),4,5,37.476784,126.889004
2021,자전거,서울특별시 영등포구1,서울특별시 영등포구 대림동(우성아파트앞교차로 부근),9,9,37.493971,126.898656
2021,자전거,서울특별시 영등포구2,서울특별시 영등포구 당산동(당산지하차도북측 부근),8,9,37.536239,126.905180
2021,자전거,서울특별시 영등포구3,서울특별시 영등포구 대림동(대림공원교차로 부근),7,7,37.491488,126.902330
2021,자전거,서울특별시 영등포구4,서울특별시 영등포구 당산동1가(영등포청과시장앞교차 부근),7,7,37.520505,126.900983
2021,자전거,서울특별시 영등포구5,서울특별시 영등포구 당산동5가(염창교 부근),7,9,37.553732,126.877763
2021,자전거,서울특별시 영등포구6,서울특별시 영등포구 여의도동(영등포고가차도 부근),6,7,37.520101,126.914506
2021,자전거,서울특별시 영등포구7,서울특별시 영등포구 당산동3가(영등포구청앞교차로 부근),6,7,37.527242,126.897088
2021,자전거,서울특별시 영등포구8,서울특별시 영등포구 당산동(롯데1급정비공장 부근),6,8,37.542603,126.896402
2021,자전거,서울특별시 영등포구9,서울특별시 영등포구 양화동(한강자전거대여소양화 부근),6,6,37.543981,126.892678
2021,자전거,서울특별시 영등포구10,서울특별시 영등포구 신길동(신길성락주유소앞교차 부근),5,6,37.504092,126.902460
2021,자전거,서울특별시 영등포구11,서울특별시 영등포구 양평동1가(양남사거리 부근),5,5,37.522930,126.890042
2021,자전거,서울특별시 영등포구12,서울특별시 영등포구 양평동5가(롯데푸드본사 부근),5,6,37.536777,126.890416
2021,자전거,서울특별시 영등포구13,서울특별시 영등포구 영등포동7가(영등포경찰서사거리 부근),5,5,37.525690,126.903977
2021,자전거,서울특별시 영등포구14,서울특별시 영등포구 영등포동7가(영등포시장역앞교차로 부근),5,5,37.522683,126.905137
2021,자전거,서울특별시 영등포구15,서울특별시 영등포구 양평동(오목교 부근),4,4,37.523303,126.881161
2021,자전거,서울특별시 영등포구16,서울특별시 영등포구 여의도동(여의중고교앞교차로 부근),4,6,37.527659,126.932886
2021,자전거,서울특별시 영등포구17,서울특별시 영등포구 양평동(세종엔까뮤스퀘어 부근),4,5,37.540849,126.888323
2021,자전거,서울특별시 영등포구18,서울특별시 영등포구 여의도동(여의하류IC 부근),4,4,37.530851,126.910283
2021,자전거,서울특별시 영등포구19,서울특별시 영등포구 대림동(도림청구아파트 부근),4,4,37.508658,126.896358
2021,자전거,서울특별시 영등포구20,서울특별시 영등포구 도림동(도림사거리 부근),4,4,37.507294,126.901269
2021,자전거,서울특별시 영등포구21,서울특별시 영등포구 신길동(영신고교입구 부근),3,4,37.497144,126.908104
2021,자전거,서울특별시 동작구1,서울특별시 동작구 신대방동(대림사거리 부근),6,6,37.489319,126.906761
2021,자전거,서울특별시 동작구2,서울특별시 동작구 본동(한강대교남단교차로 부근),6,6,37.513628,126.955672
2021,자전거,서울특별시 동작구3,서울특별시 동작구 사당동(이수역앞교차로 부근),5,6,37.485283,126.982122
2021,자전거,서울특별시 동작구4,서울특별시 동작구 노량진동(중앙학원 부근),4,5,37.513724,126.944261
2021,자전거,서울특별시 관악구1,서울특별시 관악구 신림동(강남우신병원 부근),6,6,37.483677,126.902392
2021,자전거,서울특별시 서초구1,서울특별시 서초구 방배동(만남의광장 부근),4,4,37.476966,126.982335
2021,자전거,서울특별시 강남구1,서울특별시 강남구 자곡동(자곡사거리 부근),4,5,37.475593,127.107042
2021,자전거,서울특별시 강남구2,서울특별시 강남구 삼성동(강남운전면허시험장 부근),4,4,37.509519,127.068099
2021,자전거,서울특별시 강남구3,서울특별시 강남구 수서동(수서역앞교차로 부근),4,4,37.487013,127.101575
2021,자전거,서울특별시 강남구4,서울특별시 강남구 압구정동(동호대교JC 부근),4,7,37.531898,127.023959
2021,자전거,서울특별시 강남구5,서울특별시 강남구 대치동(우석빌딩 부근),4,4,37.500097,127.060008
2021,자전거,서울특별시 송파구1,서울특별시 송파구 거여동(거여동사거리 부근),9,11,37.496521,127.140133
2021,자전거,서울특별시 송파구2,서울특별시 송파구 삼전동(삼전사거리 부근),7,7,37.504140,127.088477
2021,자전거,서울특별시 송파구3,서울특별시 송파구 방이동(둔촌사거리 부근),7,9,37.521902,127.134298
2021,자전거,서울특별시 송파구4,서울특별시 송파구 잠실동(잠실새내역교차로 부근),7,8,37.511697,127.084344
2021,자전거,서울특별시 송파구5,서울특별시 송파구 가락동(경찰병원앞교차로 부근),7,8,37.494859,127.123090
2021,자전거,서울특별시 송파구6,서울특별시 송파구 신천동(잠실대교남측 부근),7,7,37.514983,127.099174
2021,자전거,서울특별시 송파구7,서울특별시 송파구 잠실동(석촌호수서호사거리 부근),6,6,37.506829,127.099706
2021,자전거,서울특별시 송파구8,서울특별시 송파구 잠실동(잠실여름파출소 부근),6,6,37.518426,127.080351
2021,자전거,서울특별시 송파구9,서울특별시 송파구 방이동(잠실진주아파트앞교차 부근),6,6,37.515955,127.108878
2021,자전거,서울특별시 송파구10,서울특별시 송파구 석촌동(석촌역사거리 부근),6,6,37.504885,127.107258
2021,자전거,서울특별시 송파구11,서울특별시 송파구 석촌동(배명사거리 부근),6,6,37.502684,127.097141
2021,자전거,서울특별시 송파구12,서울특별시 송파구 석촌동(동산교회 부근),6,6,37.499495,127.104152
2021,자전거,서울특별시 송파구13,서울특별시 송파구 잠실동(잠전초교입구 부근),6,7,37.506189,127.083912
2021,자전거,서울특별시 송파구14,서울특별시 송파구 신천동(잠실대교JC 부근),6,8,37.522631,127.100503
2021,자전거,서울특별시 송파구15,서울특별시 송파구 송파동(신도빌딩 부근),5,5,37.507989,127.110334
2021,자전거,서울특별시 송파구16,서울특별시 송파구 송파동(가락시장 부근),5,6,37.498655,127.113553
2021,자전거,서울특별시 송파구17,서울특별시 송파구 삼전동(잠실학원사거리 부근),5,7,37.507911,127.090600
2021,자전거,서울특별시 송파구18,서울특별시 송파구 잠실동(잠실대교JC 부근),5,6,37.518704,127.087022
2021,자전거,서울특별시 송파구19,서울특별시 송파구 송파동(방이동고분군앞교차로 부근),5,5,37.506619,127.115869
2021,자전거,서울특별시 송파구20,서울특별시 송파구 가락동(가락시장역앞교차로 부근),5,5,37.492931,127.118622
2021,자전거,서울특별시 송파구21,서울특별시 송파구 가락동(탄천교앞교차로 부근),4,4,37.494622,127.104849
2021,자전거,서울특별시 송파구22,서울특별시 송파구 잠실동(잠실3사거리 부근),4,4,37.511617,127.092912
2021,자전거,서울특별시 송파구23,서울특별시 송파구 가락동(가락시장입구교차로 부근),4,4,37.495505,127.109164
2021,자전거,서울특별시 송파구24,서울특별시 송파구 잠실동(청담IC 부근),4,4,37.519629,127.072103
2021,자전거,서울특별시 송파구25,서울특별시 송파구 석촌동(송파사거리 부근),4,9,37.501741,127.110429
2021,자전거,서울특별시 송파구26,서울특별시 송파구 잠실동(탄천2교앞교차로 부근),4,4,37.505189,127.077198
2021,자전거,서울특별시 송파구27,서울특별시 송파구 오금동(송파경찰서앞교차로 부근),4,4,37.501359,127.128064
2021,자전거,서울특별시 강동구1,서울특별시 강동구 천호동(천호사거리 부근),7,7,37.539830,127.123985
2021,자전거,서울특별시 강동구2,서울특별시 강동구 천호동(광나루안내센터앞 부근),5,7,37.548444,127.120869
2021,자전거,서울특별시 강동구3,서울특별시 강동구 길동(천동초교 부근),4,4,37.541255,127.138419
2021,자전거,서울특별시 강동구4,서울특별시 강동구 천호동(천일초교교차로 부근),4,4,37.543228,127.131478
2021,자전거,서울특별시 강동구5,서울특별시 강동구 성내동(영파여중고앞교차로 부근),4,4,37.534211,127.121607
2021,자전거,서울특별시 강동구6,서울특별시 강동구 성내동(길동시장 부근),4,4,37.533129,127.136066
2021,자전거,경기도 수원시 장안구1,경기도 수원시 장안구 정자동(수원축산농협정자동지 부근),7,7,37.291907,127.006913
2021,자전거,경기도 수원시 장안구2,경기도 수원시 장안구 조원동(종합운동장사거리 부근),5,6,37.297404,127.013679
2021,자전거,경기도 수원시 장안구3,경기도 수원시 장안구 정자동(정자사거리 부근),4,4,37.290735,127.001738
2021,자전거,경기도 수원시 장안구4,경기도 수원시 장안구 정자동(동신초사거리 부근),4,4,37.295404,126.990022
2021,자전거,경기도 수원시 장안구5,경기도 수원시 장안구 정자동(연꽃사거리 부근),4,4,37.296441,126.995513
2021,자전거,경기도 수원시 장안구6,경기도 수원시 장안구 영화동(영화동21011 부근),4,4,37.292296,127.015610
2021,자전거,경기도 수원시 권선구1,경기도 수원시 권선구 권선동(빛사랑순복음교회 부근),8,8,37.250364,127.017657
2021,자전거,경기도 수원시 권선구2,경기도 수원시 권선구 권선동(매탄권선역사거리 부근),5,5,37.251708,127.042027
2021,자전거,경기도 수원시 권선구3,경기도 수원시 권선구 세류동(수원천교 부근),5,5,37.262963,127.011915
2021,자전거,경기도 수원시 팔달구1,경기도 수원시 팔달구 지동(지동교 부근),4,4,37.277305,127.019062
2021,자전거,경기도 수원시 팔달구2,경기도 수원시 팔달구 우만동(가산골삼거리 부근),4,4,37.275986,127.040726
2021,자전거,경기도 수원시 팔달구3,경기도 수원시 팔달구 장안동(장안문로터리 부근),4,4,37.289448,127.013925
2021,자전거,경기도 수원시 영통구1,경기도 수원시 영통구 이의동(광교중앙로사거리 부근),6,6,37.285517,127.056027
2021,자전거,경기도 수원시 영통구2,경기도 수원시 영통구 매탄동(법원사거리 부근),5,5,37.273432,127.047801
2021,자전거,경기도 성남시 수정구1,경기도 성남시 수정구 복정동(복정동산7112 인근),7,8,37.455076,127.118213
2021,자전거,경기도 성남시 수정구2,경기도 성남시 수정구 심곡동(청기와집 부근),5,6,37.441893,127.118726
2021,자전거,경기도 성남시 중원구1,경기도 성남시 중원구 성남동(모란삼거리 부근),6,6,37.433246,127.129180
2021,자전거,경기도 성남시 분당구1,경기도 성남시 분당구 서현동(분당소방서삼거리 부근),6,6,37.384199,127.116951
2021,자전거,경기도 성남시 분당구2,경기도 성남시 분당구 야탑동(여수천교 부근),5,5,37.414652,127.121181
2021,자전거,경기도 성남시 분당구3,경기도 성남시 분당구 이매동(이매길어린이공원 부근),4,6,37.393505,127.123671
2021,보행어린이,서울특별시 광진구1,서울특별시 광진구 자양동(자양현대아파트 부근),3,3,37.528717,127.082803
2021,보행어린이,서울특별시 강서구1,서울특별시 강서구 마곡동(서울공진초교 부근),3,3,37.558522,126.821864
2021,보행어린이,서울특별시 구로구1,서울특별시 구로구 구로동(애경어린이공원 부근),3,3,37.500117,126.884922
2021,보행어린이,서울특별시 강남구1,서울특별시 강남구 대치동(청실종합상가 부근),4,4,37.493101,127.059528
2021,보행어린이,서울특별시 강동구1,서울특별시 강동구 성내동(둔촌역청구아파트 부근),3,3,37.529526,127.133933
2021,보행어린이,경기도 수원시 장안구1,경기도 수원시 장안구 영화동(영복사거리 부근),3,4,37.287491,127.005482
2021,보행어린이,경기도 수원시 영통구1,경기도 수원시 영통구 매탄동(신매탄사거리 부근),3,3,37.265206,127.040728
2022,스쿨존어린이,서울특별시 성동구1,서울특별시 성동구 옥수동(서울옥정초교 부근),2,2,37.541478,127.016150
2022,스쿨존어린이,서울특별시 강북구1,서울특별시 강북구 수유동(서울수유초교 부근),3,3,37.630457,127.019994
2022,스쿨존어린이,서울특별시 강서구1,서울특별시 강서구 화곡동(서울우장초교 부근),2,2,37.547609,126.845179
2022,스쿨존어린이,서울특별시 구로구1,서울특별시 구로구 고척동(서울덕의초교 부근),2,2,37.506104,126.856508
2022,스쿨존어린이,서울특별시 강남구1,서울특별시 강남구 청담동(서울언북초교 부근),2,2,37.520233,127.045484
2022,스쿨존어린이,경기도 수원시 장안구1,경기도 수원시 장안구 영화동(화홍초교 부근),2,3,37.287786,127.004918
2022,스쿨존어린이,경기도 수원시 장안구2,경기도 수원시 장안구 천천동(천천초교 부근),2,2,37.299857,126.982160
2022,스쿨존어린이,경기도 용인시 기흥구1,경기도 용인시 기흥구 보라동(나산초교 부근),2,2,37.251129,127.109349
2022,보행어린이,서울특별시 광진구1,서울특별시 광진구 중곡동(유마트 부근),3,3,37.554626,127.093678
2022,보행어린이,서울특별시 광진구2,서울특별시 광진구 광장동(올림픽대교북단교차로 부근),3,3,37.541178,127.097076
2022,보행어린이,서울특별시 서대문구1,서울특별시 서대문구 연희동(서울연희초교 부근),3,3,37.569556,126.933214
2022,보행어린이,서울특별시 양천구1,서울특별시 양천구 목동(등촌2동주민센터 부근),3,3,37.543280,126.863188
2022,보행어린이,서울특별시 구로구1,서울특별시 구로구 구로동(서울신구로초교 부근),3,3,37.500025,126.889982
2022,보행어린이,서울특별시 구로구2,서울특별시 구로구 구로동(남구로역 부근),3,3,37.485469,126.886433
2022,보행어린이,서울특별시 관악구1,서울특별시 관악구 봉천동(서울온촌초교 부근),3,3,37.487654,126.945529
2022,보행어린이,서울특별시 강남구1,서울특별시 강남구 대치동(YH과학학원 부근),5,5,37.500710,127.057606
2022,보행어린이,서울특별시 강남구2,서울특별시 강남구 대치동(서울도곡초교 부근),4,4,37.499348,127.052523
2022,보행어린이,서울특별시 강남구3,서울특별시 강남구 청담동(서울언북초교 부근),3,3,37.519586,127.046110
2022,보행어린이,서울특별시 강남구4,서울특별시 강남구 세곡동(세곡푸르지오 앞 교차로 부근),2,2,37.467236,127.095992
2022,보행어린이,경기도 수원시 장안구1,경기도 수원시 장안구 영화동(화홍초교 부근),3,4,37.287731,127.004749
2022,보행어린이,경기도 성남시 수정구1,경기도 성남시 수정구 수진동(탄리사거리 부근),3,3,37.441687,127.136374
2022,보행어린이,경기도 성남시 분당구1,경기도 성남시 분당구 서현동(분당초교 부근),3,3,37.378357,127.132042
2022,보행어린이,경기도 용인시 수지구1,경기도 용인시 수지구 성복동(성복동주민센터 부근),3,3,37.316068,127.069125
2022,자전거,서울특별시 종로구1,서울특별시 종로구 종로5가(종로5가사거리 부근),4,5,37.570516,127.002215
2022,자전거,서울특별시 성동구1,서울특별시 성동구 사근동(응답역 부근),5,5,37.562323,127.049485
2022,자전거,서울특별시 성동구2,서울특별시 성동구 성수동2가(옥수자전거 부근),4,4,37.537193,127.054051
2022,자전거,서울특별시 성동구3,서울특별시 성동구 성수동1가(용비교 부근),4,5,37.546025,127.030565
2022,자전거,서울특별시 성동구4,서울특별시 성동구 성수동2가(성수2가1동주민센터 부근),4,5,37.539356,127.054038
2022,자전거,서울특별시 성동구5,서울특별시 성동구 하왕십리동(상왕십리역 부근),4,4,37.564677,127.029090
2022,자전거,서울특별시 광진구1,서울특별시 광진구 자양동(자양동56-8 부근),4,4,37.535876,127.063567
2022,자전거,서울특별시 동대문구1,서울특별시 동대문구 장안동(장안동사거리 부근),6,6,37.572410,127.071507
2022,자전거,서울특별시 동대문구2,서울특별시 동대문구 답십리동(청계지웰에스테이트 부근),4,4,37.570703,127.048756
2022,자전거,서울특별시 동대문구3,서울특별시 동대문구 답십리동(천주교답십리성당 부근),4,4,37.567759,127.056926
2022,자전거,서울특별시 동대문구4,서울특별시 동대문구 제기동(제기동역앞교차로 부근),4,4,37.577679,127.034784
2022,자전거,서울특별시 동대문구5,서울특별시 동대문구 휘경동(회기역 부근),4,5,37.589660,127.056457
2022,자전거,서울특별시 동대문구6,서울특별시 동대문구 장안동(장한로13길 부근),4,5,37.566718,127.067803
2022,자전거,서울특별시 동대문구7,서울특별시 동대문구 장안동(sk군자동주유소 부근),4,5,37.561040,127.067836
2022,자전거,서울특별시 동대문구8,서울특별시 동대문구 용두동(서울시설공단사거리 부근),4,4,37.572554,127.037873
2022,자전거,서울특별시 중랑구1,서울특별시 중랑구 중화동(중화역교차로 부근),5,6,37.601640,127.078817
2022,자전거,서울특별시 중랑구2,서울특별시 중랑구 면목동(장안교사거리 부근),5,5,37.581362,127.079610
2022,자전거,서울특별시 중랑구3,서울특별시 중랑구 상봉동(동일로지하차도사거리 부근),5,5,37.594962,127.080668
2022,자전거,서울특별시 중랑구4,서울특별시 중랑구 상봉동(망우역사거리 부근),5,5,37.598444,127.092768
2022,자전거,서울특별시 중랑구5,서울특별시 중랑구 면목동(면목역 부근),5,5,37.588420,127.087386
2022,자전거,서울특별시 중랑구6,서울특별시 중랑구 면목동(중랑천 자전거도로 부근),4,6,37.576493,127.078958
2022,자전거,서울특별시 중랑구7,서울특별시 중랑구 상봉동(상봉삼거리 부근),4,5,37.595715,127.085647
2022,자전거,서울특별시 중랑구8,서울특별시 중랑구 면목동(면목2동사거리 부근),4,5,37.587047,127.081277
2022,자전거,서울특별시 중랑구9,서울특별시 중랑구 상봉동(상봉파출소 부근),3,3,37.591612,127.072417
2022,자전거,서울특별시 강북구1,서울특별시 강북구 수유동(강북구청사거리 부근),6,6,37.639839,127.026575
2022,자전거,서울특별시 강북구2,서울특별시 강북구 수유동(흰구름어린이공원 부근),4,4,37.645225,127.021100
2022,자전거,서울특별시 강북구3,서울특별시 강북구 미아동(삼양입구사거리 부근),4,4,37.615787,127.030127
2022,자전거,서울특별시 강북구4,서울특별시 강북구 수유동(원남빌딩 부근),4,4,37.643339,127.022813
2022,자전거,서울특별시 도봉구1,서울특별시 도봉구 창동(덕릉로63가길 부근),4,4,37.642039,127.035743
2022,자전거,서울특별시 노원구1,서울특별시 노원구 중계동(은행사거리 부근),4,4,37.650570,127.075140
2022,자전거,서울특별시 노원구2,서울특별시 노원구 상계동(상계초교입구교차로 부근),4,4,37.656774,127.066487
2022,자전거,서울특별시 노원구3,서울특별시 노원구 상계동(노원역7번출구 부근),4,4,37.654300,127.060154
2022,자전거,서울특별시 노원구4,서울특별시 노원구 상계동(kt노원빌딩 부근),4,5,37.655393,127.063208
2022,자전거,서울특별시 은평구1,서울특별시 은평구 갈현동(세광교회 부근),4,4,37.614721,126.912861
2022,자전거,서울특별시 은평구2,서울특별시 은평구 갈현동(연신내역 부근),4,4,37.618809,126.919288
2022,자전거,서울특별시 서대문구1,서울특별시 서대문구 북가좌동(북가좌초교사거리 부근),4,4,37.577935,126.910432
2022,자전거,서울특별시 마포구1,서울특별시 마포구 망원동(망원성원APT 부근),4,4,37.556524,126.900751
2022,자전거,서울특별시 마포구2,서울특별시 마포구 동교동(동교동삼거리 부근),3,3,37.558270,126.925532
2022,자전거,서울특별시 양천구1,서울특별시 양천구 신정동(양천구청 부근),5,5,37.516835,126.867664
2022,자전거,서울특별시 양천구2,서울특별시 양천구 신정동(신정네거리역앞교차로 부근),4,5,37.521654,126.851802
2022,자전거,서울특별시 강서구1,서울특별시 강서구 내발산동(발산역사거리 부근),5,6,37.558624,126.838235
2022,자전거,서울특별시 강서구2,서울특별시 강서구 내발산동(수명산파크2단지교차로 부근),5,5,37.555584,126.826714
2022,자전거,서울특별시 강서구3,서울특별시 강서구 내발산동(명덕고교입구교차로 부근),4,4,37.553745,126.836241
2022,자전거,서울특별시 강서구4,서울특별시 강서구 염창동(한강남자전거길886 부근),4,4,37.554844,126.875382
2022,자전거,서울특별시 강서구5,서울특별시 강서구 화곡동(홍익병원앞교차로 부근),4,4,37.530375,126.864290
2022,자전거,서울특별시 강서구6,서울특별시 강서구 마곡동(마곡동773-3 부근),4,4,37.559934,126.830751
2022,자전거,서울특별시 강서구7,서울특별시 강서구 화곡동(우리전기 부근),3,3,37.546445,126.836305
2022,자전거,서울특별시 구로구1,서울특별시 구로구 구로동(디지털단지입구교차로 부근),5,5,37.482987,126.900464
2022,자전거,서울특별시 구로구2,서울특별시 구로구 구로동(오금교사거리 부근),4,5,37.507175,126.874670
2022,자전거,서울특별시 구로구3,서울특별시 구로구 구로동(구토리공원 앞도로 부근),4,4,37.491312,126.892109
2022,자전거,서울특별시 구로구4,서울특별시 구로구 구로동(태영아파트 앞 부근),4,4,37.505092,126.889961
2022,자전거,서울특별시 구로구5,서울특별시 구로구 오류동(경인로228 부근),3,3,37.496746,126.846248
2022,자전거,서울특별시 영등포구1,서울특별시 영등포구 영등포동4가(영등포시장사거리 부근),5,5,37.520621,126.904244
2022,자전거,서울특별시 영등포구2,서울특별시 영등포구 대림동(성락빌딩앞사거리 부근),4,4,37.502442,126.900504
2022,자전거,서울특별시 영등포구3,서울특별시 영등포구 영등포동7가(여의2교 교차로 부근),4,4,37.525745,126.910164
2022,자전거,서울특별시 영등포구4,서울특별시 영등포구 당산동(당산동95-1 부근),4,6,37.537075,126.904641
2022,자전거,서울특별시 영등포구5,서울특별시 영등포구 당산동(양화대교남단 부근),4,4,37.539482,126.899529
2022,자전거,서울특별시 영등포구6,서울특별시 영등포구 문래동5가(안양천 자전거도로 부근),4,4,37.518299,126.881706
2022,자전거,서울특별시 영등포구7,서울특별시 영등포구 당산동4가(영등포구청앞 교차로 부근),4,5,37.528384,126.897241
2022,자전거,서울특별시 영등포구8,서울특별시 영등포구 문래동5가(신정교 밑 자전걸도로 부근),4,4,37.516253,126.881728
2022,자전거,서울특별시 동작구1,서울특별시 동작구 사당동(이수역앞교차로 부근),6,6,37.485190,126.981871
2022,자전거,서울특별시 동작구2,서울특별시 동작구 노량진동(노량진119안전센터 부근),5,6,37.513717,126.946032
2022,자전거,서울특별시 동작구3,서울특별시 동작구 본동(한강대교남단교차로 부근),5,5,37.513796,126.955746
2022,자전거,서울특별시 동작구4,서울특별시 동작구 신대방동(보라매삼성쉐르빌 부근),4,4,37.491200,126.923671
2022,자전거,서울특별시 동작구5,서울특별시 동작구 흑석동(흑석초 아래 자전거도로 부근),4,5,37.509243,126.965283
2022,자전거,서울특별시 동작구6,서울특별시 동작구 노량진동(노량진동114-5 부근),4,4,37.513497,126.943752
2022,자전거,서울특별시 강남구1,서울특별시 강남구 압구정동(동호대교 밑 자전거도로 부근),4,6,37.531937,127.023863
2022,자전거,서울특별시 송파구1,서울특별시 송파구 방이동(올림픽공원사거리 부근),7,7,37.511910,127.127653
2022,자전거,서울특별시 송파구2,서울특별시 송파구 가락동(광평교 부근),5,5,37.489255,127.108972
2022,자전거,서울특별시 송파구3,서울특별시 송파구 잠실동(잠실역사거리 부근),5,5,37.513361,127.099897
2022,자전거,서울특별시 송파구4,서울특별시 송파구 문정동(3기동단 앞 사거리 부근),5,6,37.479961,127.117961
2022,자전거,서울특별시 송파구5,서울특별시 송파구 풍납동(올림픽대교남단사거리 부근),5,5,37.526110,127.117879
2022,자전거,서울특별시 송파구6,서울특별시 송파구 풍납동(신천동257-1 부근),4,6,37.524928,127.102675
2022,자전거,서울특별시 송파구7,서울특별시 송파구 문정동(가락시장역앞교차로 부근),4,4,37.492529,127.118118
2022,자전거,서울특별시 송파구8,서울특별시 송파구 삼전동(레이크팰리스남1문 부근),4,5,37.507317,127.092585
2022,자전거,서울특별시 송파구9,서울특별시 송파구 가락동(신가초교앞사거리 부근),4,5,37.499829,127.117741
2022,자전거,서울특별시 송파구10,서울특별시 송파구 석촌동(미광빌딩 부근),4,4,37.502471,127.099060
2022,자전거,서울특별시 송파구11,서울특별시 송파구 잠실동(GS25한강잠실2호점 부근),4,5,37.518933,127.089467
2022,자전거,서울특별시 송파구12,서울특별시 송파구 거여동(거여역교차로 부근),4,4,37.493422,127.144245
2022,자전거,서울특별시 송파구13,서울특별시 송파구 풍납동(강동성내역세권청년주택 부근),4,4,37.535537,127.121974
2022,자전거,서울특별시 강동구1,서울특별시 강동구 성내동(둔촌사거리 부근),4,5,37.521242,127.133589
2022,자전거,서울특별시 강동구2,서울특별시 강동구 둔촌동(천호대로1168 부근),4,4,37.533163,127.141340
2022,자전거,서울특별시 강동구3,서울특별시 강동구 강일동(리버파크6단지 부근),4,4,37.564359,127.175500
2022,자전거,서울특별시 강동구4,서울특별시 강동구 성내동(파리바게뜨 올림픽북문점 부근),4,4,37.524743,127.129158
2022,자전거,경기도 수원시 장안구1,경기도 수원시 장안구 영화동(화홍초교 부근),4,5,37.287677,127.004761
2022,자전거,경기도 수원시 권선구1,경기도 수원시 권선구 세류동(칠갑산마트 부근),5,5,37.252826,127.012770
2022,자전거,경기도 수원시 권선구2,경기도 수원시 권선구 금곡동(홈플러스 서수원점 부근),4,4,37.274751,126.955441
2022,자전거,경기도 수원시 팔달구1,경기도 수원시 팔달구 매교동(교동사거리 부근),5,5,37.272098,127.016577
2022,자전거,경기도 수원시 팔달구2,경기도 수원시 팔달구 화서동(화서문지구대 부근),4,4,37.286816,126.992921
2022,자전거,경기도 성남시 중원구1,경기도 성남시 중원구 성남동(모란사거리 부근),7,7,37.433344,127.128931
2022,자전거,경기도 성남시 분당구1,경기도 성남시 분당구 야탑동(야탑교 부근),4,5,37.408182,127.124648
2022,보행노인,서울특별시 종로구1,서울특별시 종로구 숭인동(동묘앞역 1호선 부근),5,5,37.572925,127.016887
2022,보행노인,서울특별시 중구1,서울특별시 중구 신당동(약수역 6호선 부근),6,6,37.553391,127.011046
2022,보행노인,서울특별시 중구2,서울특별시 중구 신당동(신당역 2호선 부근),6,6,37.565875,127.018874
2022,보행노인,서울특별시 용산구1,서울특별시 용산구 보광동(보광동주민센터 부근),5,5,37.526244,127.000708
2022,보행노인,서울특별시 성동구1,서울특별시 성동구 행당동(무학여고앞교차로 부근),5,5,37.557906,127.033934
2022,보행노인,서울특별시 성동구2,서울특별시 성동구 금호동4가(금남시장교차로 부근),5,5,37.548075,127.022505
2022,보행노인,서울특별시 동대문구1,서울특별시 동대문구 용두동(시립동부병원앞교차로 부근),5,5,37.573143,127.030820
2022,보행노인,서울특별시 동대문구2,서울특별시 동대문구 제기동(경동시장사거리 부근),12,12,37.578376,127.039054
2022,보행노인,서울특별시 동대문구3,서울특별시 동대문구 제기동(성바오로병원교차로 부근),8,8,37.579194,127.042730
2022,보행노인,서울특별시 동대문구4,서울특별시 동대문구 제기동(청량리농수산물시장 부근),6,6,37.580284,127.040878
2022,보행노인,서울특별시 동대문구5,서울특별시 동대문구 제기동(제기동역 1호선 부근),5,5,37.578425,127.034173
2022,보행노인,서울특별시 동대문구6,서울특별시 동대문구 제기동(청량 종합도매시장 부근),5,5,37.582375,127.040417
2022,보행노인,서울특별시 동대문구7,서울특별시 동대문구 청량리동(청량리역교차로 부근),5,5,37.580661,127.044913
2022,보행노인,서울특별시 중랑구1,서울특별시 중랑구 망우동(유디치과의원 상봉점 부근),7,7,37.598086,127.094849
2022,보행노인,서울특별시 중랑구2,서울특별시 중랑구 망우동(망우역교차로 부근),5,5,37.598541,127.092071
2022,보행노인,서울특별시 중랑구3,서울특별시 중랑구 면목동(상봉파출소 부근),5,5,37.590977,127.072671
2022,보행노인,서울특별시 중랑구4,서울특별시 중랑구 면목동(진리등대교회 부근),5,5,37.579297,127.086819
2022,보행노인,서울특별시 중랑구5,서울특별시 중랑구 망우동(러스크서울병원 부근),5,5,37.600116,127.104756
2022,보행노인,서울특별시 성북구1,서울특별시 성북구 동선동1가(태극당빌딩 부근),6,6,37.593715,127.018230
2022,보행노인,서울특별시 성북구2,서울특별시 성북구 삼선동5가(성북경찰서앞교차로 부근),5,6,37.590554,127.015544
2022,보행노인,서울특별시 성북구3,서울특별시 성북구 정릉동(정릉아산내과의원 부근),5,5,37.607756,127.009988
2022,보행노인,서울특별시 강북구1,서울특별시 강북구 미아동(미아역교차로 부근),7,7,37.625611,127.026685
2022,보행노인,서울특별시 강북구2,서울특별시 강북구 번동(구립번1동어린이집 부근),5,5,37.641604,127.029540
2022,보행노인,서울특별시 강북구3,서울특별시 강북구 번동(수유역교차로 부근),5,5,37.638076,127.026457
2022,보행노인,서울특별시 강북구4,서울특별시 강북구 미아동(미아사거리역 4호선 부근),5,5,37.613863,127.030219
2022,보행노인,서울특별시 도봉구1,서울특별시 도봉구 방학동(방학역교차로 부근),6,7,37.666505,127.043754
2022,보행노인,서울특별시 도봉구2,서울특별시 도봉구 쌍문동(쌍문2동주민센터 부근),5,5,37.657773,127.039072
2022,보행노인,서울특별시 노원구1,서울특별시 노원구 상계동(상계역 4호선 부근),5,6,37.660328,127.074426
2022,보행노인,서울특별시 노원구2,서울특별시 노원구 상계동(당고개입구오거리 부근),5,5,37.663038,127.075744
2022,보행노인,서울특별시 노원구3,서울특별시 노원구 상계동(수락산역교차로 부근),5,5,37.677786,127.054475
2022,보행노인,서울특별시 은평구1,서울특별시 은평구 신사동(신사1동주민센터 부근),6,6,37.598374,126.912548
2022,보행노인,서울특별시 은평구2,서울특별시 은평구 녹번동(연세에덴요양병원 부근),5,5,37.606780,126.933056
2022,보행노인,서울특별시 은평구3,서울특별시 은평구 응암동(샘물성결교회 부근),5,5,37.588471,126.918212
2022,보행노인,서울특별시 은평구4,서울특별시 은평구 대조동(불광역교차로 부근),5,5,37.611523,126.928816
2022,보행노인,서울특별시 은평구5,서울특별시 은평구 갈현동(연서교회 부근),5,5,37.623398,126.918527
2022,보행노인,서울특별시 은평구6,서울특별시 은평구 불광동(최태식치과의원 부근),5,5,37.620188,126.924676
2022,보행노인,서울특별시 은평구7,서울특별시 은평구 불광1동(서울불광초등학교 부근),5,5,37.613289,126.932217
2022,보행노인,서울특별시 서대문구1,서울특별시 서대문구 홍제동(홍제역 3호선 부근),5,5,37.588337,126.945100
2022,보행노인,서울특별시 서대문구2,서울특별시 서대문구 홍은동(홍은사거리 부근),5,5,37.590994,126.940879
2022,보행노인,서울특별시 마포구1,서울특별시 마포구 도화동(도화동주민센터 강당 부근),5,5,37.541750,126.950607
2022,보행노인,서울특별시 양천구1,서울특별시 양천구 신월동(성실교회 부근),5,5,37.522328,126.843221
2022,보행노인,서울특별시 양천구2,서울특별시 양천구 목동(대명교회 부근),5,5,37.547155,126.871272
2022,보행노인,서울특별시 양천구3,서울특별시 양천구 신정동(신정119안전센터 부근),5,5,37.522445,126.850911
2022,보행노인,서울특별시 양천구4,서울특별시 양천구 신월동(임마누엘 선교비전센터 부근),5,5,37.516015,126.836134
2022,보행노인,서울특별시 강서구1,서울특별시 강서구 화곡동(순복음나눔의교회 부근),6,6,37.534235,126.847438
2022,보행노인,서울특별시 강서구2,서울특별시 강서구 화곡동(홍익병원앞교차로 부근),5,5,37.529887,126.863914
2022,보행노인,서울특별시 구로구1,서울특별시 구로구 오류동(예쁜별어린이집 부근),5,5,37.492522,126.842869
2022,보행노인,서울특별시 구로구2,서울특별시 구로구 오류동(오류동삼거리 부근),6,6,37.495016,126.840777
2022,보행노인,서울특별시 금천구1,서울특별시 금천구 시흥동(시흥사거리 부근),8,8,37.454961,126.900703
2022,보행노인,서울특별시 금천구2,서울특별시 금천구 독산동(신광교회 부근),5,5,37.473019,126.894768
2022,보행노인,서울특별시 영등포구1,서울특별시 영등포구 영등포동4가(영등포역교차로 부근),6,6,37.516109,126.906288
2022,보행노인,서울특별시 영등포구2,서울특별시 영등포구 영등포동2가(영등포전통시장 부근),5,6,37.519988,126.907810
2022,보행노인,서울특별시 동작구1,서울특별시 동작구 상도동(행복한어린이집 부근),6,7,37.499952,126.932655
2022,보행노인,서울특별시 동작구2,서울특별시 동작구 흑석동(드림가정의학과 부근),6,6,37.506844,126.961764
2022,보행노인,서울특별시 관악구1,서울특별시 관악구 신원동(진승재치과의원 부근),5,5,37.484139,126.926114
2022,보행노인,서울특별시 관악구2,서울특별시 관악구 봉천동(한국방주교회 부근),6,6,37.481717,126.945592
2022,보행노인,서울특별시 관악구3,서울특별시 관악구 신림동(항외과의원 부근),5,5,37.484898,126.903333
2022,보행노인,서울특별시 송파구1,서울특별시 송파구 거여2동(거성교회 부근),5,5,37.492103,127.144670
2022,보행노인,경기도 수원시 장안구1,경기도 수원시 장안구 영화동(애플트리어린이집 부근),5,5,37.292333,127.010201
2022,보행노인,경기도 수원시 권선구1,경기도 수원시 권선구 세류동(금호어울림어린이집 부근),5,5,37.259688,127.009963
2022,보행노인,경기도 수원시 팔달구1,경기도 수원시 팔달구 팔달로3가(남문패션1번가시장 부근),5,5,37.275565,127.018444
2022,보행노인,경기도 성남시 수정구1,경기도 성남시 수정구 태평동(중앙시장사거리 부근),5,5,37.440677,127.131913
2022,보행노인,경기도 성남시 중원구1,경기도 성남시 중원구 성남동(모란삼거리 부근),6,6,37.433063,127.128277
2022,보행노인,경기도 성남시 중원구2,경기도 성남시 중원구 성남동(성남시 전북도민회관 부근),5,5,37.430636,127.128408
2022,보행노인,경기도 성남시 중원구3,경기도 성남시 중원구 금광동(단대오거리 부근),5,5,37.444923,127.157525
2023,스쿨존어린이,서울특별시 중랑구1,서울특별시 중랑구 망우동(서울망우초교 부근),2,2,37.598718,127.103212
2023,스쿨존어린이,서울특별시 양천구1,서울특별시 양천구 신정동(서울신목초교 부근),2,2,37.516974,126.871482
2023,스쿨존어린이,서울특별시 구로구1,서울특별시 구로구 오류동(서울오류남초교 부근),2,2,37.490269,126.840406
2023,스쿨존어린이,서울특별시 영등포구1,서울특별시 영등포구 신길동(서울대영초교 부근),2,2,37.502640,126.906759
2023,스쿨존어린이,서울특별시 강남구1,서울특별시 강남구 도곡동(서울대도초교 부근),2,2,37.494746,127.053681
2023,스쿨존어린이,서울특별시 송파구1,서울특별시 송파구 신천동(서울잠실초교 부근),2,2,37.520572,127.112996
2023,스쿨존어린이,경기도 수원시 권선구1,경기도 수원시 권선구 호매실동(호매실초교 부근),2,2,37.266377,126.957385
2023,보행어린이,서울특별시 중랑구1,서울특별시 중랑구 망우동(서울망우초등학교 부근),3,3,37.598911,127.102837
2023,보행어린이,서울특별시 은평구1,서울특별시 은평구 응암동(서울은명초등학교 부근),4,4,37.596446,126.918974
2023,보행어린이,서울특별시 서대문구1,서울특별시 서대문구 북가좌동(북가좌초교사거리 부근),3,3,37.578108,126.910367
2023,보행어린이,서울특별시 강서구1,서울특별시 강서구 화곡동(서울화곡초등학교 부근),4,4,37.543266,126.846431
2023,보행어린이,서울특별시 강서구2,서울특별시 강서구 화곡동(우장산역교차로 부근),4,4,37.547786,126.834420
2023,보행어린이,서울특별시 구로구1,서울특별시 구로구 개봉동(개봉2동주민센터 부근),5,5,37.490209,126.856016
2023,보행어린이,서울특별시 강남구1,서울특별시 강남구 도곡동(한티역교차로 부근),6,6,37.497488,127.052893
2023,보행어린이,경기도 성남시 수정구1,경기도 성남시 수정구 수진동(사랑어린이집 부근),4,5,37.440088,127.132176
2023,보행어린이,경기도 용인시 수지구1,경기도 용인시 수지구 죽전동(죽전중고교앞사거리 부근),3,4,37.333812,127.108730
2023,보행노인,서울특별시 중구1,서울특별시 중구 신당동(신당역 2호선 부근),5,5,37.565898,127.018885
2023,보행노인,서울특별시 중구2,서울특별시 중구 신당동(신평화패션타운 부근),5,5,37.569033,127.012021
2023,보행노인,서울특별시 동대문구1,서울특별시 동대문구 제기동(경동시장사거리 부근),10,10,37.578173,127.038721
2023,보행노인,서울특별시 동대문구2,서울특별시 동대문구 제기동(청량리종합시장 부근),10,10,37.579490,127.040390
2023,보행노인,서울특별시 동대문구3,서울특별시 동대문구 제기동(청량리청과물시장 부근),8,8,37.579194,127.042730
2023,보행노인,서울특별시 동대문구4,서울특별시 동대문구 청량리동(청량리역교차로 부근),6,6,37.580771,127.044473
2023,보행노인,서울특별시 동대문구5,서울특별시 동대문구 제기동(제기동역 1호선 부근),5,5,37.578425,127.034173
2023,보행노인,서울특별시 동대문구6,서울특별시 동대문구 회기동(회기역앞교차로 부근),5,5,37.589545,127.055310
2023,보행노인,서울특별시 중랑구1,서울특별시 중랑구 망우동(망우사거리 부근),5,5,37.599715,127.099444
2023,보행노인,서울특별시 중랑구2,서울특별시 중랑구 면목동(겸재삼거리 부근),5,5,37.589802,127.097509
2023,보행노인,서울특별시 중랑구3,서울특별시 중랑구 면목동(로데오약국 부근),5,5,37.581936,127.088586
2023,보행노인,서울특별시 중랑구4,서울특별시 중랑구 면목동(면목시장 부근),5,5,37.579202,127.086803
2023,보행노인,서울특별시 중랑구5,서울특별시 중랑구 면목동(예아랑어린이집 부근),5,5,37.576475,127.084920
2023,보행노인,서울특별시 중랑구6,서울특별시 중랑구 상봉동(상봉역 7호선 부근),5,5,37.595288,127.085898
2023,보행노인,서울특별시 중랑구7,서울특별시 중랑구 상봉동(자연약국 부근),5,5,37.598148,127.094588
2023,보행노인,서울특별시 성북구1,서울특별시 성북구 동선동4가(새성신약국 부근),5,5,37.593715,127.018230
2023,보행노인,서울특별시 성북구2,서울특별시 성북구 동소문동5가(성북구청입구교차로 부근),5,5,37.591871,127.012613
2023,보행노인,서울특별시 성북구3,서울특별시 성북구 종암동(종암중앙어린이집 부근),5,5,37.598087,127.033896
2023,보행노인,서울특별시 강북구1,서울특별시 강북구 미아동(송중동주민센터 부근),7,7,37.615613,127.033941
2023,보행노인,서울특별시 강북구2,서울특별시 강북구 미아동(미아사거리역 4호선 부근),6,6,37.613680,127.029916
2023,보행노인,서울특별시 강북구3,서울특별시 강북구 번동(수유역교차로 부근),6,6,37.638251,127.026166
2023,보행노인,서울특별시 강북구4,서울특별시 강북구 미아동(미아역교차로 부근),5,5,37.625606,127.026672
2023,보행노인,서울특별시 강북구5,서울특별시 강북구 번동(구립번1동어린이집 부근),5,5,37.641354,127.029258
2023,보행노인,서울특별시 노원구1,서울특별시 노원구 중계동(상계1번약국 부근),5,6,37.660283,127.074415
2023,보행노인,서울특별시 은평구1,서울특별시 은평구 불광동(연신종로약국 부근),6,6,37.620663,126.924782
2023,보행노인,서울특별시 은평구2,서울특별시 은평구 응암동(응암오거리 부근),6,7,37.589888,126.918000
2023,보행노인,서울특별시 은평구3,서울특별시 은평구 갈현동(푸른솔약국 부근),5,5,37.623495,126.918090
2023,보행노인,서울특별시 은평구4,서울특별시 은평구 불광동(서울불광초등학교 부근),5,5,37.613289,126.932217
2023,보행노인,서울특별시 은평구5,서울특별시 은평구 응암동(사랑이어린이집 부근),5,5,37.592453,126.917708
2023,보행노인,서울특별시 서대문구1,서울특별시 서대문구 홍은동(홍은사거리 부근),7,7,37.591110,126.941083
2023,보행노인,서울특별시 서대문구2,서울특별시 서대문구 남가좌동(남가좌2동주민센터 부근),6,6,37.579028,126.924670
2023,보행노인,서울특별시 마포구1,서울특별시 마포구 도화동(아카데미약국 부근),6,6,37.540369,126.948159
2023,보행노인,서울특별시 양천구1,서울특별시 양천구 목동(홍익병원앞교차로 부근),5,5,37.529742,126.863933
2023,보행노인,서울특별시 양천구2,서울특별시 양천구 신월동(한겨레식당 부근),5,5,37.516015,126.836134
2023,보행노인,서울특별시 양천구3,서울특별시 양천구 신월동(신월1동주민센터 부근),5,5,37.532837,126.832256
2023,보행노인,서울특별시 양천구4,서울특별시 양천구 신정동(선약국 부근),5,5,37.523090,126.850728
2023,보행노인,서울특별시 양천구5,서울특별시 양천구 신정동(프라자약국 부근),5,5,37.520419,126.859258
2023,보행노인,서울특별시 강서구1,서울특별시 강서구 화곡동(까치산메가약국 부근),5,5,37.534300,126.847828
2023,보행노인,서울특별시 강서구2,서울특별시 강서구 화곡동(우장산역교차로 부근),5,5,37.548474,126.836050
2023,보행노인,서울특별시 강서구3,서울특별시 강서구 화곡동(한나어린이집 부근),5,5,37.532657,126.860479
2023,보행노인,서울특별시 구로구1,서울특별시 구로구 오류동(오류동삼거리 부근),7,7,37.495016,126.840777
2023,보행노인,서울특별시 구로구2,서울특별시 구로구 구로동(구로4동주민센터 부근),5,5,37.491079,126.889617
2023,보행노인,서울특별시 구로구3,서울특별시 구로구 오류동(예쁜별어린이집 부근),5,5,37.492522,126.842869
2023,보행노인,서울특별시 금천구1,서울특별시 금천구 시흥동(시흥사거리 부근),7,7,37.454950,126.900925
2023,보행노인,서울특별시 금천구2,서울특별시 금천구 독산동(제주목장 부근),5,5,37.473366,126.894601
2023,보행노인,서울특별시 금천구3,서울특별시 금천구 시흥동(시흥5동주민센터 부근),5,5,37.450955,126.908698
2023,보행노인,서울특별시 영등포구1,서울특별시 영등포구 영등포동4가(영등포역교차로 부근),6,6,37.516109,126.906288
2023,보행노인,서울특별시 영등포구2,서울특별시 영등포구 신길동(대신시장 부근),5,5,37.511587,126.917738
2023,보행노인,서울특별시 영등포구3,서울특별시 영등포구 신길동(심양김가네불고기 부근),5,5,37.510917,126.913529
2023,보행노인,서울특별시 동작구1,서울특별시 동작구 상도동(상도3동주민센터 부근),8,9,37.499831,126.932072
2023,보행노인,서울특별시 동작구2,서울특별시 동작구 흑석동(흑석시장 부근),7,7,37.507210,126.961841
2023,보행노인,서울특별시 동작구3,서울특별시 동작구 사당동(광주약국 부근),5,5,37.487967,126.981506
2023,보행노인,서울특별시 관악구1,서울특별시 관악구 봉천동(봉천제일종합시장 부근),5,5,37.481853,126.944148
2023,보행노인,서울특별시 관악구2,서울특별시 관악구 신림동(신원약국 부근),5,5,37.484139,126.926115
2023,보행노인,서울특별시 송파구1,서울특별시 송파구 마천동(마천2동주민센터 부근),5,5,37.496889,127.149240
2023,보행노인,서울특별시 강동구1,서울특별시 강동구 둔촌동(둔촌2동주민센터 부근),5,5,37.533964,127.142157
2023,보행노인,서울특별시 강동구2,서울특별시 강동구 암사동(구립가람슬기어린이집 부근),5,5,37.549945,127.130325
2023,보행노인,서울특별시 강동구3,서울특별시 강동구 천호동(강동역 5호선 부근),5,5,37.535635,127.132560
2023,보행노인,경기도 수원시 팔달구1,경기도 수원시 팔달구 지동(영동사거리 부근),5,5,37.275204,127.019478
2023,보행노인,경기도 성남시 수정구1,경기도 성남시 수정구 신흥동(신흥종로약국 부근),5,5,37.440349,127.144101
2023,보행노인,경기도 성남시 수정구2,경기도 성남시 수정구 태평동(중앙시장사거리 부근),5,5,37.440677,127.131913
2023,보행노인,경기도 성남시 중원구1,경기도 성남시 중원구 성남동(모란시장사거리 부근),5,6,37.430599,127.128719
2023,보행노인,경기도 성남시 중원구2,경기도 성남시 중원구 성남동(모란삼거리 부근),5,5,37.433055,127.128351
2023,자전거,서울특별시 용산구1,서울특별시 용산구 이촌동(376 부근),4,4,37.521345,126.960597
2023,자전거,서울특별시 성동구1,서울특별시 성동구 홍익동(청계9가교차로 부근),4,5,37.569491,127.030322
2023,자전거,서울특별시 성동구2,서울특별시 성동구 성수동1가(경동초등학교입구교차로 부근),4,4,37.546301,127.049465
2023,자전거,서울특별시 동대문구1,서울특별시 동대문구 청량리동(청량리역교차로 부근),6,6,37.580570,127.045216
2023,자전거,서울특별시 동대문구2,서울특별시 동대문구 답십리동(밍글베이커리 부근),6,6,37.573111,127.050866
2023,자전거,서울특별시 동대문구3,서울특별시 동대문구 용두동(화원 부근),5,7,37.570630,127.032668
2023,자전거,서울특별시 동대문구4,서울특별시 동대문구 장안동(새일문유치원 부근),5,5,37.575477,127.071952
2023,자전거,서울특별시 동대문구5,서울특별시 동대문구 용두동(동대문구청교차로 부근),5,5,37.573988,127.038249
2023,자전거,서울특별시 동대문구6,서울특별시 동대문구 장안동(중경당약국 부근),5,5,37.565716,127.068628
2023,자전거,서울특별시 동대문구7,서울특별시 동대문구 장안동(배봉초교교차로 부근),4,4,37.578436,127.069134
2023,자전거,서울특별시 동대문구8,서울특별시 동대문구 장안동(한림약국 부근),4,4,37.569261,127.069238
2023,자전거,서울특별시 동대문구9,서울특별시 동대문구 제기동(청량 종합도매시장 부근),4,4,37.581763,127.039566
2023,자전거,서울특별시 동대문구10,서울특별시 동대문구 용두동(용두동사거리 부근),4,4,37.578039,127.030076
2023,자전거,서울특별시 동대문구11,서울특별시 동대문구 장안동(동대문부대찌개 부근),4,4,37.564165,127.059685
2023,자전거,서울특별시 동대문구12,서울특별시 동대문구 제기동(청량리청과물시장 부근),3,3,37.578999,127.042675
2023,자전거,서울특별시 중랑구1,서울특별시 중랑구 상봉동(동부시장교차로 부근),6,6,37.593963,127.076900
2023,자전거,서울특별시 중랑구2,서울특별시 중랑구 중화동(중화역교차로 부근),5,6,37.601703,127.078743
2023,자전거,서울특별시 중랑구3,서울특별시 중랑구 중화동(기영이숯불두마리치킨 중랑중화점 부근),5,6,37.592574,127.070596
2023,자전거,서울특별시 중랑구4,서울특별시 중랑구 면목동(중랑천제방산책로 부근),4,7,37.575334,127.077413
2023,자전거,서울특별시 중랑구5,서울특별시 중랑구 상봉동(동일로지하차도 부근),4,4,37.594840,127.081184
2023,자전거,서울특별시 중랑구6,서울특별시 중랑구 중화동(한내들어린이집 부근),3,3,37.603858,127.074063
2023,자전거,서울특별시 성북구1,서울특별시 성북구 하월곡동(월곡플러스약국 부근),3,3,37.601228,127.040137
2023,자전거,서울특별시 강북구1,서울특별시 강북구 번동(강북구청사거리 부근),4,5,37.638820,127.027120
2023,자전거,서울특별시 강북구2,서울특별시 강북구 미아동(미아사거리역 4호선 부근),4,4,37.612890,127.030673
2023,자전거,서울특별시 강북구3,서울특별시 강북구 미아동(수유사거리 부근),4,4,37.634599,127.022517
2023,자전거,서울특별시 도봉구1,서울특별시 도봉구 도봉동(늘푸른약국 부근),5,5,37.676769,127.044318
2023,자전거,서울특별시 도봉구2,서울특별시 도봉구 도봉동(노원교교차로 부근),4,4,37.679487,127.050303
2023,자전거,서울특별시 노원구1,서울특별시 노원구 상계동(908-15 부근),5,6,37.667948,127.049698
2023,자전거,서울특별시 노원구2,"서울특별시 노원구 상계동(상계6,7동주민센터교차로 부근)",4,4,37.655675,127.066183
2023,자전거,서울특별시 노원구3,서울특별시 노원구 하계동(월계1교교차로 부근),4,5,37.633713,127.063483
2023,자전거,서울특별시 노원구4,서울특별시 노원구 중계동(서울중계초등학교 부근),4,4,37.658208,127.073673
2023,자전거,서울특별시 노원구5,서울특별시 노원구 중계동(중계우리들약국 부근),4,4,37.639914,127.068484
2023,자전거,서울특별시 노원구6,서울특별시 노원구 공릉동(이츠초밥 부근),4,4,37.618299,127.077250
2023,자전거,서울특별시 노원구7,서울특별시 노원구 중계동(원광초교교차로 부근),4,4,37.654254,127.073811
2023,자전거,서울특별시 은평구1,서울특별시 은평구 증산동(손큰할매순대국 증산동점 부근),4,4,37.585561,126.910683
2023,자전거,서울특별시 은평구2,서울특별시 은평구 역촌동(역말사거리 부근),4,4,37.606221,126.915557
2023,자전거,서울특별시 마포구1,서울특별시 마포구 망원동(망원2치안센터 부근),5,5,37.561966,126.903840
2023,자전거,서울특별시 마포구2,서울특별시 마포구 망원동(구스아일랜드 덕덕구스시그널라운지 부근),4,4,37.553632,126.896941
2023,자전거,서울특별시 마포구3,서울특별시 마포구 하중동(99 부근),3,3,37.543444,126.928561
2023,자전거,서울특별시 양천구1,서울특별시 양천구 목동(누리어린이집 부근),5,5,37.525739,126.869115
2023,자전거,서울특별시 양천구2,서울특별시 양천구 목동(포케올데이 목동점 부근),4,6,37.530418,126.875964
2023,자전거,서울특별시 양천구3,서울특별시 양천구 신월동(초록세상어린이집 부근),4,4,37.539182,126.833656
2023,자전거,서울특별시 양천구4,"서울특별시 양천구 목동(목동1,2단지교차로 부근)",4,4,37.537229,126.880330
2023,자전거,서울특별시 양천구5,서울특별시 양천구 신월동(월정초교앞교차로 부근),4,4,37.536673,126.834893
2023,자전거,서울특별시 강서구1,서울특별시 강서구 염창동(염창교 부근),6,6,37.553481,126.877906
2023,자전거,서울특별시 강서구2,서울특별시 강서구 마곡동(1 부근),4,5,37.577756,126.837647
2023,자전거,서울특별시 강서구3,서울특별시 강서구 내발산동(대성석유 관문주유소 부근),4,4,37.557865,126.841992
2023,자전거,서울특별시 강서구4,서울특별시 강서구 마곡동(와썹비 마곡점 부근),4,4,37.560980,126.826835
2023,자전거,서울특별시 구로구1,서울특별시 구로구 구로동(마부마라탕 구로5호점 부근),5,6,37.492516,126.890346
2023,자전거,서울특별시 구로구2,서울특별시 구로구 구로동(아침햇살약국 부근),5,6,37.483553,126.901007
2023,자전거,서울특별시 구로구3,서울특별시 구로구 고척동(르디투어 고척점 부근),5,5,37.497511,126.860552
2023,자전거,서울특별시 구로구4,서울특별시 구로구 구로동(고척교교차로 부근),4,5,37.498136,126.871532
2023,자전거,서울특별시 구로구5,서울특별시 구로구 구로동(구로구청구의회교차로 부근),4,4,37.494567,126.889072
2023,자전거,서울특별시 영등포구1,서울특별시 영등포구 대림동(휴베이스수강약국 부근),5,5,37.488431,126.898846
2023,자전거,서울특별시 영등포구2,서울특별시 영등포구 당산동4가(영등포구청앞교차로 부근),5,5,37.527991,126.897867
2023,자전거,서울특별시 영등포구3,서울특별시 영등포구 양화동(177-1 부근),4,5,37.549810,126.886065
2023,자전거,서울특별시 영등포구4,서울특별시 영등포구 대림동(신도림역교차로 부근),4,5,37.507168,126.893242
2023,자전거,서울특별시 영등포구5,서울특별시 영등포구 양평동3가(본우리집밥 본그룹 본사점 부근),4,4,37.528638,126.892186
2023,자전거,서울특별시 영등포구6,서울특별시 영등포구 대림동(대림중앙시장 부근),4,4,37.491040,126.900443
2023,자전거,서울특별시 영등포구7,서울특별시 영등포구 영등포동3가(영이어린이집 부근),4,4,37.518271,126.909679
2023,자전거,서울특별시 영등포구8,서울특별시 영등포구 신길동(신길약국 부근),3,3,37.512784,126.917332
2023,자전거,서울특별시 동작구1,서울특별시 동작구 사당동(이수역사거리 부근),4,4,37.485330,126.981487
2023,자전거,서울특별시 관악구1,서울특별시 관악구 신림동(신대방역교차로 부근),5,5,37.487354,126.913328
2023,자전거,서울특별시 강남구1,서울특별시 강남구 도곡동(한티역교차로 부근),5,5,37.496441,127.053286
2023,자전거,서울특별시 송파구1,서울특별시 송파구 풍납동(올림픽대교남단교차로 부근),10,10,37.525864,127.117496
2023,자전거,서울특별시 송파구2,서울특별시 송파구 방이동(올림픽공원교차로 부근),8,9,37.511787,127.127920
2023,자전거,서울특별시 송파구3,서울특별시 송파구 송파동(석촌역교차로 부근),5,7,37.505685,127.107167
2023,자전거,서울특별시 송파구4,서울특별시 송파구 방이동(89-28 부근),5,6,37.513922,127.129381
2023,자전거,서울특별시 송파구5,서울특별시 송파구 풍납동(천호사거리 부근),5,5,37.538623,127.123229
2023,자전거,서울특별시 송파구6,서울특별시 송파구 잠실동(잠실새내역교차로 부근),5,5,37.511693,127.084810
2023,자전거,서울특별시 송파구7,서울특별시 송파구 가락동(가락시장입구교차로 부근),5,5,37.496093,127.109417
2023,자전거,서울특별시 송파구8,서울특별시 송파구 잠실동(RM숲 부근),4,7,37.517771,127.084255
2023,자전거,서울특별시 송파구9,서울특별시 송파구 신천동(1 부근),4,6,37.522674,127.100005
2023,자전거,서울특별시 송파구10,서울특별시 송파구 신천동(257-1 부근),4,6,37.524392,127.102978
2023,자전거,서울특별시 송파구11,서울특별시 송파구 가락동(송파경찰서교차로 부근),4,5,37.501715,127.128617
2023,자전거,서울특별시 송파구12,서울특별시 송파구 가락동(안성약국 부근),4,5,37.497368,127.136036
2023,자전거,서울특별시 송파구13,서울특별시 송파구 잠실동(잠실3사거리 부근),4,5,37.511791,127.093579
2023,자전거,서울특별시 송파구14,서울특별시 송파구 방이동(친절한약국 부근),4,5,37.515605,127.108980
2023,자전거,서울특별시 송파구15,서울특별시 송파구 문정동(올림픽훼밀리타운교차로 부근),4,5,37.488506,127.121272
2023,자전거,서울특별시 송파구16,서울특별시 송파구 방이동(둔촌사거리 부근),4,4,37.521462,127.133548
2023,자전거,서울특별시 송파구17,서울특별시 송파구 마천동(마천파출소 부근),4,4,37.497498,127.147920
2023,자전거,서울특별시 송파구18,서울특별시 송파구 방이동(방이사거리 부근),4,4,37.509822,127.111415
2023,자전거,서울특별시 송파구19,서울특별시 송파구 풍납동(정 부근),4,4,37.535624,127.122330
2023,자전거,서울특별시 송파구20,서울특별시 송파구 방이동(송파구청교차로 부근),4,4,37.515179,127.106636
2023,자전거,서울특별시 송파구21,서울특별시 송파구 거여동(꼬마숲어린이집 거여우방점 부근),4,4,37.493538,127.142343
2023,자전거,서울특별시 강동구1,서울특별시 강동구 천호동(천호시장교차로 부근),6,6,37.539783,127.128659
2023,자전거,서울특별시 강동구2,서울특별시 강동구 고덕동(상일동역사거리 부근),5,7,37.556070,127.165312
2023,자전거,서울특별시 강동구3,서울특별시 강동구 길동(길동사거리 부근),5,5,37.533681,127.138151
2023,자전거,서울특별시 강동구4,서울특별시 강동구 암사동(656 부근),4,4,37.566371,127.133355
2023,자전거,서울특별시 강동구5,서울특별시 강동구 성내동(별미아구찜동태탕 부근),4,4,37.536495,127.128579
2023,자전거,서울특별시 강동구6,서울특별시 강동구 천호동(강동역 5호선 부근),4,4,37.535335,127.132361
2023,자전거,경기도 수원시 장안구1,경기도 수원시 장안구 정자동(장안고사거리 부근),4,4,37.292523,126.994672
2023,자전거,경기도 수원시 팔달구1,경기도 수원시 팔달구 고등동(육교사거리 부근),4,4,37.269513,126.998124
2023,자전거,경기도 수원시 팔달구2,경기도 수원시 팔달구 화서동(양갓집양갈비 부근),4,4,37.280418,127.005720
2023,자전거,경기도 용인시 기흥구1,경기도 용인시 기흥구 영덕동(영덕고가교 부근),3,3,37.268472,127.081661
2024,스쿨존어린이,서울특별시 광진구1,서울특별시 광진구 자양동(서울동자초등학교 부근),2,2,37.534174,127.072615
2024,스쿨존어린이,서울특별시 노원구1,서울특별시 노원구 중계동(원광초교교차로 부근),3,3,37.656205,127.073356
2024,스쿨존어린이,서울특별시 노원구2,서울특별시 노원구 중계동(청암고교교차로 부근),3,3,37.651898,127.072406
2024,스쿨존어린이,서울특별시 은평구1,서울특별시 은평구 갈현동(서울갈현초등학교 부근),2,2,37.619052,126.915495
2024,스쿨존어린이,서울특별시 은평구2,서울특별시 은평구 신사동(서울역촌초등학교 부근),2,2,37.601213,126.915171
2024,스쿨존어린이,서울특별시 강서구1,서울특별시 강서구 염창동(서울염창초등학교 부근),2,2,37.553300,126.870084
2024,스쿨존어린이,서울특별시 강서구2,서울특별시 강서구 화곡동(서울화일초등학교 부근),2,2,37.540942,126.846808
2024,스쿨존어린이,서울특별시 강서구3,서울특별시 강서구 화곡동(새서원어린이집 부근),2,2,37.537401,126.838123
2024,스쿨존어린이,서울특별시 구로구1,서울특별시 구로구 신도림동(서울신도림초등학교 부근),2,2,37.509737,126.882693
2024,스쿨존어린이,서울특별시 구로구2,서울특별시 구로구 항동(항동중학교 부근),2,2,37.481032,126.821695
2024,스쿨존어린이,서울특별시 동작구1,서울특별시 동작구 대방동(서울대림초등학교 부근),2,2,37.500166,126.925842
2024,스쿨존어린이,서울특별시 서초구1,서울특별시 서초구 우면동(서울우면초등학교 부근),2,2,37.463085,127.022400
2024,스쿨존어린이,서울특별시 송파구1,서울특별시 송파구 송파동(서울송파초등학교 부근),2,2,37.505752,127.112320
2024,보행노인,서울특별시 종로구1,서울특별시 종로구 숭인동(동묘벼룩시장 부근),5,5,37.573972,127.017878
2024,보행노인,서울특별시 중구1,서울특별시 중구 신당동(신평화패션타운 부근),6,6,37.569267,127.012091
2024,보행노인,서울특별시 중구2,서울특별시 중구 신당동(약수역사거리 부근),5,5,37.554828,127.010907
2024,보행노인,서울특별시 중구3,서울특별시 중구 남창동(회현역 4호선 부근),5,5,37.558281,126.977893
2024,보행노인,서울특별시 용산구1,서울특별시 용산구 한남동(자연약국 부근),5,6,37.533149,127.005780
2024,보행노인,서울특별시 동대문구1,서울특별시 동대문구 제기동(청량리종합시장 부근),9,9,37.579388,127.040753
2024,보행노인,서울특별시 동대문구2,서울특별시 동대문구 제기동(경동시장사거리 부근),8,8,37.578274,127.038971
2024,보행노인,서울특별시 동대문구3,서울특별시 동대문구 제기동(청량리 청과물 도매시장 부근),8,8,37.579183,127.042549
2024,보행노인,서울특별시 동대문구4,서울특별시 동대문구 신설동(신설동1억해장국267 부근),5,5,37.572166,127.023942
2024,보행노인,서울특별시 동대문구5,서울특별시 동대문구 제기동(청량 종합도매시장 부근),5,5,37.581979,127.039633
2024,보행노인,서울특별시 동대문구6,서울특별시 동대문구 청량리동(떡전교사거리 부근),5,5,37.585095,127.051101
2024,보행노인,서울특별시 동대문구7,서울특별시 동대문구 청량리동(청량리전통시장 부근),5,5,37.581091,127.044072
2024,보행노인,서울특별시 동대문구8,서울특별시 동대문구 회기동(회기역앞교차로 부근),5,5,37.589545,127.055310
2024,보행노인,서울특별시 중랑구1,서울특별시 중랑구 망우동(망우지구대 부근),5,5,37.598593,127.095486
2024,보행노인,서울특별시 중랑구2,서울특별시 중랑구 면목동(참약사바른약국 부근),5,5,37.588034,127.086295
2024,보행노인,서울특별시 중랑구3,서울특별시 중랑구 망우동(신내지하차도교차로 부근),5,5,37.599498,127.097957
2024,보행노인,서울특별시 중랑구4,서울특별시 중랑구 망우동(우림시장교차로 부근),5,5,37.595096,127.099838
2024,보행노인,서울특별시 중랑구5,서울특별시 중랑구 면목동(로데오약국 부근),5,5,37.581962,127.088566
2024,보행노인,서울특별시 중랑구6,서울특별시 중랑구 상봉동(상봉역 7호선 부근),5,5,37.595288,127.085898
2024,보행노인,서울특별시 성북구1,서울특별시 성북구 길음동(길음역교차로 부근),7,7,37.604843,127.025098
2024,보행노인,서울특별시 성북구2,서울특별시 성북구 동선동4가(새성신약국 부근),5,5,37.593715,127.018230
2024,보행노인,서울특별시 성북구3,서울특별시 성북구 동소문동5가(성북구청입구교차로 부근),5,5,37.591763,127.012591
2024,보행노인,서울특별시 성북구4,서울특별시 성북구 장위동(장위1동주민센터 부근),5,5,37.613774,127.043189
2024,보행노인,서울특별시 성북구5,서울특별시 성북구 정릉동(개울장 부근),5,5,37.609168,127.009680
2024,보행노인,서울특별시 성북구6,서울특별시 성북구 종암동(종암중앙어린이집 부근),5,5,37.598087,127.033896
2024,보행노인,서울특별시 강북구1,서울특별시 강북구 미아동(미아사거리역 4호선 부근),8,8,37.613697,127.030192
2024,보행노인,서울특별시 강북구2,서울특별시 강북구 미아동(미아역교차로 부근),6,6,37.625611,127.026347
2024,보행노인,서울특별시 강북구3,서울특별시 강북구 번동(수유역교차로 부근),6,6,37.637917,127.025128
2024,보행노인,서울특별시 강북구4,서울특별시 강북구 미아동(수유스타약국 부근),5,5,37.631178,127.024641
2024,보행노인,서울특별시 강북구5,서울특별시 강북구 미아동(삼양시장교차로 부근),5,5,37.624447,127.019148
2024,보행노인,서울특별시 노원구1,서울특별시 노원구 상계동(건강한생활약국 부근),6,6,37.654188,127.062420
2024,보행노인,서울특별시 은평구1,서울특별시 은평구 불광동(연신종로약국 부근),5,5,37.620439,126.924521
2024,보행노인,서울특별시 은평구2,서울특별시 은평구 응암동(응암오거리 부근),5,6,37.590199,126.918049
2024,보행노인,서울특별시 은평구3,서울특별시 은평구 갈현동(연신내역 GTX-A 부근),5,5,37.619360,126.920250
2024,보행노인,서울특별시 은평구4,서울특별시 은평구 대조동(대조불광시장교차로 부근),5,5,37.609272,126.927788
2024,보행노인,서울특별시 서대문구1,서울특별시 서대문구 홍은동(홍은사거리 부근),7,7,37.590985,126.941165
2024,보행노인,서울특별시 마포구1,서울특별시 마포구 도화동(아카데미약국 부근),7,7,37.540442,126.947891
2024,보행노인,서울특별시 양천구1,서울특별시 양천구 목동(홍익병원앞교차로 부근),5,5,37.529714,126.863906
2024,보행노인,서울특별시 양천구2,서울특별시 양천구 목동(약초원한약국 부근),5,10,37.548364,126.866800
2024,보행노인,서울특별시 양천구3,서울특별시 양천구 목동(옹달샘어린이집 부근),5,5,37.547130,126.863259
2024,보행노인,서울특별시 강서구1,서울특별시 강서구 화곡동(신영유치원 부근),5,5,37.530750,126.849630
2024,보행노인,서울특별시 구로구1,서울특별시 구로구 오류동(오류동삼거리 부근),8,8,37.494867,126.840722
2024,보행노인,서울특별시 구로구2,서울특별시 구로구 개봉동(개봉지구대 부근),5,5,37.491431,126.856673
2024,보행노인,서울특별시 구로구3,서울특별시 구로구 구로동(고대구로병원교차로 부근),5,5,37.492346,126.883668
2024,보행노인,서울특별시 금천구1,서울특별시 금천구 가산동(푸라닭치킨 서울가산점 부근),5,5,37.473870,126.894518
2024,보행노인,서울특별시 금천구2,서울특별시 금천구 시흥동(한사랑약국 부근),5,5,37.455846,126.896534
2024,보행노인,서울특별시 영등포구1,서울특별시 영등포구 영등포동4가(영등포역교차로 부근),8,8,37.516212,126.906324
2024,보행노인,서울특별시 영등포구2,서울특별시 영등포구 신길동(대신시장 부근),5,5,37.511587,126.917738
2024,보행노인,서울특별시 동작구1,서울특별시 동작구 상도동(대우당약국 부근),11,11,37.499935,126.932061
2024,보행노인,서울특별시 동작구2,서울특별시 동작구 사당동(시장약국 부근),6,6,37.487527,126.981025
2024,보행노인,서울특별시 동작구3,서울특별시 동작구 흑석동(흑석시장 부근),6,6,37.507488,126.962215
2024,보행노인,서울특별시 관악구1,서울특별시 관악구 봉천동(그린약국 부근),7,7,37.482208,126.943862
2024,보행노인,서울특별시 송파구1,서울특별시 송파구 거여동(거여역교차로 부근),5,5,37.492480,127.144267
2024,보행노인,서울특별시 송파구2,서울특별시 송파구 마천동(마천사거리 부근),5,5,37.497701,127.146073
2024,보행노인,서울특별시 송파구3,서울특별시 송파구 마천동(마천2동주민센터 부근),5,5,37.496889,127.149240
2024,보행노인,서울특별시 송파구4,서울특별시 송파구 풍납동(올림픽대교남단교차로 부근),5,5,37.525486,127.117622
2024,보행노인,서울특별시 강동구1,서울특별시 강동구 둔촌동(둔촌2동주민센터 부근),5,5,37.533964,127.142157
2024,보행노인,서울특별시 강동구2,서울특별시 강동구 암사동(개삼터오리전문 부근),5,5,37.549827,127.129591
2024,보행노인,서울특별시 강동구3,서울특별시 강동구 천호동(강동역 5호선 부근),5,5,37.535635,127.132560
2024,보행노인,경기도 수원시 팔달구1,경기도 수원시 팔달구 화서동(화서사거리 부근),6,6,37.279067,127.003800
2024,보행노인,경기도 수원시 팔달구2,경기도 수원시 팔달구 지동(영동사거리 부근),6,6,37.275557,127.019128
2024,보행노인,경기도 수원시 팔달구3,경기도 수원시 팔달구 팔달로3가(팔달문로터리 부근),5,5,37.277766,127.016766
2024,보행노인,경기도 성남시 수정구1,경기도 성남시 수정구 태평동(중앙시장사거리 부근),6,6,37.440315,127.131265
2024,보행노인,경기도 성남시 수정구2,경기도 성남시 수정구 신흥동(숯골사거리 부근),5,6,37.444169,127.143484
2024,보행노인,경기도 성남시 수정구3,경기도 성남시 수정구 신흥동(다원약국 부근),5,5,37.440241,127.144152
2024,보행노인,경기도 성남시 중원구1,경기도 성남시 중원구 성남동(성남시 전북도민회관 부근),8,8,37.430666,127.128656
2024,자전거,서울특별시 중구1,서울특별시 중구 정동(시청역 1호선 부근),4,4,37.565266,126.978257
2024,자전거,서울특별시 용산구1,서울특별시 용산구 서빙고동(287-2 부근),4,4,37.519013,126.994785
2024,자전거,서울특별시 성동구1,서울특별시 성동구 마장동(서울시설공단교차로 부근),4,4,37.572256,127.037892
2024,자전거,서울특별시 성동구2,서울특별시 성동구 금호동4가(중랑천교 부근),4,4,37.545996,127.030147
2024,자전거,서울특별시 광진구1,서울특별시 광진구 구의동(572 부근),4,6,37.533369,127.095156
2024,자전거,서울특별시 동대문구1,서울특별시 동대문구 제기동(청량 종합도매시장 부근),6,7,37.582418,127.041142
2024,자전거,서울특별시 동대문구2,서울특별시 동대문구 용두동(동대문구청교차로 부근),6,6,37.574496,127.038032
2024,자전거,서울특별시 동대문구3,서울특별시 동대문구 장안동(그랜드온누리약국 부근),4,6,37.562738,127.066183
2024,자전거,서울특별시 동대문구4,서울특별시 동대문구 장안동(수인약국 부근),4,5,37.571861,127.070287
2024,자전거,서울특별시 동대문구5,서울특별시 동대문구 답십리동(태양하나어린이집 부근),4,4,37.574334,127.044917
2024,자전거,서울특별시 동대문구6,서울특별시 동대문구 용두동(무학교 부근),4,4,37.569846,127.030295
2024,자전거,서울특별시 동대문구7,서울특별시 동대문구 제기동(제기동역 1호선 부근),4,4,37.578208,127.034526
2024,자전거,서울특별시 동대문구8,서울특별시 동대문구 답십리동(그레인바운더리 동대문점 부근),4,4,37.563893,127.057901
2024,자전거,서울특별시 동대문구9,서울특별시 동대문구 제기동(경동시장교차로 부근),4,4,37.577739,127.038872
2024,자전거,서울특별시 중랑구1,서울특별시 중랑구 신내동(다솜어린이집 부근),5,6,37.602748,127.096789
2024,자전거,서울특별시 중랑구2,서울특별시 중랑구 중화동(반가네곱창 부근),5,5,37.604680,127.078000
2024,자전거,서울특별시 중랑구3,서울특별시 중랑구 면목동(중랑천제방산책로 부근),4,7,37.575224,127.078275
2024,자전거,서울특별시 중랑구4,서울특별시 중랑구 묵동(팜필리아약국 부근),4,5,37.613852,127.077371
2024,자전거,서울특별시 중랑구5,서울특별시 중랑구 면목동(면목2동사거리 부근),4,4,37.586665,127.079048
2024,자전거,서울특별시 중랑구6,서울특별시 중랑구 상봉동(다솜약국 부근),4,4,37.593707,127.086060
2024,자전거,서울특별시 중랑구7,서울특별시 중랑구 상봉동(신현중학교 부근),4,4,37.604148,127.091012
2024,자전거,서울특별시 중랑구8,서울특별시 중랑구 면목동(로벨리아 부근),4,4,37.583716,127.090159
2024,자전거,서울특별시 중랑구9,서울특별시 중랑구 면목동(사가정역교차로 부근),4,4,37.581143,127.088555
2024,자전거,서울특별시 중랑구10,서울특별시 중랑구 망우동(망우지구대 부근),3,4,37.598929,127.096057
2024,자전거,서울특별시 강북구1,서울특별시 강북구 미아동(미아역교차로 부근),6,6,37.627106,127.026371
2024,자전거,서울특별시 강북구2,서울특별시 강북구 번동(번동사거리 부근),5,6,37.635034,127.033916
2024,자전거,서울특별시 강북구3,서울특별시 강북구 수유동(광산사거리 부근),5,5,37.643214,127.022524
2024,자전거,서울특별시 강북구4,서울특별시 강북구 번동(수유역교차로 부근),4,4,37.638266,127.025316
2024,자전거,서울특별시 노원구1,서울특별시 노원구 중계동(은행사거리 부근),4,5,37.651424,127.077249
2024,자전거,서울특별시 노원구2,서울특별시 노원구 상계동(상계초교교차로 부근),4,4,37.658394,127.065435
2024,자전거,서울특별시 노원구3,서울특별시 노원구 상계동(녹천교교차로 부근),4,4,37.645420,127.057781
2024,자전거,서울특별시 노원구4,서울특별시 노원구 중계동(노해근린공원교차로 부근),4,4,37.649841,127.069436
2024,자전거,서울특별시 은평구1,서울특별시 은평구 신사동(신사오거리 부근),6,7,37.598753,126.915297
2024,자전거,서울특별시 은평구2,서울특별시 은평구 갈현동(구산역교차로 부근),4,7,37.612156,126.917255
2024,자전거,서울특별시 은평구3,서울특별시 은평구 응암동(만복래반점 부근),4,7,37.587983,126.919153
2024,자전거,서울특별시 은평구4,서울특별시 은평구 응암동(응암시장교차로 부근),4,6,37.594576,126.918055
2024,자전거,서울특별시 은평구5,서울특별시 은평구 갈현동(연신내역 6호선 부근),4,4,37.618351,126.919484
2024,자전거,서울특별시 은평구6,서울특별시 은평구 역촌동(서울역촌초등학교 부근),4,4,37.602070,126.915362
2024,자전거,서울특별시 마포구1,서울특별시 마포구 합정동(웨스트레이크 부근),4,4,37.547981,126.909960
2024,자전거,서울특별시 마포구2,서울특별시 마포구 동교동(광명약국 부근),4,4,37.558544,126.925377
2024,자전거,서울특별시 마포구3,서울특별시 마포구 상암동(한강와이키키 부근),3,4,37.559293,126.887908
2024,자전거,서울특별시 양천구1,서울특별시 양천구 목동(에이치약국 부근),5,7,37.525340,126.870892
2024,자전거,서울특별시 양천구2,서울특별시 양천구 신월동(목동만복순대국 부근),5,6,37.522760,126.850452
2024,자전거,서울특별시 양천구3,서울특별시 양천구 신정동(양천구청교차로 부근),4,5,37.516655,126.867444
2024,자전거,서울특별시 양천구4,서울특별시 양천구 목동(리라예능어린이집 부근),4,4,37.539053,126.867419
2024,자전거,서울특별시 양천구5,서울특별시 양천구 신정동(목동4층약국 부근),4,4,37.527002,126.863764
2024,자전거,서울특별시 양천구6,서울특별시 양천구 목동(락앤웍 목동점 부근),4,4,37.528192,126.872389
2024,자전거,서울특별시 양천구7,서울특별시 양천구 목동(목동하나금융그룹 직장어린이집 부근),4,4,37.532935,126.876265
2024,자전거,서울특별시 강서구1,서울특별시 강서구 화곡동(화곡역교차로 부근),4,5,37.541272,126.840847
2024,자전거,서울특별시 강서구2,서울특별시 강서구 방화동(방화사거리 부근),4,4,37.573930,126.810905
2024,자전거,서울특별시 강서구3,서울특별시 강서구 화곡동(프레퍼스 다이어트 푸드 화곡역점 부근),4,4,37.540622,126.837565
2024,자전거,서울특별시 강서구4,서울특별시 강서구 등촌동(태평양약국 부근),4,4,37.536098,126.863426
2024,자전거,서울특별시 강서구5,서울특별시 강서구 화곡동(한국폴리텍대학입구 부근),4,4,37.546692,126.845784
2024,자전거,서울특별시 구로구1,서울특별시 구로구 신도림동(신도림역 2호선 부근),5,6,37.507977,126.892653
2024,자전거,서울특별시 구로구2,서울특별시 구로구 신도림동(신정교사거리 부근),5,5,37.516042,126.881889
2024,자전거,서울특별시 구로구3,서울특별시 구로구 구로동(남구로역 7호선 부근),4,5,37.486738,126.888091
2024,자전거,서울특별시 구로구4,서울특별시 구로구 구로동(다움약국 부근),4,5,37.483611,126.901984
2024,자전거,서울특별시 구로구5,서울특별시 구로구 구로동(새날어린이집 부근),4,4,37.491326,126.892080
2024,자전거,서울특별시 구로구6,서울특별시 구로구 신도림동(신도림동주민센터 부근),4,4,37.507825,126.880074
2024,자전거,서울특별시 구로구7,서울특별시 구로구 가리봉동(W스토아청와약국 부근),4,4,37.479647,126.891121
2024,자전거,서울특별시 구로구8,서울특별시 구로구 구로동(대림역교차로 부근),4,4,37.491627,126.895478
2024,자전거,서울특별시 금천구1,서울특별시 금천구 시흥동(세명당약국 부근),5,5,37.453536,126.900889
2024,자전거,서울특별시 금천구2,서울특별시 금천구 독산동(롯데프라자약국 부근),4,4,37.460416,126.898607
2024,자전거,서울특별시 영등포구1,서울특별시 영등포구 양평동(493 부근),6,6,37.523678,126.881101
2024,자전거,서울특별시 영등포구2,서울특별시 영등포구 영등포동4가(영등포시장교차로 부근),5,5,37.520390,126.904440
2024,자전거,서울특별시 영등포구3,서울특별시 영등포구 당산동(양화대교남단 부근),5,5,37.539321,126.899728
2024,자전거,서울특별시 영등포구4,서울특별시 영등포구 대림동(푸른팜 부근),5,5,37.495681,126.897441
2024,자전거,서울특별시 영등포구5,서울특별시 영등포구 대림동(대림지구대 부근),5,5,37.493791,126.898300
2024,자전거,서울특별시 영등포구6,서울특별시 영등포구 영등포동(영등포청과시장교차로 부근),4,4,37.521202,126.901221
2024,자전거,서울특별시 영등포구7,서울특별시 영등포구 여의도동(여의나루역 5호선 부근),4,5,37.527950,126.932493
2024,자전거,서울특별시 영등포구8,서울특별시 영등포구 문래동5가(-  부근),4,4,37.517591,126.880126
2024,자전거,서울특별시 영등포구9,서울특별시 영등포구 당산동6가(당산중교앞교차로 부근),4,4,37.531399,126.906067
2024,자전거,서울특별시 영등포구10,서울특별시 영등포구 당산동4가(영등포구청앞교차로 부근),4,4,37.528279,126.897004
2024,자전거,서울특별시 영등포구11,서울특별시 영등포구 당산동5가(당산역교차로 부근),4,4,37.533801,126.902311
2024,자전거,서울특별시 동작구1,서울특별시 동작구 본동(한강대교남단교차로 부근),8,8,37.513719,126.956703
2024,자전거,서울특별시 동작구2,서울특별시 동작구 대방동(보라매역사거리 부근),5,5,37.500081,126.920412
2024,자전거,서울특별시 강남구1,서울특별시 강남구 압구정동(압구정그래피티 부근),4,6,37.531272,127.042655
2024,자전거,서울특별시 강남구2,서울특별시 강남구 신사동(487-1 부근),4,5,37.525803,127.016115
2024,자전거,서울특별시 강남구3,서울특별시 강남구 대치동(강남보선약국 부근),4,4,37.499227,127.062462
2024,자전거,서울특별시 강남구4,서울특별시 강남구 역삼동(역삼초교교차로 부근),3,3,37.493226,127.033554
2024,자전거,서울특별시 송파구1,서울특별시 송파구 송파동(석촌역교차로 부근),6,6,37.504913,127.106645
2024,자전거,서울특별시 송파구2,서울특별시 송파구 방이동(올림픽공원교차로 부근),6,6,37.511716,127.127970
2024,자전거,서울특별시 송파구3,서울특별시 송파구 석촌동(출장온양꼬치 부근),5,6,37.499709,127.103291
2024,자전거,서울특별시 송파구4,서울특별시 송파구 가락동(가락시장교차로 부근),5,5,37.497807,127.113925
2024,자전거,서울특별시 송파구5,서울특별시 송파구 거여동(숲속어린이집 부근),5,5,37.498961,127.144196
2024,자전거,서울특별시 송파구6,서울특별시 송파구 잠실동(석촌호(서호)교차로 부근),4,5,37.506222,127.096534
2024,자전거,서울특별시 송파구7,서울특별시 송파구 잠실동(잠실새내역교차로 부근),4,5,37.511069,127.085487
2024,자전거,서울특별시 송파구8,서울특별시 송파구 방이동(송파구청교차로 부근),4,5,37.515433,127.107065
2024,자전거,서울특별시 송파구9,서울특별시 송파구 송파동(정참치 부근),4,4,37.506961,127.118333
2024,자전거,서울특별시 송파구10,서울특별시 송파구 신천동(방이삼거리 부근),4,4,37.512359,127.108292
2024,자전거,서울특별시 송파구11,서울특별시 송파구 잠실동(잠실학원사거리 부근),4,4,37.507563,127.090773
2024,자전거,서울특별시 송파구12,서울특별시 송파구 풍납동(영파여자중학교 부근),4,4,37.533789,127.120919
2024,자전거,서울특별시 송파구13,서울특별시 송파구 가락동(탄천교교차로 부근),4,4,37.494498,127.104052
2024,자전거,서울특별시 송파구14,서울특별시 송파구 방이동(올림픽공원 남4문사거리 부근),4,4,37.515938,127.116540
2024,자전거,서울특별시 송파구15,서울특별시 송파구 방이동(올림픽공원역 5호선 부근),4,4,37.516712,127.131578
2024,자전거,서울특별시 송파구16,서울특별시 송파구 가락동(송파역 8호선 부근),4,4,37.499816,127.111943
2024,자전거,서울특별시 송파구17,서울특별시 송파구 잠실동(22 부근),4,4,37.516271,127.090387
2024,자전거,서울특별시 송파구18,서울특별시 송파구 석촌동(석촌호수교차로 부근),4,4,37.508613,127.103921
2024,자전거,서울특별시 송파구19,서울특별시 송파구 잠실동(새마을전통시장 부근),4,4,37.509689,127.085849
2024,자전거,서울특별시 송파구20,서울특별시 송파구 마천동(9-2 부근),4,4,37.501374,127.147811
2024,자전거,서울특별시 송파구21,서울특별시 송파구 석촌동(송파사거리 부근),4,4,37.501353,127.109441
2024,자전거,서울특별시 강동구1,서울특별시 강동구 길동(길동사거리 부근),7,7,37.534376,127.138781
2024,자전거,서울특별시 강동구2,서울특별시 강동구 성내동(효재만두 부근),6,6,37.521864,127.133625
2024,자전거,서울특별시 강동구3,서울특별시 강동구 성내동(늘푸른약국 부근),5,5,37.528807,127.134378
2024,자전거,서울특별시 강동구4,서울특별시 강동구 고덕동(고덕약국 부근),4,5,37.556354,127.163709
2024,자전거,서울특별시 강동구5,서울특별시 강동구 길동(천동초교입구교차로 부근),4,5,37.541570,127.141792
2024,자전거,서울특별시 강동구6,서울특별시 강동구 암사동(토담골멸치국수 부근),4,4,37.555214,127.136457
2024,자전거,서울특별시 강동구7,서울특별시 강동구 길동(솔약국 부근),4,4,37.536154,127.136430
2024,자전거,서울특별시 강동구8,서울특별시 강동구 천호동(천호역 5호선 부근),4,4,37.539053,127.123699
2024,자전거,서울특별시 강동구9,서울특별시 강동구 상일동(대명초교입구교차로 부근),4,4,37.546944,127.155951
2024,자전거,서울특별시 강동구10,서울특별시 강동구 성내동(성내3동주민센터 부근),4,4,37.525411,127.132414
2024,자전거,경기도 수원시 장안구1,경기도 수원시 장안구 정자동(백설마을사거리 부근),5,6,37.295907,126.992269
2024,자전거,경기도 수원시 장안구2,경기도 수원시 장안구 영화동(영화초교사거리 부근),5,5,37.294991,127.016684
2024,자전거,경기도 수원시 장안구3,경기도 수원시 장안구 율전동(동대문엽기떡볶이 수원성대점 부근),4,4,37.298641,126.972205
2024,자전거,경기도 수원시 권선구1,경기도 수원시 권선구 권선동(터미널사거리 부근),4,4,37.250491,127.017838
2024,자전거,경기도 수원시 권선구2,경기도 수원시 권선구 세류동(세류사거리 부근),4,4,37.253595,127.011096
2024,자전거,경기도 수원시 권선구3,경기도 수원시 권선구 권선동(권선사거리 부근),4,4,37.259673,127.023975
2024,자전거,경기도 수원시 팔달구1,경기도 수원시 팔달구 지동(동수원사거리 부근),5,5,37.277989,127.031778
2024,자전거,경기도 수원시 팔달구2,경기도 수원시 팔달구 매교동(매교역사거리 부근),4,5,37.265279,127.014985
2024,자전거,경기도 수원시 팔달구3,경기도 수원시 팔달구 인계동(인계사거리 부근),4,4,37.268185,127.027085
2024,자전거,경기도 수원시 팔달구4,경기도 수원시 팔달구 인계동(경기아트센터사거리 부근),4,4,37.260009,127.038267
2024,자전거,경기도 수원시 팔달구5,경기도 수원시 팔달구 북수동(매향1교 부근),4,4,37.285337,127.017569
2024,자전거,경기도 수원시 팔달구6,경기도 수원시 팔달구 인계동(청년피자 수원점 부근),4,4,37.269731,127.034971
2024,자전거,경기도 수원시 팔달구7,경기도 수원시 팔달구 매교동(매교삼거리 부근),4,4,37.272179,127.017129
2024,자전거,경기도 수원시 팔달구8,경기도 수원시 팔달구 지동(지동사거리 부근),3,4,37.275509,127.023667
2024,자전거,경기도 수원시 영통구1,경기도 수원시 영통구 매탄동(매탄초교사거리 부근),4,4,37.264264,127.045431
2024,자전거,경기도 수원시 영통구2,경기도 수원시 영통구 매탄동(손약국 부근),4,4,37.273441,127.046825
2024,자전거,경기도 성남시 중원구1,경기도 성남시 중원구 성남동(모란시장사거리 부근),5,5,37.430112,127.130010
2024,자전거,경기도 성남시 중원구2,경기도 성남시 중원구 여수동(성남시청교차로 부근),3,3,37.421391,127.128504
2024,자전거,경기도 용인시 기흥구1,경기도 용인시 기흥구 중동(쥬네브삼거리 부근),4,4,37.276725,127.150642
2024,보행어린이,서울특별시 광진구1,서울특별시 광진구 자양동(서울동자초등학교 부근),5,6,37.534921,127.072302
2024,보행어린이,서울특별시 중랑구1,서울특별시 중랑구 신내동(서울중화초등학교 부근),3,4,37.601835,127.094500
2024,보행어린이,서울특별시 중랑구2,서울특별시 중랑구 면목동(서울중목초등학교 부근),3,3,37.589265,127.077606
2024,보행어린이,서울특별시 노원구1,서울특별시 노원구 중계동(청암고교교차로 부근),5,5,37.651975,127.072524
2024,보행어린이,서울특별시 노원구2,서울특별시 노원구 중계동(서울불암초등학교 부근),3,4,37.650299,127.081297
2024,보행어린이,서울특별시 노원구3,서울특별시 노원구 중계동(원광초교교차로 부근),3,3,37.655566,127.073552
2024,보행어린이,서울특별시 은평구1,서울특별시 은평구 갈현동(서울갈현초등학교 부근),3,3,37.618961,126.916255
2024,보행어린이,서울특별시 은평구2,서울특별시 은평구 역촌동(서울역촌초등학교 부근),3,3,37.601519,126.915111
2024,보행어린이,서울특별시 서대문구1,서울특별시 서대문구 남가좌동(가재울사거리 부근),3,3,37.575642,126.917035
2024,보행어린이,서울특별시 양천구1,서울특별시 양천구 신정동(신정교서단교차로 부근),3,3,37.518030,126.872542
2024,보행어린이,서울특별시 양천구2,서울특별시 양천구 신월동(강월초교입구교차로 부근),3,3,37.516192,126.839571
2024,보행어린이,서울특별시 관악구1,서울특별시 관악구 신림동(난곡우체국앞교차로 부근),3,3,37.476456,126.914321
2024,보행어린이,서울특별시 강남구1,서울특별시 강남구 대치동(대치삼성아파트앞교차로 부근),7,7,37.497830,127.058910
2024,보행어린이,서울특별시 강남구2,서울특별시 강남구 대치동(도성초교교차로 부근),4,4,37.499882,127.051865
2024,보행어린이,서울특별시 강남구3,서울특별시 강남구 대치동(대치역사거리 부근),4,4,37.493694,127.061431
2024,보행어린이,서울특별시 강남구4,서울특별시 강남구 삼성동(포그니어린이집 부근),3,3,37.516421,127.044664
2024,보행어린이,서울특별시 강동구1,서울특별시 강동구 명일동(명일여고앞교차로 부근),3,3,37.549196,127.151332
2024,보행어린이,경기도 성남시 수정구1,경기도 성남시 수정구 창곡동(성남위례파출소 부근),3,3,37.472974,127.148628
2024,보행어린이,경기도 화성시3,경기도 화성시 반송동(솔빛마을사거리 부근),3,3,37.198064,127.072285
2024,보행어린이,경기도 화성시2,경기도 화성시 산척동(청림초등학교 부근),3,3,37.174928,127.113268
2024,보행어린이,경기도 화성시1,경기도 화성시 능동(숲속초교사거리 부근),4,5,37.206664,127.059683
2024,자전거,경기도 화성시1,경기도 화성시 반송동(금곡초교사거리 부근),5,6,37.198609,127.067910
2024,스쿨존어린이,경기도 화성시3,경기도 화성시 장지동(이솔초등학교 부근),2,2,37.163931,127.110536
2024,스쿨존어린이,경기도 화성시2,경기도 화성시 산척동(동탄국제유치원 부근),2,2,37.177395,127.112281
2024,스쿨존어린이,경기도 화성시1,경기도 화성시 병점동(태안초등학교 부근),2,2,37.209915,127.039846
2023,보행노인,경기도 화성시1,경기도 화성시 남양읍(기업은행사거리 부근),5,5,37.208885,126.817816
2023,보행어린이,경기도 화성시3,경기도 화성시 산척동(시립동탄호수사랑어린이집 부근),3,3,37.166412,127.107094
2023,보행어린이,경기도 화성시2,경기도 화성시 석우동(예당초등학교 부근),3,3,37.209707,127.075815
2023,보행어린이,경기도 화성시1,경기도 화성시 반송동(다은마을사거리 부근),3,3,37.201826,127.070039
2023,스쿨존어린이,경기도 화성시2,경기도 화성시 반월동(동학초교 부근),2,2,37.232778,127.060861
2023,스쿨존어린이,경기도 화성시1,경기도 화성시 석우동(예당초교 부근),3,3,37.209707,127.075815
2022,보행노인,경기도 화성시1,경기도 화성시 남양읍 남양리(기업은행사거리 부근),5,5,37.208885,126.817816
2022,보행어린이,경기도 화성시3,경기도 화성시 오산동(동탄역중흥S 1708동 부근),3,3,37.187095,127.085941
2022,보행어린이,경기도 화성시2,경기도 화성시 산척동(우성메디피아 부근),3,3,37.166952,127.108138
2022,보행어린이,경기도 화성시1,경기도 화성시 청계동(피추프라자 부근),4,5,37.200702,127.114162
2022,스쿨존어린이,경기도 화성시2,경기도 화성시 오산동(동탄초교 부근),2,2,37.190219,127.090059
2022,스쿨존어린이,경기도 화성시1,경기도 화성시 장지동(화남초교 부근),2,2,37.163740,127.096622
2021,보행어린이,경기도 화성시1,경기도 화성시 청계동(청계중앙공원숲골 부근),4,4,37.200736,127.113553
2021,자전거,경기도 화성시2,경기도 화성시 반송동(다은마을사거리 부근),5,5,37.200737,127.071114
2021,자전거,경기도 화성시1,경기도 화성시 반송동(투썸플레이스화성동탄 부근),5,5,37.205371,127.073621
2020,자전거,경기도 화성시2,경기도 화성시 반송동(잎새지하차도사거리 부근),4,4,37.209718,127.070208
2020,자전거,경기도 화성시1,경기도 화성시 남양읍(동부한농종묘농약사 부근),4,5,37.209896,126.818100
2020,보행노인,경기도 화성시1,경기도 화성시 향남읍(평리22342 부근),3,3,37.131558,126.908141
2020,스쿨존어린이,경기도 화성시1,경기도 화성시 목동(왕배초교 부근),2,2,37.179664,127.114426
2019,보행노인,경기도 화성시3,경기도 화성시 송산면(사강새마을금고앞교차로 부근),3,3,37.213078,126.736801
2019,보행노인,경기도 화성시2,경기도 화성시 우정읍(조암농협하나로마트 부근),4,4,37.082021,126.816142
2019,보행노인,경기도 화성시1,경기도 화성시 진안동(병점사거리 부근),6,6,37.207836,127.034956
2019,보행어린이,경기도 화성시1,경기도 화성시 병점동(늘벗미션힐1차아파트 113동앞 부근),3,3,37.205288,127.040167
2019,스쿨존어린이,경기도 화성시1,경기도 화성시 반송동(반석초교 부근),2,2,37.193686,127.078391
2018,보행노인,경기도 화성시1,경기도 화성시 병점동(병점사거리 부근),5,5,37.207890,127.034854
2018,보행어린이,경기도 화성시2,경기도 화성시 병점동(병점2동주민센터 부근),3,3,37.210728,127.042451
2018,보행어린이,경기도 화성시1,경기도 화성시 향남읍(대통한의원 부근),3,3,37.126061,126.914890
2018,스쿨존어린이,경기도 화성시2,경기도 화성시 향남읍(한울초교 부근),1,1,37.126555,126.917678
2018,스쿨존어린이,경기도 화성시1,경기도 화성시 병점동(태안초교 부근),2,2,37.210869,127.042759
2017,보행노인,경기도 화성시3,경기도 화성시 반송동(휴먼시아사거리 부근),3,4,37.197747,127.065127
2017,보행노인,경기도 화성시2,경기도 화성시 남양읍(남양교차로 부근),5,5,37.208589,126.818033
2017,보행노인,경기도 화성시1,경기도 화성시 병점동(병점사거리 부근),5,5,37.208285,127.034601
2017,보행어린이,경기도 화성시3,경기도 화성시 청계동(동탄중앙고 부근),3,3,37.200930,127.112177
2017,보행어린이,경기도 화성시2,경기도 화성시 봉담읍(동화휴먼시아1단지아파트정문 부근),3,3,37.217209,126.958149
2017,보행어린이,경기도 화성시1,경기도 화성시 향남읍(홈플러스 화성향남점 부근),3,4,37.131600,126.922160
2016,자전거,경기도 화성시1,경기도 화성시 능동(주공4단지아파트 부근),4,4,37.210052,127.060356
2016,보행노인,경기도 화성시1,경기도 화성시 병점동(홈에버주차장입구 부근),3,3,37.203566,127.038117
2016,보행어린이,경기도 화성시2,경기도 화성시 병점동(롯데시네마 부근),3,3,37.214519,127.043059
2016,보행어린이,경기도 화성시1,경기도 화성시 능동(한마음초교사거리 부근),3,3,37.208391,127.052739
2015,자전거,경기도 화성시1,경기도 화성시 반송동((금호어울림앞교차로) 부근),4,4,37.203337,127.067423
2015,보행노인,경기도 화성시5,경기도 화성시 향남읍((발안지구대앞교차로) 부근),3,3,37.132156,126.908020
2015,보행노인,경기도 화성시4,경기도 화성시 병점동(병점사거리 부근),3,4,37.207728,127.034923
2015,보행노인,경기도 화성시3,경기도 화성시 정남면(정남교 부근),3,3,37.169751,126.983384
2015,보행노인,경기도 화성시2,경기도 화성시 봉담읍(평생플러스빌아파트 부근),4,4,37.223236,126.973340
2015,보행노인,경기도 화성시1,경기도 화성시 송산면((송산버스터미널앞교차로) 부근),5,5,37.213687,126.738032
2014,보행노인,경기도 화성시4,경기도 화성시 병점동((기아큐서비스태안점앞교차로) 부근),2,2,37.210996,127.035313
2014,보행노인,경기도 화성시3,경기도 화성시 병점동(홈에버주차장입구 부근),3,3,37.203432,127.038161
2014,보행노인,경기도 화성시2,경기도 화성시 안녕동((화산동사무소앞교차로) 부근),3,4,37.205277,127.014822
2014,보행노인,경기도 화성시1,경기도 화성시 향남읍((발안지구대앞교차로) 부근),4,4,37.131484,126.908277
2014,스쿨존어린이,경기도 화성시1,경기도 화성시 능동(푸른초교 부근),1,1,37.201517,127.055977
2013,보행어린이,경기도 화성시2,경기도 화성시 반송동((한화꿈에그린앞교차로) 부근),3,4,37.196129,127.076302
2013,보행어린이,경기도 화성시1,경기도 화성시 향남읍(- 인근),3,3,37.133081,126.927434
2012,보행어린이,경기도 화성시1,경기도 화성시 능동((서해그랑블앞교차로) 부근),4,4,37.198866,127.072021
2013,자전거,경기도 화성시1,경기도 화성시 반송동((쌍용스윗닷홈앞교차로) 부근),4,4,37.192000,127.070566
2013,보행노인,경기도 화성시1,경기도 화성시 진안동(어린이보호구역 부근),3,3,37.208488,127.034467
